time,state,data,price,simple_return
0.003968253968253968,0,0.0020584260633271277,100.20605460766369,0.002060546076636882
0.007936507936507936,0,-0.006412395188663796,99.56554956567972,-0.006391879657290151
0.011904761904761904,0,0.0048662870679244226,100.05124491998392,0.00487814667244776
0.015873015873015872,0,0.00606388967825353,100.65978783518759,0.006082312275977312
0.01984126984126984,0,-0.012151477559477871,99.44402430357458,-0.012077946494419711
0.023809523809523808,0,-0.00806407096235497,98.64532534557335,-0.008031643566264048
0.027777777777777776,0,0.0009442077324290582,98.73851101092238,0.0009446536368811481
0.031746031746031744,0,-0.0018532521904146768,98.55569310527979,-0.00185153597892865
0.03571428571428571,0,3.3051544854663244e-05,98.5589505770231,3.305209106298954e-05
0.03968253968253968,0,-0.005234782753428938,98.04436393209228,-0.0052211051550175545
0.04365079365079365,0,0.0056785754244624,98.60270002407786,0.0056947290960273995
0.047619047619047616,0,0.005038517538642711,99.10076515878133,0.005051232213537928
0.051587301587301584,0,0.0005548431856581671,99.1557657999776,0.0005549971396106199
0.05555555555555555,0,0.007239841034654852,99.87624270416848,0.0072661120448022885
0.05952380952380952,0,0.0030839209250753037,100.18472856747658,0.0030886811012892264
0.06349206349206349,0,-0.005274144826018847,99.65773075266239,-0.005260260943455803
0.06746031746031746,0,0.0024618004851802394,99.90337043647011,0.0024648332041336896
0.07142857142857142,0,-0.005901503726111941,99.31552661095684,-0.00588412405852874
0.07539682539682539,0,0.005672605642195559,99.88050536338604,0.005688725335388376
0.07936507936507936,0,-0.00017561478836818886,99.86296640966943,-0.00017559936899387866
0.08333333333333333,0,-0.0010256345413881876,99.76059600819787,-0.0010251087580511564
0.0873015873015873,0,-0.004150564051228593,99.34739137402306,-0.004141962364988531
0.09126984126984126,0,0.007840175435620973,100.12935370691321,0.007870990089172816
0.09523809523809523,0,-0.0008345553486865051,100.04582507869634,-0.0008342072042268365
0.0992063492063492,0,-0.0025593227707622584,99.79010289783743,-0.0025560504964371343
0.10317460317460317,0,-0.002079343975096975,99.58282052896004,-0.0020771836370349914
0.10714285714285714,0,0.0034921215688162627,99.93118375375677,0.0034982261292292676
0.1111111111111111,0,0.002440970108917539,100.17541074037,0.002443951701953451
0.11507936507936507,0,0.0027388599561488864,100.45015323029448,0.002742614059617416
0.11904761904761904,0,0.002852806111608574,100.73712718724282,0.0028568792353202118
0.12301587301587301,0,0.013630000669463552,102.11957427343627,0.01372331259381503
0.12698412698412698,0,-0.002421285069291906,101.8726127757126,-0.002418356123013386
0.13095238095238093,0,-0.003087936996883311,101.5585217619649,-0.003083174223078025
0.1349206349206349,0,-0.004987397450802615,101.0532700422991,-0.004974981034580263
0.1388888888888889,0,0.004019194519526811,101.46024008947822,0.004027282313662201
0.14285714285714285,0,0.007250745849893403,102.19857601257355,0.007277096155539931
0.1468253968253968,0,-0.0005789126241655461,102.13942908885042,-0.0005787450865837703
0.15079365079365079,0,-0.005153599445451626,101.61439744717944,-0.0051403424353800116
0.15476190476190477,0,-0.0050548545810235514,101.10204746302234,-0.005042100302995636
0.15873015873015872,0,0.004237238225451675,101.53134980904512,0.004246228012145843
0.16269841269841268,0,0.00482095007440254,102.02200914924558,0.0048325895511410494
0.16666666666666666,0,0.003560439168600313,102.38589972740192,0.0035667850612901442
0.17063492063492064,0,-0.004053428207742718,101.97172581256902,-0.004045224156212976
0.1746031746031746,0,0.001601367757656184,102.13515086335775,0.0016026506316967973
0.17857142857142855,0,0.0008739403948810658,102.22444991277403,0.0008743223920607854
0.18253968253968253,0,0.0015164975591523688,102.37959064709267,0.0015176480230608943
0.1865079365079365,0,0.005628374202593264,102.95744596146531,0.005644243259035384
0.19047619047619047,0,0.0015474084515527515,103.11688651150905,0.0015486063057876275
0.19444444444444442,0,0.004415642340310315,103.57322056410963,0.004425405654093545
0.1984126984126984,0,0.0005645970119859357,103.63171420607574,0.0005647564268792199
0.20238095238095238,0,0.001960169908265631,103.83504919426144,0.0019620922971646873
0.20634920634920634,0,0.004115630915488788,104.2632765412331,0.004124111755082164
0.2103174603174603,0,-0.009040329970179036,103.3249498993469,-0.008999589050082498
0.21428571428571427,0,-0.0018748504915562124,103.13141254972697,-0.0018730940572287667
0.21825396825396826,0,-0.0028241803177399094,102.84056174514086,-0.0028201960721315955
0.2222222222222222,0,-0.003885663264920508,102.44173331052777,-0.003878123843794777
0.22619047619047616,0,-0.0015943443775688767,102.27853603989087,-0.0015930740857556223
0.23015873015873015,0,0.009556133970229416,103.26060836639307,0.009601939610468922
0.23412698412698413,0,-0.005315334467077577,102.71319981424139,-0.0053012330724349615
0.23809523809523808,0,0.006238469189212401,103.35597583114141,0.006257968966622258
0.24206349206349204,0,-0.010462194217309883,102.28028240711217,-0.010407655826177111
0.24603174603174602,0,-0.001970688509065322,102.07891830799495,-0.0019687479774025706
0.25,0,0.0011641368302730537,102.19782133265863,0.0011648147005719261
0.25396825396825395,0,0.003831742464529725,102.59016827060834,0.00383909297510954
0.2579365079365079,0,0.004619195212581581,103.06514845328213,0.00462988014037515
0.26190476190476186,0,0.005136506716650009,103.59590523149957,0.005149721182985527
0.26587301587301587,0,-0.0020578725804025347,103.3829372643089,-0.002055756612337046
0.2698412698412698,0,-0.0027736536387666885,103.0965861072224,-0.0027698106154057734
0.2738095238095238,0,0.005543628919122014,103.66970242779183,0.005559023263616503
0.2777777777777778,0,-0.0010662150834155374,103.55922713304882,-0.0010656468780744627
0.28174603174603174,0,-0.007897179593202717,102.74462209259293,-0.007866078793821618
0.2857142857142857,0,-0.007000149521259793,102.02790586254069,-0.006975705545019507
0.28968253968253965,0,-0.005653116090039917,101.4527574882424,-0.005637167296888546
0.2936507936507936,0,0.003270707199341493,101.78512299138355,0.00327606179831706
0.2976190476190476,0,0.0010360866935032636,101.89063585370903,0.0010366236167384858
0.30158730158730157,0,0.0044885377717357846,102.34900375257814,0.0044986263460679455
0.3055555555555555,0,-0.00255254979968421,102.08808596803861,-0.0025492948145371787
0.30952380952380953,0,0.0011375950687031553,102.20428695351174,0.0011382423754076915
0.3134920634920635,0,0.004079737948480544,102.62210537680886,0.004088071408268115
0.31746031746031744,0,-0.0018098111421542427,102.43654671078565,-0.0018081744215030972
0.3214285714285714,0,0.003016302421339749,102.7459927715005,0.0030208560386995533
0.32539682539682535,0,-0.004030852602551005,102.33267239552018,-0.0040227396206046805
0.32936507936507936,0,-0.002148135374293448,102.11308389935026,-0.002145829782703409
0.3333333333333333,0,-0.0022658338099899563,101.88197454797623,-0.002263268746264499
0.33730158730158727,0,-0.007394192801921153,101.13141788512854,-0.007366923012413797
0.3412698412698413,0,0.0032065271733908635,101.45621898814673,0.003211673580876034
0.34523809523809523,0,-0.0028180679135114536,101.17071095225458,-0.002814100887453439
0.3492063492063492,0,0.00021759443889930716,101.19272753159301,0.00021761811428640682
0.35317460317460314,0,0.003167308181960866,101.51374419644763,0.0031723294023719346
0.3571428571428571,0,0.002951770899394694,101.81383219007114,0.002956131664720385
0.3611111111111111,0,0.004330421089906996,102.2556849700412,0.004339810912384105
0.36507936507936506,0,-0.00048151134863882295,102.2064595495157,-0.0004813954406538055
0.369047619047619,0,-0.0025276398350688447,101.94844465269323,-0.0025244480433006264
0.373015873015873,0,-0.0003632886373523703,101.91141466784879,-0.00036322265602568626
0.376984126984127,0,-0.010490318946465604,100.8479193789228,-0.01043548745145128
0.38095238095238093,0,-0.008977062828185646,99.94665268699843,-0.008936889302971433
0.3849206349206349,0,-0.008193335476661793,99.13110183500179,-0.008159861586867576
0.38888888888888884,0,-0.006143175638686407,98.52398877555012,-0.006124344915102051
0.39285714285714285,0,0.002657229804325473,98.7861377958104,0.002660763368579542
0.3968253968253968,0,-0.0055650930107787495,98.23791063327053,-0.005549636566145453
0.40079365079365076,0,-0.002243311285266467,98.01777942343611,-0.002240796943007381
0.40476190476190477,0,0.008323257870411983,98.83701128702818,0.008357992482700404
0.4087301587301587,0,-0.002105363179017885,98.62914237929492,-0.0021031484564978374
0.4126984126984127,0,0.00478480027508494,99.10219395301725,0.004796265711234708
0.41666666666666663,0,-0.005742349684728287,98.53474530438046,-0.005725893908119048
0.4206349206349206,0,-0.0011552460827068012,98.42097915246036,-0.0011545790428407873
0.4246031746031746,0,-0.005845687533301461,97.8473192135844,-0.005828634746534569
0.42857142857142855,0,-0.0019968187422020017,97.6521307955062,-0.001994826425976159
0.4325396825396825,0,0.005432332594546386,98.18405312997564,0.005447114467817751
0.4365079365079365,0,-0.010742207002277302,97.13498445147118,-0.010684715542509984
0.44047619047619047,0,0.0028755006138148614,97.41469812456918,0.002879638831236481
0.4444444444444444,0,0.0016364824164063995,97.57424607825314,0.0016378221844919637
0.4484126984126984,0,-0.0036039040260010214,97.22323075266941,-0.003597417758188497
0.45238095238095233,0,-0.008970419359024213,96.35499763108449,-0.008930305183887812
0.45634920634920634,0,0.0005932620784136836,96.41217835714572,0.0005934380931664306
0.4603174603174603,0,-0.0031966016568365807,96.10447908608252,-0.0031914979653648663
0.46428571428571425,0,0.0016046112489966266,96.25881320431947,0.0016058993264892393
0.46825396825396826,0,0.00027654446667037274,96.28543672760372,0.00027658270861651403
0.4722222222222222,0,0.010229147464479124,97.275409314188,0.01028164403911789
0.47619047619047616,0,-0.0013689098377716868,97.14233915071266,-0.0013679733080900224
0.4801587301587301,0,-0.0063085392848625885,96.53144184879366,-0.006288682229189414
0.4841269841269841,0,0.0012682192370498662,96.65394254277578,0.0012690237671373753
0.4880952380952381,0,0.0015247377342416512,96.8014268650167,0.0015259007378374712
0.49206349206349204,0,0.00870096581549624,97.64736768518985,0.00873892924484234
0.496031746031746,0,0.0053995952549919365,98.17604999915744,0.005414199343007125
0.5,0,0.0023869652522837065,98.41067272586093,0.0023898163218582123
0.503968253968254,0,0.009356830657766893,99.3358061341615,0.00940074264991231
0.5079365079365079,0,-0.007349614467110707,98.608402598404,-0.007322672096455175
0.5119047619047619,0,-0.003891166959987841,98.22544639669617,-0.0038836061797644737
0.5158730158730158,0,-0.005697990901050575,97.66735022032317,-0.005681788139898685
0.5198412698412698,0,-0.0023166820581711186,97.44134791122573,-0.0023140006213703316
0.5238095238095237,0,-0.008533418682114836,96.61337782459195,-0.00849711241051509
0.5277777777777778,0,0.004139963770455856,97.01418279509602,0.004148545258729681
0.5317460317460317,0,-0.0012609825211048946,96.89192670388891,-0.001260187816716841
0.5357142857142857,0,-0.009126319877783635,96.01168279057299,-0.009084801420101781
0.5396825396825397,0,-0.006258657981574506,95.41265501609752,-0.006239113377297698
0.5436507936507936,0,0.002113840491099028,95.61455546712835,0.002116076226962059
0.5476190476190476,0,0.0054185899980427575,96.13405775490342,0.005433297108761295
0.5515873015873015,0,0.012717111209214397,97.3644119524109,0.012798317539495587
0.5555555555555556,0,0.018494497078652684,99.18187248976798,0.01866657951208516
0.5595238095238095,0,0.0027494229398591307,99.45494062308687,0.0027532060694568108
0.5634920634920635,0,-0.006094615345450861,98.85064436292888,-0.006076080850002365
0.5674603174603174,0,-0.013291740259909316,97.54544070338989,-0.013203795159360673
0.5714285714285714,0,0.0018253125852775137,97.72365422215111,0.0018269794823429421
0.5753968253968254,0,-0.0049821586557196335,97.23799030433716,-0.004969768288749222
0.5793650793650793,0,-0.002477615910350632,96.99737011775875,-0.0024745491533225343
0.5833333333333333,0,-0.0037169585125656985,96.63750413498616,-0.0037100591731069233
0.5873015873015872,0,-0.0007480103309256283,96.56524531208048,-0.0007477306409393891
0.5912698412698413,0,0.006853933158353992,97.22937038344519,0.006877475112482999
0.5952380952380952,0,0.0011282018727444517,97.33912664316453,0.0011288385318814489
0.5992063492063492,0,-0.000860416654148319,97.25541045806519,-0.0008600466018796055
0.6031746031746031,0,-0.006385116526225051,96.63640165422244,-0.006364774987091032
0.6071428571428571,0,-0.010410622055323164,95.63557525172546,-0.01035661909347655
0.611111111111111,0,-0.00292456298732979,95.35629157848014,-0.0029202906189480264
0.615079365079365,0,-0.00019990933573008594,95.33723087084314,-0.00019988935519028425
0.6190476190476191,0,0.011275800523946708,96.41831807605979,0.011339611978883737
0.623015873015873,0,0.0009595412364726983,96.51087982951282,0.0009600017434449754
0.626984126984127,0,0.006329565912041816,97.12368916723584,0.006349639945315574
0.6309523809523809,0,-0.003006377740739066,96.83213714737107,-0.0030018631125382045
0.6349206349206349,0,-0.007325555214767437,96.12537983559122,-0.007298788734820942
0.6388888888888888,0,-0.00594077525160328,95.55601347135979,-0.005923163738913201
0.6428571428571428,0,-0.004429605899357975,95.13367407947307,-0.004419809664969794
0.6468253968253967,0,0.013546987901154687,96.43121787244814,0.013639164108085083
0.6507936507936507,0,-0.005035360833608516,95.9468723454599,-0.005022704655964041
0.6547619047619048,0,0.005420874389124459,96.46840058087145,0.0054355939142418565
0.6587301587301587,0,-0.005549017694967305,95.93457818377635,-0.005533650334002926
0.6626984126984127,0,0.006007247270232751,96.51261538458786,0.00602532696505074
0.6666666666666666,0,0.002563852039532147,96.76037692663128,0.002567141518817774
0.6706349206349206,0,-0.0008478371184713347,96.67837465467268,-0.0008474778061348919
0.6746031746031745,0,-0.00011789088959951402,96.66697782688395,-0.00011788394074166043
0.6785714285714285,0,-0.003985885881709377,96.28244115348853,-0.003977952782221508
0.6825396825396826,0,0.0029488796315095627,96.56678552568958,0.002953231854058774
0.6865079365079365,0,-0.002727237634026228,96.303783751189,-0.0027235220999523024
0.6904761904761905,0,-0.007581701721433768,95.57639808303563,-0.007553033118954431
0.6944444444444444,0,-0.00791136114138453,94.82324185497642,-0.00788014868906133
0.6984126984126984,0,0.001226090578382235,94.93957504136472,0.001226842534726227
0.7023809523809523,0,0.010086228798266365,95.90200279135743,0.010137266251438761
0.7063492063492063,0,0.0011467413207252308,96.01204066112618,0.0011473990799560946
0.7103174603174602,0,-0.0006084623178914212,95.95363872181154,-0.0006082772422343653
0.7142857142857142,0,0.001939424326007838,96.13991411804753,0.0019413062257700687
0.7182539682539683,0,0.008365926556444771,96.9475873354483,0.008401018711220091
0.7222222222222222,0,0.0015208687474794896,97.09514406994124,0.001522025854881495
0.7261904761904762,0,-0.002449709348564687,96.85758028772517,-0.0024467112592672807
0.7301587301587301,0,0.00710785271045295,97.54848220805971,0.007133173452012164
0.7341269841269841,0,0.0028398005774298374,97.82589415503357,0.002843836630714139
0.738095238095238,0,0.009813242291981024,98.79060910578086,0.009861550043370573
0.742063492063492,0,0.0012931573472508904,98.91844354499324,0.0012939938357448193
0.746031746031746,0,-0.007574540982617072,98.17201224644437,-0.007545926439990669
0.75,0,-0.00847970395670468,97.3430622382505,-0.00844385267476161
0.753968253968254,0,0.010538757320255514,98.37436191135423,0.010594485620141729
0.7579365079365079,0,0.010996962318887702,99.4621512893748,0.011057651169324379
0.7619047619047619,0,-0.0009919758585009316,99.36353615646334,-0.000991484013095373
0.7658730158730158,0,-0.0022749643427274636,99.13774458600724,-0.002272378572563778
0.7698412698412698,0,0.009345122584716673,100.06854139310167,0.009388924581463958
0.7738095238095237,0,-0.006834843407956236,99.38692062173077,-0.006811538989993411
0.7777777777777777,0,-0.005497361547890375,98.84205382303578,-0.005482278707162789
0.7817460317460317,0,0.004191466771011555,99.25721646962089,0.004200263253618674
0.7857142857142857,0,-0.002346889732917214,99.02454386264127,-0.002344137940346838
0.7896825396825397,0,0.00010662416129430144,99.03510283448888,0.00010662984585222257
0.7936507936507936,0,-0.0008907045945764112,98.94693108668957,-0.0008903080349868996
0.7976190476190476,0,0.002265408662857499,99.1713404149809,0.0022679766398686894
0.8015873015873015,0,0.009005191221913643,100.06843047056095,0.009045859941251556
0.8055555555555555,0,0.0007095201655506917,100.13945623404096,0.0007097719345248872
0.8095238095238095,0,0.004195321999740311,100.56045599510975,0.00420413468278561
0.8134920634920635,0,-0.01277598140685129,99.28386966492207,-0.01269471501053813
0.8174603174603174,0,-0.0001680081963005903,99.26719056221019,-0.00016799408371393268
0.8214285714285714,0,-0.005172962523388999,98.75501099063462,-0.0051596057939666245
0.8253968253968254,0,-0.007538911712440778,98.01330502243381,-0.007510565395725876
0.8293650793650793,0,-0.005392951054244958,97.48614681264638,-0.005378435199861898
0.8333333333333333,0,-0.0019658909475196483,97.29468793441796,-0.001963959849560827
0.8373015873015872,0,0.0059085325847122545,97.87125843381432,0.005926022392764182
0.8412698412698412,0,-0.008216599853839629,97.07038420336198,-0.008182935861542381
0.8452380952380952,0,0.0003318491548211395,97.10260227379202,0.00033190422284317436
0.8492063492063492,0,-0.0029110918563961473,96.82033872597148,-0.00290685873716056
0.8531746031746031,0,-0.0019252575849414667,96.63411395730884,-0.0019234054653503824
0.8571428571428571,0,0.0064556694388411134,97.25996983929912,0.006476552185978272
0.861111111111111,0,0.003528697514977538,97.60377709232871,0.003534930697569171
0.865079365079365,0,0.008563705070274465,98.44321627773691,0.008600478489824257
0.869047619047619,0,-0.0008344054050214666,98.3611089861348,-0.0008340573856346515
0.873015873015873,0,-0.004245137485524154,97.94443759467428,-0.004236139626274801
0.876984126984127,0,-0.0012712891069562296,97.82000101226836,-0.0012704813612885127
0.8809523809523809,0,0.001666475087543153,97.98315151238316,0.0016678644288122021
0.8849206349206349,0,0.0012511964951459934,98.10582441608871,0.0012519795680393574
0.8888888888888888,0,-0.006692113882097382,97.4514809790277,-0.006669771554906241
0.8928571428571428,0,0.0007089209326505478,97.52059086764051,0.0007091722764857158
0.8968253968253967,0,0.0015765922310010093,97.67446233797496,0.0015778357059308746
0.9007936507936507,0,0.01599748468740422,99.24957336921756,0.016126129528027902
0.9047619047619047,0,0.011961898629276962,100.44391576498545,0.012033728259211809
0.9087301587301587,0,-0.005236039000154308,99.91936199514458,-0.005222354841961713
0.9126984126984127,0,-0.0016714561244370206,99.75249066349257,-0.0016700600196000537
0.9166666666666666,0,-0.009079929194509303,98.8508447465176,-0.009038831120684184
0.9206349206349206,0,-0.0035822155317038347,98.49737319876554,-0.003575807052114853
0.9246031746031745,0,0.002127013536573861,98.70710141318098,0.0021292772345538036
0.9285714285714285,0,0.007735052694643718,99.47356654651489,0.0077650454968337165
0.9325396825396824,0,-0.004453907586316244,99.03150565379134,-0.004444003649118664
0.9365079365079365,0,-0.003981846352629224,98.63796145045715,-0.003973929314070845
0.9404761904761905,0,-0.013387760553172205,97.32622027163255,-0.01329854307140623
0.9444444444444444,0,-0.0008858100933663921,97.2400458960674,-0.0008854178794232086
0.9484126984126984,0,-0.006553692832709576,96.60484822296856,-0.006532264225561388
0.9523809523809523,0,-0.003196266013689863,96.29656636769768,-0.0031911633933664205
0.9563492063492063,0,-0.005384814809820668,95.77942080712809,-0.00537034268277971
0.9603174603174602,0,-0.00045490938848730106,95.73585975829538,-0.0004548059328996682
0.9642857142857142,0,-0.01093375919665221,94.69480859378486,-0.010874202907236799
0.9682539682539681,0,-0.009102627495359415,93.83674825198439,-0.009061324000150146
0.9722222222222222,0,0.013551884932292134,95.11706885086967,0.013644127942787873
0.9761904761904762,0,-0.00797111106896808,94.3618939206868,-0.007939426007405988
0.9801587301587301,0,-0.0067702108305232505,93.72520170667494,-0.006747344585379067
0.9841269841269841,0,0.011710356450480318,94.8292087689276,0.0117791911049471
0.988095238095238,0,0.018439091916861522,96.59399378036588,0.018610141688923842
0.992063492063492,0,-0.007241287168763899,95.8970553437038,-0.00721513221874621
0.9960317460317459,0,-0.002180861492587539,95.6881450334785,-0.0021784851419737027
1.0,0,0.002290486619132322,95.90756864678164,0.002293111787530269
1.003968253968254,0,0.011028660458223094,96.9711548418371,0.011089700323573854
1.007936507936508,0,-0.0060777263708370185,96.38357807095716,-0.006059294352410783
1.0119047619047619,0,-0.0014062163074835769,96.24813716362539,-0.0014052280486213822
1.0158730158730158,0,0.005035655343663009,96.73403198250239,0.005048355565063508
1.0198412698412698,0,0.002877657725856655,97.01280032455536,0.002881802157315141
1.0238095238095237,0,-0.0022306716316395415,96.79663780639746,-0.0022281855325759015
1.0277777777777777,0,-0.000704116548775078,96.72850568114553,-0.0007038687168888722
1.0317460317460316,0,-0.008522140605330372,95.9076743430877,-0.008485930101759489
1.0357142857142856,0,-0.0013614646715447605,95.77718827897836,-0.0013605382989743638
1.0396825396825395,0,-0.0015391945657358696,95.62988194689298,-0.0015380106133025646
1.0436507936507935,0,0.0016014217219088604,95.78314840647015,0.0016027046824367756
1.0476190476190474,0,-0.0033593437712545983,95.46191974432628,-0.0033537074891373912
1.0515873015873016,0,0.0031093023751776073,95.7592016482872,0.003114141269703415
1.0555555555555556,0,0.006518398895395224,96.38543713150726,0.006539689893407687
1.0595238095238095,0,0.0011180016209287268,96.49325646631925,0.001118626817709556
1.0634920634920635,0,0.0023547459810259468,96.72074130356884,0.0023575205727356667
1.0674603174603174,0,0.0004737361044704046,96.76657226580909,0.0004738483351406178
1.0714285714285714,0,0.00013942051539425523,96.7800644517092,0.00013943023488600524
1.0753968253968254,0,-0.004406499476004389,96.35454137057215,-0.004396805101833905
1.0793650793650793,0,0.002132615335952161,96.56024781157953,0.0021348909774395086
1.0833333333333333,0,-0.00047395907611469233,96.51449304953621,-0.0004738467752544813
1.0873015873015872,0,0.013324609835631683,97.8091170382023,0.01341377805301865
1.0912698412698412,0,0.010050093165064541,98.79706394046815,0.010100764961204595
1.0952380952380951,0,0.0025694937038796377,99.05124879756963,0.002572797682071119
1.099206349206349,0,-0.004667919713414015,98.58996298084551,-0.004657041908344035
1.103174603174603,0,-0.006868644707404967,97.91510389029636,-0.006845109483206691
1.107142857142857,0,0.007642384197937015,98.66627544775129,0.007671661751966417
1.1111111111111112,0,0.0017940534291609057,98.84344689756367,0.001795663705844397
1.1150793650793651,0,0.003163508029418339,99.1566340593376,0.0031685172017372402
1.119047619047619,0,-0.0108509698308775,98.08650488437112,-0.01079231041995732
1.123015873015873,0,0.0059812021710658175,98.6749381151418,0.005999125276859752
1.126984126984127,0,0.003001467949853331,98.97155269624882,0.003005976864772978
1.130952380952381,0,-0.0068561669185776735,98.29530808276499,-0.006832717028894975
1.1349206349206349,0,-0.0028314382004210664,98.01738463974092,-0.002827433459896436
1.1388888888888888,0,0.0018001511250235324,98.19398965513926,0.0018017723697425418
1.1428571428571428,0,0.0004693986520755391,98.24009260100914,0.0004695088368623467
1.1468253968253967,0,-0.001701616582289806,98.07306777680051,-0.00170016965361555
1.1507936507936507,0,-0.0005130259228142534,98.0227666546941,-0.0005128943475169883
1.1547619047619047,0,-0.0014484193938479808,97.88089135070732,-0.0014473709407387754
1.1587301587301586,0,0.0010999423803517787,97.98861392478192,0.0011005475388313059
1.1626984126984126,0,0.00940841702405,98.91488219464263,0.009452815309457185
1.1666666666666665,0,-0.01602953952813249,97.34196244968967,-0.0159017501720091
1.1706349206349205,0,-0.001353127534569426,97.21033543418304,-0.0013522124702864493
1.1746031746031744,0,0.0012508126276158818,97.33200342534603,0.0012515952199887105
1.1785714285714286,0,0.002003475760988609,97.52720120669662,0.002005484059519569
1.1825396825396826,0,-0.0022039527566702563,97.31249255352147,-0.0022015258360603067
1.1865079365079365,0,-0.01092741815675024,96.25490711835712,-0.010867930801203551
1.1904761904761905,0,0.002205066224745723,96.4673897460462,0.0022074991712141886
1.1944444444444444,0,0.011020172445537922,97.53635629598418,0.011081118217794225
1.1984126984126984,0,-0.00952352973741646,96.61187505595404,-0.009478324546230859
1.2023809523809523,0,0.005580493888356277,97.15252417573087,0.005596093849371156
1.2063492063492063,0,-0.0019306254915758343,96.9651399785435,-0.0019287630329443179
1.2103174603174602,0,-0.0002474181786750423,96.94115200786737,-0.0002473875733216319
1.2142857142857142,0,-0.006493748289951417,96.31368009509556,-0.006472709471421986
1.2182539682539681,0,-0.0019679869599306477,96.12432241644136,-0.0019660517432952885
1.222222222222222,0,0.008328400057620327,96.92822720241122,0.008363177661602349
1.226190476190476,0,0.003809271913621347,97.29815731079228,0.003816536411097182
1.23015873015873,0,0.011051426272664523,98.37940437917598,0.011112718866091999
1.234126984126984,0,0.007555886624426435,99.12556340139483,0.00758450436783496
1.2380952380952381,0,0.0029048749756720397,99.4139294007801,0.0029090982133198624
1.242063492063492,0,0.011124643791315655,100.52604844796798,0.0111867527406992
1.246031746031746,0,0.0029042858538418414,100.81842920154506,0.0029085073778504374
1.25,0,0.00535472413723841,101.35973204817766,0.005369086296221324
1.253968253968254,0,-0.0017293325138209455,101.18459884337321,-0.0017278380799311027
1.257936507936508,0,0.0005580881259254461,101.24108452704276,0.0005582438860782118
1.2619047619047619,0,-0.004254468241740604,100.81127250727457,-0.004245430812758133
1.2658730158730158,0,0.006372681727847909,101.45576204377319,0.006393030466430121
1.2698412698412698,0,-0.0072837262437023325,100.71947077440278,-0.007257264196120326
1.2738095238095237,0,0.005067232803563553,101.23113504683462,0.005080092940299682
1.2777777777777777,0,-0.0010620998857542691,101.1236745468607,-0.0010615360573023205
1.2817460317460316,0,0.0075170520629882975,101.8866906963735,0.007545376025266901
1.2857142857142856,0,0.004868918915968589,102.38397837627936,0.004880791362512915
1.2896825396825395,0,0.011607881647409687,103.57936400486332,0.011675514543795978
1.2936507936507935,0,0.004742336739300534,104.0717388089964,0.0047535994149369536
1.2976190476190474,0,-0.009764033890732245,103.06052362763366,-0.009716520478423153
1.3015873015873014,0,-0.0002828764562905137,103.03137435494233,-0.00028283645051807127
1.3055555555555556,0,-0.007244062459646503,102.28770548776193,-0.007217887481714822
1.3095238095238095,0,-0.003125967235965684,101.96845671233724,-0.0031210864873967544
1.3134920634920635,0,0.00965873319522216,102.95811455674105,0.009705529301044244
1.3174603174603174,0,0.004154974403247423,103.38679284426863,0.004163618276938234
1.3214285714285714,0,-0.004263958962909098,102.94689432338973,-0.004254881196880992
1.3253968253968254,0,-0.006246930280893562,102.30579678259247,-0.00622745877873027
1.3293650793650793,0,0.0003453966631908131,102.34113896661117,0.0003454563194864489
1.3333333333333333,0,-0.007524719706858857,101.57394067743326,-0.007496479880179353
1.3373015873015872,0,-0.004088897465468868,101.15946320425788,-0.004080549306358837
1.3412698412698412,0,0.002104363813701445,101.37256365984182,0.002106579541191309
1.3452380952380951,0,0.007416670637026969,102.12720558221876,0.007444242259761461
1.349206349206349,0,0.003973725706182751,102.53383847304936,0.003981631422424129
1.353174603174603,0,-0.014294878304925315,101.07855605386078,-0.01419319164151931
1.357142857142857,0,0.002056219061213296,101.28660953596166,0.0020583345293339493
1.361111111111111,0,0.0005926577479859371,101.34665562150172,0.0005928334042887034
1.3650793650793651,0,0.002746152615464366,101.62535150046841,0.002749926746547301
1.369047619047619,0,0.010320052898850714,102.67956089578206,0.010373488305315117
1.373015873015873,0,-0.012858290577527291,101.36772929568878,-0.012775975945443689
1.376984126984127,0,-0.0035847126877162016,101.0050056288444,-0.003578295275672398
1.380952380952381,0,0.0038612488370957324,101.39576501348562,0.003868713062371703
1.3849206349206349,0,-0.009824219339510354,100.40450791408787,-0.009776119340545585
1.3888888888888888,0,0.009436493957822475,101.35645892227123,0.00948115804718579
1.3928571428571428,0,0.0024593174388700284,101.60603339487679,0.002462344040618841
1.3968253968253967,0,0.005471866723344777,102.16353195579336,0.005486864729281894
1.4007936507936507,0,-0.0034577181135285063,101.81088928163291,-0.003451747090273172
1.4047619047619047,0,0.005265118292757605,102.34834931090946,0.00527900338626674
1.4087301587301586,0,0.006869627031967988,103.05386483773822,0.006893277044318629
1.4126984126984126,0,0.0016058825248318398,103.21949019023351,0.0016071726446748292
1.4166666666666665,0,0.0016154757202514727,103.38637353219222,0.0016167813041045157
1.4206349206349205,0,0.001841891221667638,103.57697546616998,0.0018435885452390232
1.4246031746031744,0,-0.005299675077981647,103.0295031447319,-0.0052856565754515064
1.4285714285714284,0,-0.000790454442457641,102.94809519514337,-0.0007901421156436334
1.4325396825396826,0,-0.0008219127544509204,102.86351560593903,-0.0008215750766831802
1.4365079365079365,0,0.002554043220477888,103.12656925280403,0.002557307567366675
1.4404761904761905,0,0.006437189631977172,103.79255577622325,0.006457952865537243
1.4444444444444444,0,-0.006529261650881473,103.11707461847205,-0.006507992338174088
1.4484126984126984,0,-0.000648593982213339,103.05021518906666,-0.0006483836906035388
1.4523809523809523,0,0.009471181644847556,104.03085909336585,0.009516175220982718
1.4563492063492063,0,-0.004545276661761203,103.5590830459774,-0.004534962524581473
1.4603174603174602,0,-0.0050407993522271766,103.03837597974498,-0.005028115843795478
1.4642857142857142,0,0.0014132981085885675,103.18410287514565,0.0014142972850163795
1.4682539682539681,0,0.005458015614531889,103.74882304364438,0.005472937717761098
1.472222222222222,0,0.00021086627336486813,103.77070247806185,0.00021088850722025213
1.476190476190476,0,0.008510553709131358,104.65761732994835,0.008546871426199754
1.48015873015873,0,0.005536183657192795,105.23862792733341,0.005551536641172984
1.484126984126984,0,0.0054418568547338,105.81288256471514,0.005456690653343596
1.488095238095238,0,0.003629494745700184,106.19762765879862,0.003636089337686674
1.492063492063492,0,0.014801725179232256,107.78122684547066,0.014911813206976116
1.496031746031746,0,-0.0011535082713434019,107.65697198708989,-0.0011528432364097169
1.5,0,-0.012482115232497095,106.32153712180948,-0.012404536748819025
1.503968253968254,0,0.010244741460948564,107.41637235765873,0.010297398490345284
1.507936507936508,0,-0.002744346514748108,107.12198874063982,-0.002740584238301969
1.5119047619047619,0,0.0008184718104574848,107.20970095879663,0.0008188068499102893
1.5158730158730158,0,0.00838828279692525,108.11278863106021,0.008423563018897202
1.5198412698412698,0,-0.009954397495450162,107.04192967912542,-0.0099050164693201
1.5238095238095237,0,-0.007745747438996018,106.21601272785009,-0.007715826440640198
1.5277777777777777,0,-0.009948213971851612,105.16459165819896,-0.009898894174695975
1.5317460317460316,0,-0.004863699517060481,104.6543445347317,-0.004851890882870751
1.5357142857142856,0,0.0029083391907018595,104.95915790189638,0.0029125725121092916
1.5396825396825395,0,0.0034409619183317663,105.32094045023737,0.003446888823929179
1.5436507936507935,0,0.001879252632155115,105.51905119656652,0.0018810195340278233
1.5476190476190474,0,-0.008760699657624335,104.59866796799294,-0.008722436547112172
1.5515873015873014,0,-0.01441339491150548,103.10185902148969,-0.014310019196050173
1.5555555555555554,0,0.0004812842931928533,103.15149226972908,0.000481400129060873
1.5595238095238095,0,-0.0028330207766527286,102.8596755056409,-0.0028290115602503754
1.5634920634920635,0,0.003032747240802328,103.17209641007942,0.0030373506712195663
1.5674603174603174,0,0.00456078109574953,103.64371641729915,0.004571197287153869
1.5714285714285714,0,0.001009728055823899,103.74842123837723,0.001010238002818744
1.5753968253968254,0,0.004927277239404931,104.26087994924883,0.0049394362319417
1.5793650793650793,0,0.0015827848259742667,104.42603315449021,0.0015840380910060027
1.5833333333333333,0,0.003477982674113048,104.789857409009,0.003484037873778525
1.5873015873015872,0,-0.004300135418516241,104.34021428768763,-0.004290903074391547
1.5912698412698412,0,-0.0009925566673652689,104.23670209168026,-0.0009920642459285045
1.5952380952380951,0,0.0013784617834515492,104.38048748051051,0.0013794122985951926
1.599206349206349,0,0.005307732435559045,104.93598408911264,0.0053218434020611246
1.603174603174603,0,-0.002341447355476041,104.6905694315446,-0.002338708305814064
1.607142857142857,0,0.003421934008263108,105.04942729521635,0.003427795508423484
1.611111111111111,0,-0.001535738092639542,104.88822270380832,-0.0015345594503341211
1.615079365079365,0,-0.0006015571666200978,104.82514541594625,-0.0006013762673833042
1.619047619047619,0,0.005364367681718019,105.38897698608518,0.005378781664472228
1.623015873015873,0,-0.012416211324795428,104.0885351633148,-0.01233944820379116
1.626984126984127,0,-0.00802811911530816,103.25624533555707,-0.007995979830553522
1.630952380952381,0,-0.009198001488551908,102.31084878200265,-0.009155829271944924
1.6349206349206349,0,-0.014561510893516148,100.83184265847831,-0.014456004823845826
1.6388888888888888,0,-0.00413377547251361,100.4158867868626,-0.004125243183589492
1.6428571428571428,0,0.004859878704986314,100.90508357238309,0.004871707069208989
1.6468253968253967,0,-0.0016557120447613708,100.73815204354139,-0.0016543421097507277
1.6507936507936507,0,0.0013848492903489559,100.87775584471134,0.0013858086369264767
1.6547619047619047,0,0.007000314174500963,101.58640933344806,0.007024873648335992
1.6587301587301586,0,0.00850252537729251,102.4538327760009,0.008538774509743321
1.6626984126984126,0,-0.0002966391621729726,102.42344546414104,-0.0002965951691268329
1.6666666666666665,0,0.008665678512619278,103.31487093959831,0.00870333419675261
1.6706349206349205,0,0.0007192322873080417,103.3892050590821,0.0007194909968699673
1.6746031746031744,0,-0.005136224083907939,102.8595363470622,-0.005123056238968075
1.6785714285714284,0,-0.003605481375699345,102.48934596274188,-0.0035989894322614653
1.6825396825396823,0,-0.009187614490153704,101.55202582416509,-0.009145537321679558
1.6865079365079365,0,-0.005455828510912679,100.99948404351503,-0.005440972508089351
1.6904761904761905,0,-0.0021164042583871195,100.78595434267737,-0.0021141662540137382
1.6944444444444444,0,0.005200998695014602,101.31150747556785,0.00521454736741921
1.6984126984126984,0,0.01097871992900269,102.42990620134258,0.011039207229686805
1.7023809523809523,0,-0.008568036245487413,101.55603209092267,-0.008531435230470686
1.7063492063492063,0,0.002613469339295709,101.82179279447095,0.002616887427330233
1.7103174603174602,0,-0.006415921804554826,101.1706033579525,-0.0063953837252980535
1.7142857142857142,0,0.0031291994702223667,101.48768219911979,0.0031341005256779486
1.7182539682539681,0,-0.0006868793918732985,101.41799633731927,-0.0006866435442265286
1.722222222222222,0,-0.011394733704377541,100.26892439355451,-0.01133005960739872
1.726190476190476,0,0.0059866102757927765,100.87099575180123,0.006004565840196034
1.73015873015873,0,-0.003672257370893759,100.50125080895359,-0.003665522879911532
1.734126984126984,0,-0.0032243664817171343,100.1777198160194,-0.0032191737946542505
1.738095238095238,0,-0.006599917884168741,99.51873211582844,-0.0065781862613881695
1.7420634920634919,0,-0.0039827083423104835,99.12316626579093,-0.0039747878778960055
1.746031746031746,0,0.0028343453042712287,99.40451407671326,0.002838365858572183
1.75,0,-0.0010532384043112286,99.29987254084124,-0.0010526839434199893
1.753968253968254,0,0.0022092648970698124,99.51949477604808,0.002211707120937849
1.757936507936508,0,0.002418782268734521,99.7605021200497,0.0024217098825105353
1.7619047619047619,0,0.008458275333142177,100.60788255088691,0.008494147611822326
1.7658730158730158,0,-0.0020204608922163875,100.40481347438961,-0.002018421135089004
1.7698412698412698,0,-0.009164440885338692,99.48886299436454,-0.009122575385877874
1.7738095238095237,0,0.006861758193276615,100.17387903461236,0.0068853539947147805
1.7777777777777777,0,-0.0019492903157032927,99.9788012557067,-0.0019473916831982015
1.7817460317460316,0,0.007160161321134799,100.69723458126735,0.007185856566965303
1.7857142857142856,0,0.0025539376980190775,100.95473772828215,0.0025572017750600637
1.7896825396825395,0,-0.0006871999026950926,100.88538547449893,-0.0006869638349203078
1.7936507936507935,0,0.0023359705054143893,101.12132622742543,0.0023387010102277634
1.7976190476190474,0,0.012429112790930891,102.38601781280052,0.01250667522428257
1.8015873015873014,0,0.013222636407459352,103.7488209690923,0.013310442044766562
1.8055555555555554,0,0.0005759489585096003,103.80859220541443,0.0005761148489576194
1.8095238095238093,0,0.0011479947752909524,103.9278323573368,0.0011486539735209075
1.8134920634920635,0,0.006918564621358059,104.64935686033765,0.006942553179788056
1.8174603174603174,0,-0.005188274887683598,104.10781328337818,-0.005174839035868918
1.8214285714285714,0,0.0022370350199163182,104.34096679659577,0.002239539049609054
1.8253968253968254,0,-2.4031739401062883e-05,104.33845933180234,-2.40314506411267e-05
1.8293650793650793,0,0.0021163247508359444,104.55950721780346,0.0021185657466742517
1.8333333333333333,0,-0.005110841137161047,104.02648344718594,-0.005097803009985551
1.8373015873015872,0,-0.009874445109796492,103.00433452846143,-0.0098258528487451
1.8412698412698412,0,-0.012919679310132874,101.68211130070564,-0.012836578516901623
1.8452380952380951,0,-0.006899969401361111,100.98292280767242,-0.006876219268948374
1.849206349206349,0,-0.002750493817018647,100.70555153171962,-0.002746714674529956
1.853174603174603,0,-0.0017080445034184186,100.53368878435555,-0.001706586625563807
1.857142857142857,0,0.012342298145634307,101.78219441040913,0.012418778631823502
1.861111111111111,0,0.00710599224236741,102.50803374436232,0.007131299714628083
1.865079365079365,0,-0.005921715474026483,101.90280410221179,-0.00590421667495698
1.8690476190476188,0,0.0023292462554135537,102.14043747296469,0.002331961056877249
1.873015873015873,0,-0.0024254629623723825,101.89299982164654,-0.0024225239037542726
1.876984126984127,0,-0.0016524349142395412,101.72476730614628,-0.001651070395363005
1.880952380952381,0,0.0013063307458285166,101.85774033175653,0.0013071843675008762
1.8849206349206349,0,0.0040393003043912076,102.27000640598034,0.004047469273135037
1.8888888888888888,0,-0.0019982386790299658,102.06585056745395,-0.0019962435292705167
1.8928571428571428,0,0.006840523621055564,102.76642785507912,0.00686397344195131
1.8968253968253967,0,-0.00705464577532787,102.04399834725847,-0.007029820174730201
1.9007936507936507,0,0.0001788212283076792,102.06224761201376,0.00017883721777659723
1.9047619047619047,0,0.016502695240934045,103.76052430927824,0.016639616871073504
1.9087301587301586,0,0.001544159178228825,103.92087084365339,0.0015453520059056
1.9126984126984126,0,0.009167291650531918,104.87792386484865,0.009209439965481354
1.9166666666666665,0,0.0007154118207713424,104.95298161671963,0.0007156677888452148
1.9206349206349205,0,0.0037974407017581616,105.35229203985216,0.0038046601152387583
1.9246031746031744,0,-0.00021881161351801386,105.32924225671518,-0.00021878767600287595
1.9285714285714284,0,-0.0009345779713028719,105.23084985201665,-0.0009341413893278735
1.9325396825396823,0,-0.004771388666082655,104.72994851548961,-0.004760023673964294
1.9365079365079363,0,0.0028495326617813213,105.02880552363169,0.0028535964390151566
1.9404761904761905,0,-0.005225291193750402,104.48143077271608,-0.0052116631069603755
1.9444444444444444,0,0.004331681773654343,104.93499271588145,0.004341077068058647
1.9484126984126984,0,0.006975554400541577,105.66953139489746,0.006999940248766922
1.9523809523809523,0,0.0024478197251847234,105.92850819314259,0.0024508180818679764
1.9563492063492063,0,-0.0016643086399100407,105.75235708730807,-0.0016629244463005535
1.9603174603174602,0,0.002998603238017887,106.06994236585318,0.00300310354579565
1.9642857142857142,0,-0.0018055685906402407,105.87859860363287,-0.0018039395322788634
1.9682539682539681,0,0.006032281826417765,106.51921840680002,0.0060505126778774496
1.972222222222222,0,-0.01139788503588214,105.31201743931622,-0.011333175229220347
1.976190476190476,0,-0.0019752388115940756,105.10420636096227,-0.0019732893112001954
1.98015873015873,0,-0.012402047887735947,103.80874872883729,-0.012325459436665385
1.984126984126984,0,-0.009279109091337168,102.8499512972401,-0.009236191008348472
1.988095238095238,0,0.008730413371368952,103.75180493655074,0.008768634578194844
1.9920634920634919,0,0.005778024221500604,104.35302062524488,0.005794749200380757
1.9960317460317458,0,-0.004393410564678473,103.89556060264827,-0.004383773654616542
2.0,0,-0.009325993227061782,102.93113540955055,-0.009282641024347336
2.003968253968254,0,-0.018535887443035724,101.04078921467764,-0.01836515440494722
2.007936507936508,0,-0.0032848109984217866,100.70943383681401,-0.0032794219091022733
2.011904761904762,0,0.015386070298350752,102.27093816863872,0.015505045280612303
2.015873015873016,0,0.0028784022969515423,102.56573914633998,0.0028825488743946075
2.0198412698412698,0,-0.0033860851812321756,102.21903014129454,-0.003380358859898852
2.0238095238095237,0,0.00306861882706896,102.5331831430624,0.003073331857420077
2.0277777777777777,0,-0.009694224465759377,101.54400585056852,-0.009647386945099593
2.0317460317460316,0,-0.0017340722460334964,101.36807379180782,-0.001732569611440743
2.0357142857142856,0,0.0007655380666336093,101.44570462192335,0.0007658311656873978
2.0396825396825395,0,-0.0004034942359660038,101.40478012180006,-0.0004034128431143252
2.0436507936507935,0,0.005120499206173258,101.92535488180437,0.0051336313670722784
2.0476190476190474,0,0.0023099497440464798,102.16106946883862,0.002312619733407768
2.0515873015873014,0,0.004348947076097961,102.60633005878631,0.0043584174702039884
2.0555555555555554,0,-0.0041974488925695785,102.17654785773482,-0.004188651916556531
2.0595238095238093,0,0.005794594350546505,102.77033823038894,0.005811415487249578
2.0634920634920633,0,0.010400227138454909,103.84475047231774,0.010454497478837284
2.067460317460317,0,-0.005972478643364463,103.22638833333703,-0.0059546788467233595
2.071428571428571,0,-0.005453068122856678,102.66501978720922,-0.005438227135439729
2.075396825396825,0,0.008553539267743175,103.54693543849766,0.008590225308642962
2.079365079365079,0,-0.0010664649293558287,103.43656512680431,-0.0010658964577360294
2.083333333333333,0,0.008982132433080823,104.36983113810147,0.009022592834101225
2.087301587301587,0,-0.0026488240633293194,104.0937396382292,-0.0026453190242969925
2.091269841269841,0,0.009304814462881669,105.0668327770441,0.009348238829701651
2.095238095238095,0,0.0009671716798398978,105.1684995989069,0.0009676395411909653
2.0992063492063493,0,0.001765577574271478,105.35434675882946,0.0017671371240571808
2.1031746031746033,0,0.009995685930030656,106.41271647390438,0.010045809666473818
2.107142857142857,0,-0.0021400509087358232,106.1852313450118,-0.0021377626324235
2.111111111111111,0,-0.005789623061504716,105.5722351017073,-0.0057728954915848415
2.115079365079365,0,-0.0026868000194150833,105.2889643347459,-0.0026831938026936446
2.119047619047619,0,0.002988324943539151,105.60407256153857,0.002992794437514436
2.123015873015873,0,-0.009724466154046523,104.5821064232724,-0.009677336427254225
2.126984126984127,0,0.004154578118543015,105.01750477617796,0.004163220342334435
2.130952380952381,0,-0.0032550513967090663,104.67622314653337,-0.003249759460310274
2.134920634920635,0,0.007369429012680227,105.45047654100057,0.007396650081493092
2.138888888888889,0,-0.01494353335092142,103.88638942805136,-0.014832432856205023
2.142857142857143,0,-0.004816009755683469,103.38727439921091,-0.00480443137535487
2.1468253968253967,0,-0.010484861878245164,102.3089360998987,-0.010430087315663333
2.1507936507936507,0,-0.005065867525093551,101.79196314682038,-0.005053057658360522
2.1547619047619047,0,0.001699037418805507,101.96505850724773,0.0017004816006712833
2.1587301587301586,0,-0.0009901327284000906,101.86414953055068,-0.00098964270873168
2.1626984126984126,0,-0.001457239766441038,101.7158171452545,-0.001456178508137785
2.1666666666666665,0,-0.0008638815448145494,101.62798467189573,-0.0008635085065808284
2.1706349206349205,0,0.001420114375258736,101.77241056022471,0.0014211232151776474
2.1746031746031744,0,-0.006214291004508422,101.1419282141242,-0.006195022232743571
2.1785714285714284,0,0.00459162308920841,101.60740164848569,0.004602180743242898
2.1825396825396823,0,0.004313292126853849,102.0466105913459,0.004322607760206682
2.1865079365079363,0,0.0025643999088013542,102.30863473399118,0.0025676907946953955
2.1904761904761902,0,0.003644720045580424,102.68220142530845,0.003651370114444381
2.194444444444444,0,0.00200614677999045,102.88840375997779,0.0020081604387817693
2.198412698412698,0,0.012958645695587148,104.23037441227956,0.01304297280607434
2.202380952380952,0,-0.00040975281884506775,104.18767447136288,-0.0004096688816236878
2.206349206349206,0,-0.0017955535575745407,104.00076777252023,-0.0017939425156670852
2.21031746031746,0,-0.004607888691239352,103.52264622224479,-0.004597288659649087
2.214285714285714,0,-0.0063637547159786055,102.86594525230524,-0.006343548913247249
2.218253968253968,0,-0.0077005465007026356,102.0768633378106,-0.007670973251246155
2.2222222222222223,0,-0.005460007912900131,101.52104163254778,-0.0054451291613793204
2.2261904761904763,0,-0.0003063556644980476,101.48994484995887,-0.00030630874239320245
2.2301587301587302,0,0.0022447502567587317,101.7180203201836,0.0022472715948548237
2.234126984126984,0,0.0004610535757101368,101.76492858994814,0.00046115987724624775
2.238095238095238,0,-0.004683530072839345,101.28942387605113,-0.004672579448397709
2.242063492063492,0,0.005809518628069663,101.879579270428,0.005826426607965057
2.246031746031746,0,0.004796750905931757,102.36944417528507,0.004808273732234055
2.25,0,-0.0008668009174707405,102.28074869336885,-0.0008664253540762126
2.253968253968254,0,-0.003974096220068016,101.87508177020005,-0.003966209950075602
2.257936507936508,0,0.0035936600568885787,102.24184479846232,0.003600124995134522
2.261904761904762,0,0.0013230111877862113,102.37720142241093,0.001323886753172741
2.265873015873016,0,-0.008983455385362861,101.4616191048763,-0.008943224710323045
2.2698412698412698,0,-0.00028934647158074386,101.43226579023124,-0.00028930461492755803
2.2738095238095237,0,0.0017895593492261944,101.61394736628432,0.001791161566169951
2.2777777777777777,0,-0.005528655541844329,101.05370896264786,-0.005513400651752515
2.2817460317460316,0,0.0013347898543570199,101.18868449005853,0.0013356810828247946
2.2857142857142856,0,-0.009025631343818353,100.27950187322661,-0.008985022598265507
2.2896825396825395,0,0.008556070141111469,101.1411813633545,0.00859277792601389
2.2936507936507935,0,0.008000234862969908,101.95357992518596,0.008032322253710597
2.2976190476190474,0,-0.00145182079753636,101.80566899353106,-0.0014507674155579042
2.3015873015873014,0,0.002428436009959938,102.05319797863739,0.002431387049006836
2.3055555555555554,0,-0.015042192541059624,100.52958211542654,-0.014929623896056378
2.3095238095238093,0,-0.007145416678238436,99.81381662944267,-0.007119948883922169
2.3134920634920633,0,-0.001711744356719771,99.64310703937586,-0.0017102801579122306
2.317460317460317,0,-0.006614914318434334,98.98615167115999,-0.006593083934609639
2.321428571428571,0,0.0046391637235079315,99.44643146628117,0.004649941303408781
2.325396825396825,0,0.01272067440034428,100.71953735667906,0.012801926339906424
2.329365079365079,0,-0.007273087150511043,99.98965285794661,-0.007246702257454507
2.333333333333333,0,-0.0051366346809373345,99.4773593979238,-0.005123464732401935
2.337301587301587,0,0.0016220741963746432,99.63884999518355,0.0016233904703257065
2.341269841269841,0,0.010287966655960807,100.66922229142432,0.010341069736257653
2.345238095238095,0,-0.007561345492097127,99.91089810985277,-0.007532830435267613
2.349206349206349,0,0.001707669001022302,100.08165861313158,0.0017091278980503823
2.3531746031746033,0,0.01161199322788702,101.25057977288769,0.011679674137642218
2.357142857142857,0,-0.010266215710773558,100.21643692964103,-0.01021369799132353
2.361111111111111,0,-0.00793108857200834,99.42475509124239,-0.007899720471547446
2.365079365079365,0,-0.002529581907347742,99.17356986036877,-0.002526385211037899
2.369047619047619,0,-0.0031405098631045354,98.86260283914541,-0.0031355836203250964
2.373015873015873,0,0.0052577958470959845,99.38377111938034,0.005271642312340241
2.376984126984127,0,0.0016612020330495651,99.5490048473203,0.001662582593504308
2.380952380952381,0,-0.011042321102511271,98.4557996399396,-0.010981578460350751
2.384920634920635,0,0.0033856692441535303,98.78970333747401,0.003391407095930963
2.388888888888889,0,-0.003499264131139676,98.44461619970917,-0.003493148841494042
2.392857142857143,0,0.008167151734376751,99.25192051865828,0.008200593898515723
2.3968253968253967,0,-0.0038145409857201036,98.87404117624939,-0.003807274866160645
2.4007936507936507,0,-0.00387141044423372,98.4919991784309,-0.0038639261961337127
2.4047619047619047,0,0.0035476976239950386,98.8420395614778,0.0035539981517965762
2.4087301587301586,0,0.004944873986243285,99.33201141780582,0.004957120052377352
2.4126984126984126,0,0.0029616495546541744,99.62663409439011,0.0029660395715238002
2.4166666666666665,0,-0.010479376140629715,98.58806042856807,-0.010424658779880457
2.4206349206349205,0,0.0035281872813604917,98.9365119090436,0.0035344186604422787
2.4246031746031744,0,-0.006376639405783024,98.30763663487876,-0.006356351785910963
2.4285714285714284,0,0.0016209890810241917,98.46712146710908,0.001622303593999029
2.4325396825396823,0,-0.008829795037456036,97.60150420214192,-0.008790926880667536
2.4365079365079363,0,0.002950454143696566,97.88989820207208,0.002954811017388528
2.4404761904761902,0,-0.004942206607717048,97.40729963357127,-0.004930013999040513
2.444444444444444,0,-0.007940949938595988,96.63685621841394,-0.007909503887856578
2.448412698412698,0,0.004635533084037969,97.08585944318236,0.0046462937882998
2.452380952380952,0,0.0016611062937408904,97.24726339278173,0.001662486695025716
2.456349206349206,0,-0.003728801414083734,96.8853228810401,-0.003721858066892839
2.46031746031746,0,0.009280456370761947,97.78864804451744,0.009323653331748486
2.464285714285714,0,-0.002636960449425237,97.53112293820763,-0.0026334867232496806
2.468253968253968,0,0.00034114822342182894,97.56440118361073,0.00034120642109482366
2.472222222222222,0,0.001832884381171169,97.74338943297309,0.0018345651404708307
2.4761904761904763,0,-0.0037646395816893106,97.37611256654917,-0.003757562210135854
2.4801587301587302,0,0.003106768569729305,97.67910803720628,0.003111599576847076
2.484126984126984,0,-0.003221545032305285,97.36493672218359,-0.0032163614240109314
2.488095238095238,0,-0.0024541888032253113,97.1262777615156,-0.0024511797439875564
2.492063492063492,0,0.008722730676441756,97.9771898673955,0.00876088454629386
2.496031746031746,0,-0.006416187093754675,97.35056231581093,-0.0063956473178367074
2.5,0,-0.015060198548891006,95.89542832498732,-0.014947360921275982
2.503968253968254,0,0.01028683809506787,96.8869802937656,0.01033992950548123
2.507936507936508,0,0.016198145491135525,98.46914920389872,0.016330046672276183
2.511904761904762,0,-0.002414067516817667,98.23172472406279,-0.0024111559991677614
2.515873015873016,0,-0.012062043933231655,97.05396670884998,-0.011989589091723528
2.5198412698412698,0,-0.0018169763184562669,96.8777820598665,-0.0018153266162932076
2.5238095238095237,0,-0.0016641462177723616,96.71669733670727,-0.0016627622942454493
2.5277777777777777,0,-0.0010575188525088718,96.61447166823409,-0.0010569598765070827
2.5317460317460316,0,-0.006874796519773891,95.95254474813562,-0.006851219166953597
2.5357142857142856,0,0.003789780918768013,96.31687379891729,0.0037969712188254522
2.5396825396825395,0,0.0034429747837131978,96.64906189612569,0.0034489086294665957
2.5436507936507935,0,-0.009274981653728307,95.75678792902751,-0.009232101684102533
2.5476190476190474,0,0.004543414292636095,96.19284052160671,0.004553751248448554
2.5515873015873014,0,0.013069588846474453,97.4582928550037,0.013155369220152568
2.5555555555555554,0,0.0012221371626899699,97.57747306896428,0.0012228842766397582
2.5595238095238093,0,-0.001986059896344029,97.38387067952378,-0.001984088984387081
2.5634920634920633,0,-0.0007556472794303628,97.31031061881457,-0.0007553618499241112
2.567460317460317,0,0.004014642217099442,97.70176194272622,0.004022711688231223
2.571428571428571,0,-0.010763317466570594,96.65580593788864,-0.010705600227053863
2.575396825396825,0,0.0011744529791960963,96.76939032383328,0.0011751429191705165
2.579365079365079,0,-0.0023208027925746538,96.54506805709117,-0.0023181118119213287
2.583333333333333,0,0.011779092342808892,97.68900537416427,0.01184873904067951
2.587301587301587,0,-0.0009582962035305665,97.59543521231365,-0.000957837184360867
2.591269841269841,0,0.010645593255145693,98.63994637523646,0.010702459194433992
2.595238095238095,0,-0.006814023964044663,97.97009619622108,-0.006790861143285904
2.599206349206349,0,0.0038382739138964764,98.34685484970394,0.0038456495207295225
2.603174603174603,0,0.002150921428603222,98.55861886947666,0.002153236319517856
2.607142857142857,0,-0.0053355941954333075,98.03415049417411,-0.00532138519510974
2.611111111111111,0,0.0012563793719328165,98.15739598393374,0.0012571689471299657
2.615079365079365,0,0.0077770396085025065,98.9237460452083,0.007807359329296293
2.619047619047619,0,-0.0019008071257018543,98.73588967974491,-0.0018990017359177217
2.623015873015873,0,-0.010519473961856872,97.70268397720417,-0.01046433779947707
2.626984126984127,0,2.8253481320549784e-05,97.70544445715731,2.825388045391211e-05
2.630952380952381,0,-0.00554584226868791,97.16508523187832,-0.005530492474408451
2.634920634920635,0,-0.0020176563189707526,96.96923712720027,-0.002015622218728402
2.638888888888889,0,-0.0003750657506616938,96.93287410717403,-0.000374995422295896
2.642857142857143,0,-0.010605710127166539,95.91026447858285,-0.010549667881100011
2.6468253968253967,0,-0.0100388019908495,94.95225699377195,-0.009988581410124481
2.6507936507936507,0,0.003175624512966072,95.25426899319156,0.0031806721502089866
2.6547619047619047,0,-0.003153929386608505,94.95431701733153,-0.003148960976031904
2.6587301587301586,0,-0.01601748183710458,93.44550392058953,-0.015889884147833284
2.6626984126984126,0,0.005082941600406029,93.92169115053639,0.005095881663300695
2.6666666666666665,0,0.0018546570724868932,94.0960453129009,0.001856378012668662
2.6706349206349205,0,-0.004358099805469519,93.68685764411988,-0.004348617069084322
2.6746031746031744,0,-0.008156361723865408,92.92582160607502,-0.008123188856816307
2.6785714285714284,0,0.005403983740012211,93.42935054076868,0.005418611597841663
2.6825396825396823,0,0.0023395909547471927,93.648192905187,0.002342329933278241
2.6865079365079363,0,0.01514787249164335,95.07756241231691,0.015263183012800588
2.6904761904761902,0,0.0027858282602481656,95.34280145627308,0.0027897122857011183
2.694444444444444,0,0.002581189113407546,95.58921714336546,0.0025845232500890784
2.698412698412698,0,-0.0009126582300111935,95.5020166558133,-0.0009122418841589119
2.702380952380952,0,0.0052840932257755815,96.0079938531036,0.005298078668995907
2.706349206349206,0,0.004076555533482642,96.40017460189006,0.0040848759884150295
2.71031746031746,0,0.008024015275802461,97.17680274661657,0.008056293963509795
2.714285714285714,0,-0.0031451368146173378,96.87164853419102,-0.003140196052973764
2.718253968253968,0,-0.0026039203787035126,96.61973060391249,-0.002600533118723823
2.722222222222222,0,-0.0028791774029577164,96.34194534729014,-0.002875036546738742
2.726190476190476,0,0.005120471485558997,96.8365266955217,0.005133603504150989
2.7301587301587302,0,0.009577760650509725,97.76845956129246,0.00962377418493109
2.734126984126984,0,-0.0027515345309189337,97.49981602924264,-0.002747752529346046
2.738095238095238,0,-0.0025369340806691227,97.25277891403243,-0.0025337187829784524
2.742063492063492,0,0.0021173894289580513,97.45891908253235,0.0021196326809549302
2.746031746031746,0,-0.0014092630417500026,97.3216705621289,-0.001408270496896592
2.75,0,0.006136263176981025,97.92069796077247,0.00615512860787914
2.753968253968254,0,-0.014045974727494004,96.5549206034158,-0.013947790260888914
2.757936507936508,0,-0.005068863400977988,96.06673521796188,-0.005056038391446422
2.761904761904762,0,-0.004789870733436935,95.607688239981,-0.004778417596261044
2.765873015873016,0,-0.014477980068033133,94.23345410705372,-0.01437367808201645
2.7698412698412698,0,-0.005931462724399221,93.67616628647922,-0.005913906328227718
2.7738095238095237,0,-0.0056260527618923915,93.15061899704772,-0.005610256165098646
2.7777777777777777,0,-0.0011279513571929847,93.04560886422108,-0.0011273154591707052
2.7817460317460316,0,0.007149915000865826,93.71326104269983,0.007175536670979108
2.7857142857142856,0,-0.001404848109154309,93.58170057799363,-0.0014038617719881142
2.7896825396825395,0,-0.0063546271869939054,92.98890923808307,-0.006334479243797347
2.7936507936507935,0,-0.00021989099703200775,92.96846406205523,-0.00021986682277865257
2.7976190476190474,0,0.006748061470943258,93.5979424632016,0.006770880937929111
2.8015873015873014,0,-0.006009073771304101,93.03719200487595,-0.005991055396822449
2.8055555555555554,0,-0.005597193713391254,92.5178994648688,-0.005581558609162194
2.8095238095238093,0,0.003657416606254459,92.85689551374956,0.0036641131158565918
2.8134920634920633,0,-0.0012566574650228312,92.74027949136747,-0.001255868201676477
2.817460317460317,0,0.004217659053981372,93.13225239380792,0.004226565895533793
2.821428571428571,0,5.292218106928911e-05,93.13718128615521,5.2923581472617704e-05
2.825396825396825,0,0.0045589544052206405,93.5627588062222,0.004569362248138214
2.829365079365079,0,-0.006381490342723705,92.96759001617896,-0.006361171876898969
2.833333333333333,0,6.276274444408813e-05,92.97342510038378,6.276471406633929e-05
2.837301587301587,0,-0.001188333448562396,92.86300728909261,-0.0011876276599683243
2.841269841269841,0,-0.007520503983873113,92.167250174113,-0.007492295751456594
2.845238095238095,0,-0.009710096421573394,91.27662829790914,-0.009663105653270646
2.849206349206349,0,0.004458701767791781,91.68451220247412,0.004468656568181967
2.853174603174603,0,-0.0020719033143836276,91.49474741279738,-0.002069758404316042
2.8571428571428568,0,-0.006300871576453733,90.92006316653851,-0.006281062711350085
2.861111111111111,0,-0.0004669814645913608,90.8776150942831,-0.0004668724457178163
2.865079365079365,0,0.00724473977159722,91.53839044931914,0.007271046388602174
2.869047619047619,0,-0.014228409074414432,90.24516685855984,-0.014127663643761666
2.873015873015873,0,-0.009289048673019962,89.41075654993921,-0.009246038737215067
2.876984126984127,0,-0.005674749238749539,88.90480984534983,-0.005658678263243928
2.880952380952381,0,0.009343450561091706,89.73938035342775,0.009387236860746231
2.884920634920635,0,0.0019190195568615457,89.91175732383519,0.0019208620532984164
2.888888888888889,0,0.004972533162585924,90.35995994651239,0.004984916722992406
2.892857142857143,0,-0.007043449793498809,89.72575023933831,-0.007018702836405436
2.8968253968253967,0,-0.006913524229636918,89.10756846064714,-0.0068896808000182275
2.9007936507936507,0,0.0029598501463455992,89.37170421849184,0.0029642348277227125
2.9047619047619047,0,0.0005059826685885784,89.4169361942215,0.0005061106994119163
2.9087301587301586,0,0.003595618530416979,89.73902409253371,0.0036020905213371393
2.9126984126984126,0,-0.0010433272308676424,89.64544574993161,-0.0010427831542454094
2.9166666666666665,0,0.0018910296720596514,89.81512833464565,0.001892818796254528
2.9206349206349205,0,0.0011349454988699031,89.91712147766071,0.0011355897932358808
2.9246031746031744,0,0.005038362911209663,90.37129976433407,0.005051076805057823
2.9285714285714284,0,0.005222563222209284,90.8445041852689,0.005236224577590959
2.9325396825396823,0,-0.010065345522822632,89.93470924303921,-0.010014859461109901
2.9365079365079363,0,-0.014017572364938011,88.6828375476782,-0.013919783650803702
2.9404761904761902,0,0.0064492917441017344,89.2566273197186,0.006470133206235255
2.944444444444444,0,0.007620853704798608,89.93943751234816,0.007649966317724836
2.948412698412698,0,-0.006290431806301859,89.37545531944988,-0.006270688459896921
2.952380952380952,0,-0.011576972933093118,88.34672437719532,-0.011510217638361233
2.956349206349206,0,0.0007627496210813863,88.41413651376034,0.0007630405885473552
2.96031746031746,0,0.0060026185502125825,88.94644888542683,0.006020670366256074
2.964285714285714,0,0.011462669994824877,89.97187852920183,0.011528618136242662
2.968253968253968,0,0.0033912578848100294,90.27751432365703,0.0033970147056124845
2.972222222222222,0,-0.002202706200006828,90.07887833181425,-0.0022002820229483373
2.976190476190476,0,-0.005487305189706548,89.58594171895886,-0.005472277430449179
2.98015873015873,0,0.00021102524591511972,89.60484860918612,0.00021104751330862633
2.984126984126984,0,-0.001746301546015334,89.44850807212114,-0.0017447776486610362
2.988095238095238,0,-0.006255437878733977,88.89071492561177,-0.0062359133598916885
2.992063492063492,0,0.013044836387275865,90.05787591921364,0.013130291443583717
2.996031746031746,0,0.011384392794254178,91.08898831076657,0.011449441606616782
3.0,0,0.00729532292210312,91.7559417574928,0.007321998620193219
3.003968253968254,0,-0.005661923366582181,91.23789460241477,-0.0056459248867741976
3.007936507936508,0,0.005525004360900998,91.7433794852086,0.005540295345443205
3.011904761904762,0,0.004168156535366533,92.12657831354394,0.004176855381670004
3.015873015873016,0,0.0029266642828026292,92.39659681380735,0.0029309511457641588
3.0198412698412698,0,0.008011040123824496,93.13976244855407,0.00804321436474835
3.0238095238095237,0,0.0041413508751694415,93.52628669912238,0.00414993811887597
3.0277777777777777,0,0.0048005404029571215,93.97634280912787,0.0048120814574131015
3.0317460317460316,0,0.004151021351406272,94.36725138827369,0.0041596487739440175
3.0357142857142856,0,0.0022856729710820306,94.58319075350131,0.002288287112859045
3.0396825396825395,0,-0.011096805122708008,93.53942148064353,-0.011035462692076748
3.0436507936507935,0,0.00066565216315464,93.60170692681346,0.0006658737587215915
3.0476190476190474,0,-0.003364791121417435,93.28728601140021,-0.003359136555694164
3.0515873015873014,0,-0.007923351329278362,92.55105861559608,-0.007892044321176175
3.0555555555555554,0,0.010733337759092158,93.54979066369324,0.010791146671215907
3.0595238095238093,0,0.011030535769776792,94.58740718817789,0.011091596433548593
3.0634920634920633,0,0.008701173853789164,95.41401969681613,0.008739139101189015
3.067460317460317,0,0.0017465822990024703,95.58081375206638,0.00174810846225997
3.071428571428571,0,0.008647027423453801,96.4108873321231,0.00868452095636925
3.075396825396825,0,0.00021481678979312275,96.43160023410076,0.00021483986457196497
3.079365079365079,0,0.001416391653728481,96.56828192237872,0.0014173952101405687
3.083333333333333,0,-0.006749333282566793,95.9187049746895,-0.006726607688965748
3.087301587301587,0,0.002639699042124718,96.17223596387039,0.0026431861152406743
3.091269841269841,0,0.0005192844824573509,96.22218968262267,0.0005194193339853033
3.095238095238095,0,-0.008067048125339323,95.449083184026,-0.00803459681334032
3.099206349206349,0,-0.0001836226009003533,95.43155818416054,-0.00018360574330240038
3.103174603174603,0,-0.00036336015421768026,95.39688845764155,-0.00036329414691189406
3.1071428571428568,0,0.01146245987310044,96.49666248000817,0.011528405592127432
3.1111111111111107,0,0.0057719033800455195,97.05524237618458,0.005788592909025406
3.115079365079365,0,0.00021098837813164157,97.07572206477485,0.0002110106377449739
3.119047619047619,0,0.0017061016295613837,97.2414844759321,0.001707557848981599
3.123015873015873,0,0.0004174006920661875,97.28208161089655,0.000417487815856478
3.126984126984127,0,-0.0011393490666019703,97.1713064797705,-0.0011387002548852551
3.130952380952381,0,-0.006679761531639755,96.52438835956754,-0.006657501516022579
3.134920634920635,0,-0.000812648499723733,96.44597982378492,-0.0008123183903586968
3.138888888888889,0,-0.004561088350923951,96.00708287348431,-0.004550702383889208
3.142857142857143,0,-0.007737358673850028,95.2671080550039,-0.0077075023668358245
3.1468253968253967,0,0.0033592836176602196,95.58767542729488,0.003364932334314854
3.1507936507936507,0,0.0026036245722022167,95.83687411697935,0.002607016946175882
3.1547619047619047,0,-0.011116310493708837,94.77742118134397,-0.011054752624154349
3.1587301587301586,0,-0.0006339516837306752,94.71735591685584,-0.0006337507788189345
3.1626984126984126,0,0.00641121804882592,95.326560323077,0.006431813898562803
3.1666666666666665,0,0.006811371260069077,95.97808127299072,0.0068346214077758686
3.1706349206349205,0,0.0066010535841317,96.61373340912931,0.00662288855650917
3.1746031746031744,0,0.0003840190512157102,96.65084204812366,0.0003840927959710534
3.1785714285714284,0,-0.005184396312023941,96.1510624262906,-0.005170980523731227
3.1825396825396823,0,-0.006687772047496226,95.51017149361279,-0.006665458669987095
3.1865079365079363,0,0.0023096957425616195,95.73102588512427,0.002312365144546394
3.1904761904761902,0,0.002528128527418063,95.97335240985568,0.0025313269391076393
3.194444444444444,0,0.008248312641992077,96.76824437788802,0.00828242369442017
3.198412698412698,0,0.007068109369929217,97.45463579993849,0.007093147410736475
3.202380952380952,0,-0.0006940733524864875,97.38701860251545,-0.0006938325392944004
3.206349206349206,0,-0.007698871433088294,96.64012726640883,-0.007669311031638512
3.21031746031746,0,-0.0018712937239943087,96.4594543015842,-0.001869543945513589
3.214285714285714,0,0.0015073167900176345,96.60495888981443,0.001508453362957123
3.218253968253968,0,-0.0011341159002377856,96.49545977397652,-0.0011334730338514963
3.222222222222222,0,-0.0035015018113562545,96.15817159897865,-0.003495378702665705
3.226190476190476,0,0.001731913485924452,96.32485353083163,0.001733414114280264
3.23015873015873,0,-0.0030357464802974747,96.03287910016583,-0.0030311432611980363
3.2341269841269837,0,-0.0038175555502816144,95.66696713855916,-0.003810277948919773
3.238095238095238,0,0.0021008573286343843,95.86816105343655,0.002103065675595207
3.242063492063492,0,-0.002393426339480352,95.63898204259839,-0.0023905643784120968
3.246031746031746,0,0.001676602001212927,95.7994650467548,0.0016780082841639466
3.25,0,0.0018599124642439463,95.97780946695637,0.001861643174254652
3.253968253968254,0,-0.007038839143261232,95.30460915862453,-0.007014124536397296
3.257936507936508,0,-0.002892645240647091,95.02932507607663,-0.002888465573472375
3.261904761904762,0,0.009196032278894642,95.90724833529619,0.009238445695755016
3.265873015873016,0,-0.0071815239548683515,95.22095539810154,-0.007155798431369483
3.2698412698412698,0,-0.013194780833574163,93.9727885141009,-0.01310811132677982
3.2738095238095237,0,-0.011589633147279276,92.88996525191978,-0.011522732051509018
3.2777777777777777,0,0.0003222643158418478,92.9199051970491,0.0003223162485650183
3.2817460317460316,0,0.00033364943386403556,92.95091304340029,0.00033370510102732816
3.2857142857142856,0,-0.000601989860959782,92.89497437512607,-0.0006018087014173256
3.2896825396825395,0,0.007787565869290971,93.62122429619407,0.007817967828218942
3.2936507936507935,0,-0.01669838541025559,92.0708811481508,-0.016559740162533695
3.2976190476190474,0,0.0026330378588180193,92.31362670278233,0.002636507347431021
3.3015873015873014,0,0.009975025006908273,93.23906540119737,0.010024941403229747
3.3055555555555554,0,-0.00696546215231511,92.5918688482786,-0.006941259547529655
3.3095238095238093,0,-0.0022536672456801203,92.38343254749176,-0.0022511296443139825
3.3134920634920633,0,-0.004603884389914819,91.95908747186026,-0.004593302759273255
3.317460317460317,0,-0.005494961644337432,91.4551616079871,-0.005479891957686011
3.321428571428571,0,-0.001916368557635564,91.28006763772328,-0.00191453349581665
3.325396825396825,0,0.009131200938492907,92.1173812988017,0.009173017535456181
3.329365079365079,0,0.011713336997469168,93.2027273319019,0.011782206764862684
3.333333333333333,0,-0.0019773293137015716,93.01861693046514,-0.001975375685961441
3.337301587301587,0,0.012139640219884274,94.15471141064026,0.01221362473088975
3.341269841269841,0,0.0003629996284725329,94.18889573997531,0.000363065520810392
3.345238095238095,0,0.011186103967690302,95.24841743218288,0.011248902366714273
3.349206349206349,0,-0.0004488373602570201,95.20567597663253,-0.0004487366478374346
3.353174603174603,0,0.000964475591476654,95.29754382230807,0.0009649408476239744
3.3571428571428568,0,0.002441161663068459,95.53046471597985,0.0024441437242718553
3.3611111111111107,0,0.020163784817148783,97.47627194264601,0.020368447201122474
3.3650793650793647,0,0.0055014839501650184,98.01401392140433,0.0055166449028202546
3.369047619047619,0,-0.004316458866798174,97.59185223918078,-0.004307156347683969
3.373015873015873,0,0.006243001711986859,98.20302412832338,0.006262529864119757
3.376984126984127,0,-0.002140441847722358,97.99305106363937,-0.0021381527355990243
3.380952380952381,0,-0.0029462472742182474,97.70476419478797,-0.0029419113470010227
3.384920634920635,0,0.005862539458340373,98.27924454162216,0.005879757774030892
3.388888888888889,0,0.0003347096855573196,98.31214506241379,0.0003347657070942652
3.392857142857143,0,0.0018937522009141944,98.49850030313218,0.00189554648207596
3.3968253968253967,0,0.0002269875057594287,98.52086076971429,0.0002270132693726167
3.4007936507936507,0,0.002259163290075908,98.74368708741835,0.002261717122274053
3.4047619047619047,0,0.0028159224134113466,99.02213350683421,0.002819890846989952
3.4087301587301586,0,-0.012062855877049472,97.83481937869247,-0.011990391300342929
3.4126984126984126,0,0.004337902012444833,98.26013906918266,0.004347324328814814
3.4166666666666665,0,-0.0060472519861275555,97.66772828202805,-0.00602900415943333
3.4206349206349205,0,-0.008946741656000727,96.79781758469677,-0.00890683865216269
3.4246031746031744,0,-0.00022906736115878396,96.77564690344333,-0.00022904112723396005
3.4285714285714284,0,0.0006679194832311202,96.84030683492269,0.0006681425911190969
3.4325396825396823,0,-0.004229789311464653,96.43155781069481,-0.004220856351938747
3.4365079365079363,0,0.005373897524511474,96.95116603069192,0.005388362811862707
3.4404761904761902,0,-0.008316019935168641,96.14826131420409,-0.008281537493150195
3.444444444444444,0,-0.0024246157702647714,95.9154211116194,-0.0024216787636317954
3.448412698412698,0,-0.0035454718475557657,95.57595782069055,-0.003539194083648126
3.452380952380952,0,-0.00015458332915689127,95.56118451282624,-0.00015457138176969487
3.456349206349206,0,0.0018955687620187014,95.74249910189444,0.0018973664882095539
3.46031746031746,0,-0.006210239903680756,95.14975765182102,-0.0061909962204207145
3.464285714285714,0,0.004701440897129813,95.59815183725311,0.004712510010513442
3.468253968253968,0,0.0005357665046548557,95.64938384788661,0.000535910053163627
3.472222222222222,0,-0.011779252254358082,94.52931536301617,-0.011710148458997635
3.476190476190476,0,-0.012199077471278564,93.38315021440052,-0.012124970377857305
3.48015873015873,0,6.128463789099855e-05,93.38887334231461,6.128651583278206e-05
3.4841269841269837,0,-0.001253074374767474,93.27192342701477,-0.0012522896048990215
3.4880952380952377,0,-0.0005125965898742908,93.22412480888603,-0.0005124652346873478
3.492063492063492,0,-3.738401837690193e-05,93.22063978163357,-3.738331960319461e-05
3.496031746031746,0,0.001559782320097411,93.36615714563631,0.0015609994132583255
3.5,0,0.006108520311950762,93.938231698657,0.006127215369145064
3.503968253968254,0,-0.006860414083332354,93.29598209901691,-0.006836935165017146
3.507936507936508,0,-0.007243838202653337,92.62260296899427,-0.007217664843358435
3.511904761904762,0,-0.006748404040691441,91.99965254558094,-0.006725684697307099
3.515873015873016,0,0.0019588928197222656,92.18004663302581,0.0019608127036728055
3.5198412698412698,0,0.007981320220460934,92.91870893216091,0.008013255863015227
3.5238095238095237,0,-0.0025782941688159895,92.67944574473151,-0.002574973223143594
3.5277777777777777,0,-0.01562033883152894,91.24300941737178,-0.01549897408014471
3.5317460317460316,0,-0.010595257183244697,90.28136967270856,-0.010539325158209068
3.5357142857142856,0,-0.005108749209926582,89.82132093411634,-0.005095721744807113
3.5396825396825395,0,-0.0033744728618469687,89.51873215016201,-0.0033687857271250364
3.5436507936507935,0,-0.002433717649166018,89.30113372576278,-0.0024307585593845342
3.5476190476190474,0,0.000381927119148664,89.33524676443598,0.00038200006259689936
3.5515873015873014,0,-0.0018249284051422186,89.17236500401543,-0.0018232642357841823
3.5555555555555554,0,0.0067491071040013334,89.77623434336056,0.006771933651394503
3.5595238095238093,0,-0.004119619855894048,89.4071511489842,-0.004111145862552999
3.5634920634920633,0,-0.0052932036631038746,88.93515118701953,-0.005279219345421364
3.567460317460317,0,0.0031555212314538254,89.21623118853555,0.003160505129461433
3.571428571428571,0,-0.009534746872618188,88.36961953500943,-0.009489435299469138
3.575396825396825,0,0.0025937158895112506,88.5991227257211,0.0025970824806000412
3.579365079365079,0,0.0007849132229308375,88.66869264829288,0.0007852213479264577
3.583333333333333,0,-0.0007899114944625853,88.59867988435496,-0.0007895995965073755
3.587301587301587,0,0.010144087919419188,89.50200664950573,0.010195713596747496
3.591269841269841,0,-0.003780649597165039,89.16426975882217,-0.003773511939304401
3.595238095238095,0,0.013117547426622361,90.3415911992946,0.013203959878289769
3.599206349206349,0,-0.0012811957595645265,90.22592005025307,-0.0012803753786709406
3.603174603174603,0,-0.007905558571899264,89.51544580273702,-0.00787439182798411
3.6071428571428568,0,0.0005793408486178077,89.56732078226919,0.000579508698939864
3.6111111111111107,0,-0.006640818610564335,88.97449106749222,-0.0066188171042661495
3.6150793650793647,0,-0.004596727825285019,88.56643812133743,-0.004586179041420873
3.6190476190476186,0,0.002639963589013381,88.80055919276461,0.0026434513614110853
3.623015873015873,0,0.0036387270780557255,89.12426878029802,0.0036453552824005308
3.626984126984127,0,-0.0037803992269438372,88.78797951783707,-0.003773262513826994
3.630952380952381,0,0.006358956643789929,89.35437737119084,0.006379217732282289
3.634920634920635,0,0.007430502384964723,90.02079813968987,0.007458177070952915
3.638888888888889,0,0.009186739497250084,90.85160612673138,0.009229067106828531
3.642857142857143,0,0.00347387987936044,91.1677625199855,0.0034799207931793846
3.6468253968253967,0,0.008727682466374231,91.96692816154852,0.00876587973065377
3.6507936507936507,0,-0.011709027555541075,90.89636472517232,-0.011640743664892405
3.6547619047619047,0,-0.0018637341297534301,90.72711583442118,-0.0018619984557459693
3.6587301587301586,0,-0.005322730857819675,90.2454827540714,-0.005308590225977616
3.6626984126984126,0,0.0008899412183903233,90.32583167655376,0.000890337333574113
3.6666666666666665,0,-0.003460902827531598,90.0137630813395,-0.0034549208063952785
3.6706349206349205,0,-0.0009078071305924624,89.93208502493316,-0.000907395198360387
3.6746031746031744,0,0.011995476167347705,91.01735938544918,0.012067710430766944
3.6785714285714284,0,-0.0009302453346654715,90.93273028052515,-0.0009298127906085651
3.6825396825396823,0,0.002745535473923326,91.18273235499078,0.0027493079081031863
3.6865079365079363,0,-0.0013242703591281094,91.06206168320068,-0.0013233939000683531
3.6904761904761902,0,0.0006158377719288974,91.1181584118441,0.00061602743894227
3.694444444444444,0,0.00017679041306030018,91.13426865273321,0.0001768060414063422
3.698412698412698,0,0.00296306504443721,91.40470588221478,0.0029674592607103227
3.702380952380952,0,0.007479636365001724,92.09094304720121,0.007507678717009719
3.706349206349206,0,0.010516495624600665,93.0645274218136,0.010571988323687297
3.71031746031746,0,0.0020893120737534225,93.25917152792918,0.002091496207071349
3.714285714285714,0,0.0038526851904668443,93.61916277814473,0.003860116322261015
3.718253968253968,0,-0.007110876073100208,92.95580981908103,-0.007085653613840663
3.722222222222222,0,-0.0004146825550592384,92.91727065766884,-0.00041459658613218525
3.726190476190476,0,0.006062155756736456,93.48226042259694,0.006080567809720493
3.73015873015873,0,0.0055939785565865124,94.00666356529594,0.0056096540704976714
3.7341269841269837,0,0.0014719049078806314,94.14513431766139,0.001472988691586509
3.7380952380952377,0,0.005722645985666613,94.6854381017562,0.005739051603790502
3.7420634920634916,0,0.003230428564477581,94.99180723100287,0.0032356520219869586
3.746031746031746,0,0.007700107594766588,95.72607772018219,0.007729829661980166
3.75,0,0.001961680243383702,95.91404598215733,0.001963605596842454
3.753968253968254,0,-0.0021017998843623764,95.71266555621546,-0.0020995926496447936
3.757936507936508,0,0.002254489950413002,95.92869222231275,0.0022570332237835463
3.761904761904762,0,-0.018322120425661104,94.18707891687167,-0.018155290821696413
3.765873015873016,0,0.0025508423151476413,94.42764199210764,0.0025540984814729976
3.7698412698412698,0,-0.02284395162448464,92.29499331015148,-0.022585004104353015
3.7738095238095237,0,-0.010717910086622377,91.31106611095421,-0.01066067794046878
3.7777777777777777,0,0.0029847635751684715,91.58401519669886,0.002989222417060951
3.7817460317460316,0,0.003147040960663719,91.87268783793009,0.0031519980928030335
3.7857142857142856,0,-0.007183724132716907,91.21506471282811,-0.007157982862785772
3.7896825396825395,0,-0.004346932327570574,90.81941954365769,-0.0043374980921850395
3.7936507936507935,0,0.008772485597206985,91.6196364071884,0.008811076612816314
3.7976190476190474,0,-0.0029102143377853357,91.35339123086844,-0.0029059837689884888
3.8015873015873014,0,0.014267958786873649,92.66616065151473,0.014370231941675908
3.8055555555555554,0,0.00012679495065467616,92.67791099770841,0.00012680298947418891
3.8095238095238093,0,0.0027092751982826864,92.92934140669351,0.0027129486010032105
3.8134920634920633,0,0.010324240221399515,93.89373600553132,0.010377719073863199
3.817460317460317,0,0.000964282137588299,93.98431972510527,0.0009647472070827908
3.821428571428571,0,-0.006175284685040607,93.40572811749287,-0.006156256802248609
3.825396825396825,0,-0.0005523290853490745,93.3541516620148,-0.0005521765797188706
3.829365079365079,0,-8.543766340375005e-05,93.34617604214169,-8.543401371052727e-05
3.833333333333333,0,-0.00845817543391289,92.55996734180646,-0.00842250570586105
3.837301587301587,0,-0.0014727016781643334,92.42375444766903,-0.0014716177851968571
3.841269841269841,0,-0.004536481839100378,92.00542535270932,-0.004526207547612647
3.845238095238095,0,0.005961795431677885,92.55558120607832,0.005979602303450258
3.849206349206349,0,0.0003569232019937525,92.58862233670702,0.00035698690665881216
3.853174603174603,0,-0.0016425568827079602,92.43666509120217,-0.0016412086244494883
3.8571428571428568,0,-0.0005299944019588505,92.38768715633017,-0.0005298539797345566
3.8611111111111107,0,0.0015444254906162504,92.5304832960088,0.0015456187298749236
3.8650793650793647,0,0.004024453121061487,92.90361821668627,0.004032562106951985
3.8690476190476186,0,-0.006158706205609491,92.33321041662734,-0.006139780247616528
3.8730158730158726,0,-0.006422496455388238,91.7421009311612,-0.0064019163072417794
3.876984126984127,0,0.007097713847119954,92.3955764590839,0.007122962318173141
3.880952380952381,0,-0.0024585892545300127,92.16869270889686,-0.002455569399336916
3.884920634920635,0,-0.00878637735887225,91.36241112829511,-0.008747889949446445
3.888888888888889,0,0.0029346461691685966,91.63092127655368,0.002938956458597822
3.892857142857143,0,0.0030578442979810948,91.91154319710692,0.0030625242728521394
3.8968253968253967,0,-0.009503710870048023,91.04218009615202,-0.009458693333985925
3.9007936507936507,0,0.0015844878163964787,91.18654966700105,0.0015857437804822983
3.9047619047619047,0,0.004772626820292021,91.62278921582326,0.004784033943769565
3.9087301587301586,0,0.0024973018542380925,91.85188491872093,0.00250042270987914
3.9126984126984126,0,0.00411999802991331,92.23109513990721,0.004128496889549805
3.9166666666666665,0,-0.008707174938161324,91.43150897977834,-0.008669377273639681
3.9206349206349205,0,0.002224245851022722,91.63510147021991,0.0022267213208365323
3.9246031746031744,0,-0.0017674364096182185,91.47328529750395,-0.0017658754136763205
3.9285714285714284,0,-0.002902403243051137,91.20817784806853,-0.002898195342750778
3.9325396825396823,0,0.005622873757881449,91.72247447526921,0.0056387117836883835
3.9365079365079363,0,0.009457442403271687,92.59404943332495,0.009502305329657722
3.9404761904761902,0,0.011442357756731606,93.65962841493652,0.011508071934783296
3.944444444444444,0,0.008421399959924109,94.4517041179028,0.00845695969940419
3.948412698412698,0,-0.0005523714799602978,94.39954609694222,-0.0005522189509198843
3.952380952380952,0,0.002360817064521897,94.6226694293056,0.002363605987408369
3.956349206349206,0,0.0049694189326447875,95.09405941128978,0.004981786973747739
3.96031746031746,0,0.0009022382180107222,95.17989562252876,0.0009026453573480918
3.964285714285714,0,0.0009626258450966628,95.27156236329697,0.0009630893180605741
3.968253968253968,0,0.005328045861876916,95.78052830980752,0.005342265140669857
3.972222222222222,0,-0.00023455667884084497,95.75806498175437,-0.00023452917257368546
3.976190476190476,0,-0.004455186987427525,95.3323938230943,-0.004445277363751943
3.98015873015873,0,-0.002472046009530595,95.09701880816307,-0.0024689930200223146
3.9841269841269837,0,0.004132148919809124,95.49078684550568,0.004140698018483896
3.9880952380952377,0,0.00015774485107146265,95.5058512135874,0.00015775729344471394
3.9920634920634916,0,0.0022820102992142676,95.72404541571177,0.0022846160664693714
3.9960317460317456,0,0.004359991349778439,96.14231258371913,0.004369509940693849
4.0,0,-0.0022223903775461583,95.92888408192634,-0.002219922696439805
4.003968253968254,0,0.004902804532731148,96.40035948106159,0.004914842944827258
4.007936507936508,0,0.0025253729717154842,96.64411399934926,0.002528564411998829
4.011904761904762,0,-0.0076397024054343475,95.9085948801304,-0.007610594052564935
4.015873015873016,0,0.009224555060878763,96.79740211750953,0.009267232394448004
4.01984126984127,0,-0.003015506497548167,96.50594858334705,-0.0030109644245270815
4.023809523809524,0,-0.01028723176389468,95.5182585322611,-0.010234499174244953
4.027777777777778,0,-0.006444267693867689,94.90469242014059,-0.006423547932600088
4.031746031746032,0,-0.006293091045684506,94.30932386918994,-0.006273331020504257
4.035714285714286,0,0.00046754990374784093,94.35342849424066,0.00046765922224070803
4.0396825396825395,0,-0.0015862071446460112,94.20388304822407,-0.0015849497829930287
4.0436507936507935,0,-0.0019829530634767408,94.01726625706073,-0.0019809883109360264
4.0476190476190474,0,0.0040426443356616805,94.39811392309734,0.004050826844883235
4.051587301587301,0,0.00227990241858924,94.61357793647247,0.002282503372373056
4.055555555555555,0,0.0021298033367848235,94.81530098943,0.0021320729789226266
4.059523809523809,0,0.0027205655038626208,95.07360343157883,0.0027242696005105246
4.063492063492063,0,0.004020172473791908,95.45658502530372,0.004028264206905338
4.067460317460317,0,-0.013139969010326958,94.21049318930115,-0.01305401650050928
4.071428571428571,0,-0.002156856310470126,94.00751367007068,-0.0021545319672898527
4.075396825396825,0,-0.013595143579014068,92.73811639493927,-0.013503146988723624
4.079365079365079,0,0.0003660450760368898,92.77206893950833,0.00036611207871081877
4.083333333333333,0,0.00010970390713487112,92.78224695621785,0.00010970992482854426
4.087301587301587,0,0.006725123143139224,93.40832184823141,0.0067477875623013234
4.091269841269841,0,0.007620282345096757,94.12283858615324,0.007649390587304985
4.095238095238095,0,0.001416251626424333,94.25623464828273,0.0014172549843722083
4.099206349206349,0,-0.0030130896266552516,93.97265959847809,-0.0030085548278346026
4.103174603174603,0,0.0031951166260208923,94.27339338947692,0.0032002264518616592
4.107142857142857,0,-0.0031866796375037863,93.97345244807272,-0.0031816075630702848
4.111111111111111,0,0.00013011600940770712,93.98568069422359,0.00013012447486281898
4.115079365079365,0,0.006350963778144504,94.58447981102815,0.006371173910553243
4.119047619047619,0,-0.0033747403252201084,94.26581975277574,-0.003369052289435734
4.123015873015873,0,0.0052141872604902755,94.75862305706873,0.005227804792717283
4.1269841269841265,0,0.004406116411114144,95.17706174904991,0.004415837614368757
4.1309523809523805,0,-0.0058757342110340016,94.61946637654111,-0.0058585058443913875
4.134920634920634,0,0.006273845237863402,95.2149603302544,0.006293567027143527
4.138888888888888,0,0.004539443232060935,95.64816574931504,0.004549762112571898
4.142857142857142,0,0.0007809616273356276,95.72289247204381,0.0007812666572677024
4.146825396825396,0,-0.004663297512377667,95.2775473411739,-0.004652441222458983
4.15079365079365,0,-0.005273600278065639,94.77641419039512,-0.005259719259819439
4.154761904761904,0,-0.003248066986710011,94.46907345020264,-0.0032427977236519044
4.158730158730158,0,0.003556912728486725,94.80569000296099,0.0035632460493627005
4.162698412698412,0,-0.005880983824298177,94.24977553782661,-0.005863724689067104
4.166666666666666,0,0.0028949569969670746,94.52301990950198,0.002899151431566833
4.17063492063492,0,-0.007683435679091377,93.79954132563671,-0.007653993541021801
4.174603174603174,0,-0.0011466223606972535,93.69205031170665,-0.0011459652404584777
4.178571428571428,0,0.0008296048184590599,93.76980993851727,0.000829949035717983
4.182539682539682,0,0.015541761000825037,95.23854168881459,0.015663162282832405
4.186507936507936,0,-0.008537384209546346,94.42891463307743,-0.008501044234618364
4.19047619047619,0,0.009411709053644713,95.321847524803,0.009456138463469608
4.194444444444445,0,0.0010828073728411016,95.42511862536001,0.0010833938203952517
4.198412698412699,0,0.002729028510707167,95.68589216208986,0.0027327556987762494
4.2023809523809526,0,0.0008844106674807953,95.77055521878215,0.00088480187391572
4.2063492063492065,0,0.0029404045134260835,96.05257381278024,0.0029447317430063773
4.2103174603174605,0,-0.0008292362691037466,95.97295655015715,-0.0008288925477240579
4.214285714285714,0,0.009298544064947881,96.8695272567927,0.009341909834433101
4.218253968253968,0,-0.002736609035624714,96.60479563191856,-0.002732867934539574
4.222222222222222,0,0.00727129627883151,97.30979775635433,0.007297796344623611
4.226190476190476,0,-0.003920242428040921,96.92906652548744,-0.00391256830910437
4.23015873015873,0,-0.00024066206732603328,96.90574218270828,-0.0002406331105336889
4.234126984126984,0,-0.006613840463811093,96.26693786739283,-0.0065920171594272825
4.238095238095238,0,0.0030052689000196952,96.55668106190018,0.003009789247752941
4.242063492063492,0,0.009242326734583766,97.45322615608481,0.009285168921763853
4.246031746031746,0,-0.00034840924011104665,97.4192784658013,-0.0003483485526599768
4.25,0,-0.0011013744336723888,97.31204242750779,-0.0011007681434554242
4.253968253968254,0,-0.006882537995329683,96.64458812264047,-0.006858907574203833
4.257936507936508,0,-0.001305519060524202,96.51849909447331,-0.0013046672412445994
4.261904761904762,0,-0.009894771827573935,95.5681799180242,-0.009845979634628323
4.265873015873016,0,-0.005611701897309543,95.03338174885832,-0.005595985710145859
4.26984126984127,0,0.0015675066956136502,95.18246402426331,0.0015687358763998482
4.273809523809524,0,0.008447891025164597,95.98996112924779,0.008483675152374654
4.277777777777778,0,0.017835253934495664,97.71732465596806,0.017995251861748756
4.281746031746032,0,-0.0035562498203427066,97.37043461712565,-0.0035499338532209695
4.285714285714286,0,0.009180430010831473,98.26845286700338,0.009222699409824823
4.2896825396825395,0,0.0016743851855505697,98.43312993664026,0.0016757877511278006
4.2936507936507935,0,-0.0008138817293841064,98.35304960299936,-0.0008135506174841279
4.2976190476190474,0,0.0028639777884454007,98.63513430183065,0.00286808289087031
4.301587301587301,0,0.0005289260743002255,98.68731879585813,0.0005290659803618301
4.305555555555555,0,0.0008343165931137793,98.76968962035417,0.000834664732015174
4.309523809523809,0,-0.0024333682561106613,98.52963877746733,-0.0024304100155584482
4.313492063492063,0,-0.008668374124027487,97.67923812670603,-0.008630912092166742
4.317460317460317,0,-0.009585035881028115,96.74745186064249,-0.009539245841115613
4.321428571428571,0,0.0042539448564782745,97.15988680165715,0.004263005723486223
4.325396825396825,0,-0.0016041578399586505,97.00415195255071,-0.0016028718664976164
4.329365079365079,0,-0.0036161182248643305,96.65400693522714,-0.0036095879431512325
4.333333333333333,0,0.0001924693009227212,96.6726116547346,0.00019248782432699653
4.337301587301587,0,0.005146491389743771,97.17141887079534,0.005159757324465537
4.341269841269841,0,0.0012750749334862037,97.29539873626072,0.0012758881871455937
4.345238095238095,0,-0.003993868750987865,96.90758863046054,-0.0039859038642866725
4.349206349206349,0,0.007863808401168605,97.6726555673648,0.00789480935101684
4.353174603174603,0,0.010086822495859956,98.66284785821422,0.010137865967680956
4.357142857142857,0,0.003254302982260694,98.98444966927734,0.0032596039749965737
4.361111111111111,0,0.006272392488113602,99.60727023337388,0.006292105135477685
4.365079365079365,0,0.00796250148379345,100.40355928964881,0.00799428650548604
4.369047619047619,0,0.007257845431770889,101.13492365808042,0.007284247427142892
4.373015873015873,0,0.004007350086435104,101.54101984448391,0.004015390250122103
4.3769841269841265,0,0.003908120994293645,101.93863088587645,0.003915767657262998
4.3809523809523805,0,0.003412442801365285,102.2870848344696,0.0034182718128050412
4.384920634920634,0,-0.006773688709000182,101.59656528533537,-0.006750798991404483
4.388888888888888,0,0.004553029867352146,102.06019213402631,0.004563410656540278
4.392857142857142,0,-0.008401936329367705,101.20628117401728,-0.008366738707366459
4.396825396825396,0,-0.004866617182940453,100.71494548811111,-0.004854794388318508
4.40079365079365,0,0.008350576953677578,101.55949471979078,0.008385540274947069
4.404761904761904,0,0.005431778405629548,102.11264432311178,0.005446557260324845
4.408730158730158,0,0.009508617400821272,103.08822525217785,0.009553967929564705
4.412698412698412,0,-0.0015724988654523449,102.92624652398823,-0.0015712631369235272
4.416666666666666,0,-0.007119596545588881,102.19605559156936,-0.007094312258328142
4.42063492063492,0,-0.0013757230858195753,102.05555878312258,-0.0013747772126180692
4.424603174603174,0,0.0007816256470885798,102.13535920826213,0.0007819311960177806
4.428571428571428,0,0.0006364710313076739,102.20038609734087,0.000636673621973271
4.432539682539682,0,0.0072804046341243085,102.947161376473,0.007306971212622287
4.436507936507936,0,-0.0021369008744485584,102.72740837611722,-0.002134619327211068
4.44047619047619,0,0.0023564976158234547,102.9697707200233,0.0023592763385859757
4.444444444444445,0,-0.0060888767700888686,102.34470537914171,-0.006070377126322627
4.448412698412699,0,0.0029756211002685464,102.64969799015125,0.0029800526551873306
4.4523809523809526,0,0.00015847091443450435,102.66596627064878,0.0001584834716131723
4.4563492063492065,0,-0.004584491165444396,102.19637230246468,-0.004573998426568279
4.4603174603174605,0,-0.0013466964543531184,102.05883743987914,-0.0013457900656055298
4.464285714285714,0,-0.001021309260656224,101.95465701334278,-0.0010207879018579009
4.468253968253968,0,-0.0015629284626216976,101.79543363778447,-0.0015617077259895602
4.472222222222222,0,0.011297289874775804,102.95196670361914,0.011361345244128958
4.476190476190476,0,-0.00048126263414715936,102.9024316895645,-0.00048114684586124965
4.48015873015873,0,-0.0013975121903140758,102.7587247263706,-0.0013965361248937597
4.484126984126984,0,-0.013073810208708049,101.42402050791249,-0.01298871917700584
4.488095238095238,0,-0.005494087953642773,100.86831596128559,-0.005479023054342387
4.492063492063492,0,-0.001518317915067414,100.71528199660294,-0.0015171658535607807
4.496031746031746,0,-0.004181576866328994,100.29501261008014,-0.004172846247275412
4.5,0,0.008842828595287,101.18583711488199,0.00888204190436801
4.503968253968254,0,-0.0009001214337268788,101.09479855313243,-0.0008997164459509915
4.507936507936508,0,0.008255324750477935,101.9328232695605,0.008289493904948013
4.511904761904762,0,0.0005275915470734651,101.98661635462756,0.0005277307479730664
4.515873015873016,0,0.00037340221512813774,102.02470549392977,0.00037347193841327537
4.51984126984127,0,-0.0004204761538568915,101.98181555589531,-0.00042038776614765247
4.523809523809524,0,0.0001628030262808093,101.99841985567184,0.0001628162794126993
4.527777777777778,0,0.010966279681199443,103.12311866442913,0.01102662972964384
4.531746031746032,0,-0.014473285209829026,101.6413373444794,-0.014369050695330357
4.535714285714286,0,-0.012469664152788223,100.38177349387267,-0.012392240042432489
4.5396825396825395,0,-0.0032827657263462457,100.05278394155816,-0.0032773833422520757
4.5436507936507935,0,0.00023040594289678047,100.07583935353169,0.00023043248838474847
4.5476190476190474,0,0.004486138142676653,100.52580193612734,0.004496215924866368
4.551587301587301,0,0.0031190581137199988,100.83983724689482,0.0031239274367293834
4.555555555555555,0,-0.0022816328439086804,100.61002004119973,-0.00227903189820192
4.559523809523809,0,0.006558260763713878,101.27201518371436,0.006579813245674296
4.563492063492063,0,0.006628509933041395,101.94552746771556,0.006650527125183219
4.567460317460317,0,0.0012983442422185311,102.07797381819614,0.0012991874559919445
4.571428571428571,0,0.006203061590111071,102.71313772053684,0.006222340418628964
4.575396825396825,0,0.001856392610748664,102.90399072467164,0.0018581167742543453
4.579365079365079,0,-0.0033981217164714187,102.55490389476286,-0.0033923546351356266
4.583333333333333,0,0.004534721785715581,103.02101790160502,0.004545019195965567
4.587301587301587,0,0.0008356860652781386,103.10714711417499,0.0008360353481681604
4.591269841269841,0,0.00014732913009676848,103.12233891953632,0.0001473399835660602
4.595238095238095,0,0.00941762423355041,104.09809379216773,0.009462109595795671
4.599206349206349,0,-0.015300154319055393,102.5174993958646,-0.015183701629146272
4.603174603174603,0,-0.008791681948909202,101.62014853859989,-0.008753148121567291
4.607142857142857,0,-0.007338951913268236,100.87709311416114,-0.0073120875645692335
4.611111111111111,0,-0.002149438098166682,100.66049691044638,-0.0021471297103062338
4.615079365079365,0,-0.0014649918229354686,100.51313807168204,-0.0014639192462507962
4.619047619047619,0,-0.009356370179674977,99.57708579837201,-0.009312735541521835
4.623015873015873,0,-0.00606702338633059,98.9747782446135,-0.006048656163507845
4.6269841269841265,0,-0.005283903967236775,98.45318426100923,-0.005269968701674573
4.6309523809523805,0,0.015619205587582943,100.00301685578141,0.015741822942602457
4.634920634920634,0,0.011488796318536705,101.15855631624821,0.011555046005593898
4.638888888888888,0,-0.002454888638895022,100.91052789126321,-0.002451877863989965
4.642857142857142,0,-0.002151470556373947,100.69365524289121,-0.00214915780250109
4.646825396825396,0,-0.007100415830733962,99.98122070305936,-0.007075267434807662
4.65079365079365,0,-0.011881202878903895,98.80035249439318,-0.011810900090661377
4.654761904761904,0,-0.0005973870787964117,98.74134806642867,-0.0005972086786618687
4.658730158730158,0,-0.006146987760911785,98.136247885403,-0.006128133683354434
4.662698412698412,0,-0.00039561921918084903,98.0974309785047,-0.0003955409722165642
4.666666666666666,0,-0.009941460451777795,97.12703083757646,-0.009892207484423352
4.67063492063492,0,-0.004661099020806578,96.67536557523533,-0.004650252956835266
4.674603174603174,0,0.0010751515847393332,96.77936214375863,0.0010757297673971839
4.678571428571428,0,0.002445792516177672,97.01635408182605,0.0024487859066002573
4.682539682539682,0,0.0027687150369231452,97.2853369167795,0.00277255146824561
4.686507936507936,0,-0.008179409827967853,96.49284574922207,-0.008146049473368389
4.69047619047619,0,0.005522902915208792,97.02724071570374,0.005538182259341481
4.694444444444444,0,-0.004901970981143412,96.55277984412768,-0.004889975929196133
4.698412698412698,0,0.004125519025293374,96.9519329650879,0.004134040693645767
4.7023809523809526,0,7.187152553037287e-05,96.9589012988226,7.18741083503406e-05
4.7063492063492065,0,-0.008531537373535859,96.13521147511446,-0.008495247085871963
4.7103174603174605,0,-0.0018529694240903784,95.95724080569876,-0.0018512537361164705
4.714285714285714,0,0.0024404641259857416,96.19170699630637,0.0024434444825521284
4.718253968253968,0,0.004000207838955261,96.57726445753498,0.00400821934933957
4.722222222222222,0,-0.0007492513837487555,96.50493090989073,-0.0007489707650197634
4.726190476190476,0,0.009788188908100317,97.45417752798535,0.009836249911219256
4.73015873015873,0,0.006485610182339806,98.08828138659509,0.00650668729339623
4.734126984126984,0,-0.0014778800752891354,97.9434257359197,-0.0014767885483122074
4.738095238095238,0,0.004864212145840002,98.42100391613505,0.004876061630752228
4.742063492063492,0,0.01232064281451939,99.64111479179424,0.012396854605332153
4.746031746031746,0,0.01248878103851659,100.89331380110666,0.012567091525711515
4.75,0,-0.007596783241285597,100.12975314023868,-0.007568000614720759
4.753968253968254,0,-0.005697721095846315,99.56086395843107,-0.0056815198676342426
4.757936507936508,0,0.00949299800037824,100.5104953337937,0.009538199425018375
4.761904761904762,0,-0.006527655105702758,99.85653422416009,-0.0065063962470969915
4.765873015873016,0,-0.008192337152404704,99.04181760214624,-0.008158871408303984
4.76984126984127,0,-0.002923846250941855,98.75265749091676,-0.002919575975382536
4.773809523809524,0,0.0027860683354049465,99.0281727669661,0.002789953030627412
4.777777777777778,0,-0.0005061497319801694,98.97806236661425,-0.0005060216598133866
4.781746031746032,0,-0.003959276710204021,98.58695559035174,-0.003951449108125133
4.785714285714286,0,-0.004108250407643742,98.18276651331199,-0.004099823091396118
4.7896825396825395,0,-0.004348412830372602,97.75675422161935,-0.004338972172217797
4.7936507936507935,0,-0.005401500999488084,97.23014453772392,-0.005386939123424479
4.7976190476190474,0,0.014511825023225115,98.65141908353829,0.014617632757533312
4.801587301587301,0,0.0020130324761398716,98.85020761072205,0.0020150599862678578
4.805555555555555,0,0.005724945866959684,99.4177427019891,0.005741364686880904
4.809523809523809,0,-0.0029420095694153805,99.12568458114046,-0.0029376861001973328
4.813492063492063,0,-0.001032528069363977,99.02338735088475,-0.0010319951956750913
4.817460317460317,0,-0.0043560786866491475,98.59297182632163,-0.004346604737302172
4.821428571428571,0,-0.01656530350080964,96.97320235126163,-0.016428853345787933
4.825396825396825,0,-0.008541753613204946,96.14840875637415,-0.008505376484318504
4.829365079365079,0,-0.011266936697768654,95.07119059125833,-0.011203702474632666
4.833333333333333,0,-0.014033416778080905,93.74633481937683,-0.013935407389368763
4.837301587301587,0,-0.007391164857401659,93.05599455602864,-0.007363917369978007
4.841269841269841,0,0.008485325140856568,93.8489644720617,0.008521427553553241
4.845238095238095,0,-0.00014103265625987714,93.83572963660889,-0.000141022711622323
4.849206349206349,0,0.008268676427397693,94.6148436038882,0.008302956350385127
4.853174603174603,0,0.002727835773794115,94.8732896979934,0.0027315597031178553
4.857142857142857,0,0.005068546124891387,95.35538005938332,0.00508141293428871
4.861111111111111,0,-0.005536228745542612,94.82892948329695,-0.005520932072826063
4.865079365079365,0,0.0034394696602907987,95.15565226362487,0.003445391423357902
4.869047619047619,0,0.004729357079826102,95.6067431655299,0.0047405581399966755
4.873015873015873,0,-0.003493647609799538,95.27330968447652,-0.0034875519237813272
4.8769841269841265,0,0.0036636619106776725,95.62299906095657,0.003670381323355066
4.8809523809523805,0,0.0037055365187890943,95.97799088740217,0.0037124105072176834
4.884920634920634,0,-0.003322967225048966,95.659588482721,-0.003317452279811547
4.888888888888888,0,-0.0069338874246894925,94.99858995810075,-0.0069099034932567985
4.892857142857142,0,-0.007320418460131542,94.30569974388688,-0.0072936894591750625
4.896825396825396,0,0.0006838225816342709,94.37021016527619,0.0006840564415990511
4.90079365079365,0,0.002198857434318388,94.57794510954014,0.0022012766942041792
4.904761904761904,0,-0.004853554575364875,94.1200180771949,-0.004841795112114848
4.908730158730158,0,0.0003063607976237106,94.14885717836486,0.00030640773088558575
4.912698412698412,0,0.0037329343921610404,94.50096547501404,0.0037399104694611322
4.916666666666666,0,0.004033124350350022,94.88286923500655,0.004041268341257992
4.92063492063492,0,0.009914814751815434,95.82829441950027,0.009964129374629978
4.924603174603174,0,0.008183112010299188,96.6156853467131,0.008216685186589865
4.928571428571428,0,-0.0061686542562858,96.02153103840332,-0.006149667170269907
4.932539682539682,0,0.010744485129782908,97.05879540777418,0.010802414397621425
4.936507936507936,0,-0.003205948689855816,96.74812814753484,-0.0032008151238032767
4.94047619047619,0,0.00672096892090567,97.40055933891512,0.006743605316945646
4.944444444444444,0,0.0005671643770068089,97.45581713511825,0.0005673252451335345
4.948412698412698,0,-0.0024574081549372496,97.21662243521916,-0.0024543911993203846
4.9523809523809526,0,-0.011248530960532235,96.12920563448318,-0.011185502782311207
4.9563492063492065,0,-0.0009418659392945816,96.03870743520052,-0.0009414225227946721
4.9603174603174605,0,-0.009684302156972916,95.11312860001547,-0.00963756031191402
4.964285714285714,0,0.006232301320847917,95.70775329246848,0.006251762519069254
4.968253968253968,0,0.009693784510887246,96.64003499739317,0.00974092142854725
4.972222222222222,0,-0.004881178479524202,96.16946713547217,-0.004869284887300833
4.976190476190476,0,0.002041125764897245,96.36596157935537,0.002043210280102604
4.98015873015873,0,-0.004430648183462873,95.9399423742637,-0.004420847341836555
4.984126984126984,0,-0.0038201927747860795,95.57413247663793,-0.003812905121401639
4.988095238095238,0,0.005017746932137432,96.05490447404105,0.005030356906673117
4.992063492063492,0,-0.00010387934158339479,96.04492687205081,-0.00010387394631141161
4.996031746031746,0,0.011097641478722038,97.11673530911666,0.011159448728548564
5.0,0,-0.002898890189125827,96.8356122272707,-0.002894692464189096
5.003968253968254,0,0.0064341160599337924,97.46067249388119,0.006454859449264399
5.007936507936508,0,0.0007525357104325272,97.53404273369587,0.0007528189364717125
5.011904761904762,0,0.005151819156977403,98.03781704635372,0.005165112595950983
5.015873015873016,0,-0.0026779395828570103,97.77562891414419,-0.0026743571012555747
5.01984126984127,0,-0.00017330244308000881,97.75868562697858,-0.00017328742707906915
5.023809523809524,0,-0.0005886856619007481,97.70115342627608,-0.0005885124204930629
5.027777777777778,0,-0.00512777589141616,97.20144609571953,-0.005114651291538293
5.031746031746032,0,0.004309610527344433,97.62125041790705,0.00431891025339303
5.035714285714286,0,0.004235072600858897,98.03556019756218,0.004244053194172176
5.0396825396825395,0,0.0038779320132578086,98.41647353554468,0.003885460920658666
5.0436507936507935,0,0.009820862445826637,99.38776986161872,0.009869245373064434
5.0476190476190474,0,0.009268902955687934,100.31326800570632,0.009311992264000233
5.051587301587301,0,-0.002223040646218388,100.09051521955878,-0.0022205715213548956
5.055555555555555,0,0.0024888976045862993,100.33994053140346,0.002491997481454569
5.059523809523809,0,-0.0037894262091722982,99.96042925006557,-0.003782255394292452
5.063492063492063,0,0.0002860135513422533,99.98902337638796,0.00028605445711780476
5.067460317460317,0,-0.0036391775190075457,99.62580687588884,-0.0036325637378405084
5.071428571428571,0,0.010344372566063947,100.66172204823695,0.010398060551104985
5.075396825396825,0,0.0024299718843690333,100.9066246353393,0.002432926658903402
5.079365079365079,0,-0.0012345655195219313,100.78212566275549,-0.0012338037570250877
5.083333333333333,0,0.007657979130317589,101.55687580174585,0.007687376445927736
5.087301587301587,0,-0.013534702935594955,100.19159384147646,-0.013443520682288681
5.091269841269841,0,-0.012548764875357384,98.94216885376508,-0.012470357440248004
5.095238095238095,0,0.005152201187564122,99.45325429056021,0.005165496599842048
5.099206349206349,0,0.0005198043076616693,99.50496395884129,0.0005199394293320624
5.103174603174603,0,0.0017165522871417072,99.67591611448704,0.0017180264063658597
5.107142857142857,0,-0.008216621180982575,98.86027237757456,-0.008182957014166459
5.111111111111111,0,-7.469732404568229e-06,98.85953392055245,-7.469704506186595e-06
5.115079365079365,0,0.012759811863411737,100.12904511192103,0.012841565613578446
5.119047619047619,0,0.005330858471398035,100.66424414800436,0.005345092779873296
5.123015873015873,0,0.0012079396372408826,100.78591394865683,0.0012086694901676672
5.1269841269841265,0,-0.002626890773702001,100.52150779627281,-0.0026234435153179307
5.1309523809523805,0,-0.0023466864447871665,100.28589190295614,-0.0023439351287315945
5.134920634920634,0,-0.01327379707984184,98.96351323310282,-0.013186088738513041
5.138888888888888,0,0.001761870987544588,99.1380278668849,0.0017634239941648052
5.142857142857142,0,0.005464931847814676,99.68129353555797,0.005479891827205976
5.146825396825396,0,-0.009786579922064357,98.71051265020438,-0.009738847189089815
5.15079365079365,0,-0.00402764589678022,98.31374122273205,-0.004019545809455447
5.154761904761904,0,-0.007152452940259852,97.61306557711654,-0.007126935023539475
5.158730158730158,0,-0.005942252038023147,97.03474410694781,-0.005924631777001307
5.162698412698412,0,0.0004757914705124834,97.08092339552195,0.0004759046772277409
5.166666666666666,0,-0.01299161047860305,95.82784324320852,-0.012907583781503479
5.17063492063492,0,0.004008428930868467,96.2127332291732,0.004016473427121175
5.174603174603174,0,0.004887729459435862,96.68414617071097,0.004899693894101156
5.178571428571428,0,-0.0014429087337548565,96.54474037089541,-0.0014418682414531956
5.182539682539682,0,-0.015488105855541322,95.0609653055947,-0.015368781971969215
5.186507936507936,0,-0.006137958459003969,94.47927208015363,-0.006119159673701316
5.19047619047619,0,0.007905441052141934,95.22913247955616,0.007936771557325265
5.194444444444444,0,-0.017360830183414815,93.59014394835275,-0.01721099928695973
5.198412698412698,0,-0.0020503028335793106,93.39845239104373,-0.0020482023984792004
5.202380952380952,0,-0.007294417317508703,92.71964386867838,-0.007267877625244965
5.206349206349206,0,0.0052072053895120185,93.20371332870117,0.0052207864463810864
5.2103174603174605,0,-0.004113929263495779,92.82106747363338,-0.004105478648885237
5.214285714285714,0,0.0026835600316771203,93.07049290477588,0.002687164002001428
5.218253968253968,0,0.0037009547112026057,93.41558076735032,0.003707811700616
5.222222222222222,0,0.011706024419546936,94.51553130029639,0.01177480805568724
5.226190476190476,0,-0.0011395251909899376,94.40788981318089,-0.0011388761787048446
5.23015873015873,0,0.0025077457554305116,94.64493790207965,0.0025108927799133733
5.234126984126984,0,-0.009216081303742225,93.77668952865163,-0.009173743389491635
5.238095238095238,0,0.007637789474111495,94.49567838839226,0.007667031789610571
5.242063492063492,0,-0.004651866544113575,94.05711795669917,-0.00464106337107305
5.246031746031746,0,-0.003393530313063686,93.73847324678873,-0.0033877787968917745
5.25,0,-1.2590453744333984e-06,93.73835522587186,-1.2590445818361037e-06
5.253968253968254,0,-0.009706357077123567,92.83289872909602,-0.009659402435577513
5.257936507936508,0,0.0015800046126294176,92.9796910730442,0.0015812534775682258
5.261904761904762,0,0.006233353555560604,93.56107646888984,0.006252821332660539
5.265873015873016,0,0.0019841985259677524,93.74690451781004,0.001986168350488496
5.26984126984127,0,-0.009870224952952056,92.82615296909083,-0.00982167414972344
5.273809523809524,0,-0.000641036355860346,92.76666709860282,-0.0006408309359517998
5.277777777777778,0,0.004813231610093192,93.21425085107279,0.004824833816592948
5.281746031746032,0,-0.011691328348537,92.13079827864024,-0.01162325033501156
5.285714285714286,0,-0.006631500611458447,91.52185417174603,-0.006609560736166773
5.2896825396825395,0,0.00566059457866023,92.0413913406761,0.005676646016754485
5.2936507936507935,0,0.0018403301963651527,92.21093385172637,0.001842024643268817
5.2976190476190474,0,0.002734065921110824,92.4633895815666,0.0027378068879143395
5.301587301587301,0,0.011852605139334544,93.56584218943904,0.01192312560529604
5.305555555555555,0,0.003090493955640656,93.85545415067716,0.003095274455519
5.309523809523809,0,0.004283193808263316,94.25831740556433,0.004292379793298411
5.313492063492063,0,0.017214980633175465,95.89501999561904,0.017364012376886315
5.317460317460317,0,-0.0012079532298718283,95.77925323098209,-0.001207223948044719
5.321428571428571,0,-0.00488730008234795,95.31229329491792,-0.004875376663650729
5.325396825396825,0,0.0028337528925342728,95.58276782973812,0.0028377717655299526
5.329365079365079,0,0.00290427244020142,95.86076972932433,0.002908493925196434
5.333333333333333,0,-0.003179106203491064,95.5565020674743,-0.0031740581961652156
5.337301587301587,0,-0.006364601034983525,94.95025436439171,-0.006344389863230308
5.341269841269841,0,0.014689541051031879,96.35532467698,0.014797962596246385
5.345238095238095,0,0.00219780922291749,96.56732818452653,0.0022002261759505363
5.349206349206349,0,-0.00447407541567772,96.13624374677813,-0.004464081650107334
5.353174603174603,0,0.005908707455793734,96.70596619105315,0.005926198300150987
5.357142857142857,0,-0.0005486609393009783,96.65292195778684,-0.0005485104524111721
5.361111111111111,0,-0.0014541144876332826,96.51247967801928,-0.0014530577754172838
5.365079365079365,0,0.003680875050897992,96.86838467563787,0.0036876577910544706
5.369047619047619,0,-0.007999204456147043,96.09660558597947,-0.00796729595773366
5.373015873015873,0,0.002360231477176745,96.32368369236545,0.0023630190161373237
5.3769841269841265,0,0.012189371485468878,97.50499394385791,0.012263964647213096
5.3809523809523805,0,0.0030755321292402246,97.80533530350279,0.0030802664304335164
5.384920634920634,0,-0.0022310246035479424,97.58737242476366,-0.002228537717935247
5.388888888888888,0,-0.003055574112398726,97.28964207610589,-0.00305091059693548
5.392857142857142,0,-0.0024460099741111883,97.05196144431092,-0.002443020929288957
5.396825396825396,0,-0.0014609256073168048,96.91027926735622,-0.0014598589749884722
5.40079365079365,0,-0.002241068562001505,96.6933398659876,-0.0022385592427205847
5.404761904761904,0,0.005911108404523459,97.26659730417026,0.005928613480278353
5.408730158730158,0,-0.010779302199597423,96.22376187454837,-0.010721413707531702
5.412698412698412,0,0.005568978802021382,96.7611248574161,0.005584514390201811
5.416666666666666,0,-0.0022529114008479918,96.54337599261669,-0.002250375500701554
5.42063492063492,0,0.0025134367417613307,96.78633686649782,0.0025165980719350353
5.424603174603174,0,-0.006960467637225108,96.11499782826104,-0.006936299688279172
5.428571428571428,0,0.008508477905646131,96.93627913595368,0.008544777883261925
5.432539682539682,0,0.007985651576942752,97.71347757406666,0.008017621937220274
5.436507936507936,0,0.006183741011718454,98.3195844854302,0.00620289980882302
5.44047619047619,0,-0.0094031692872947,97.39940188481259,-0.009359097736565576
5.444444444444444,0,0.005361860700327668,97.92304651023817,0.0053762612017357195
5.448412698412698,0,0.002689236219611143,98.18673912058892,0.0026928554589362094
5.452380952380952,0,-0.00997336946043321,97.21235352566843,-0.009923800338493518
5.456349206349206,0,-1.4170241985098243e-05,97.2109760128549,-1.4170141587693504e-05
5.4603174603174605,0,0.0024352403229079725,97.447996585363,0.002438207929078925
5.464285714285714,0,0.0036418338526227048,97.80353300753168,0.0036484733871082107
5.468253968253968,0,0.001255530541284214,97.92640544917883,0.00125631904971854
5.472222222222222,0,0.0019734743720963965,98.11985151833123,0.001975422954259879
5.476190476190476,0,0.009421768110444472,99.04868275161837,0.009466292691174168
5.48015873015873,0,0.007862176566402763,99.83049031141404,0.007893164634568583
5.484126984126984,0,-0.017921859689360928,98.05727935200618,-0.017762218274962587
5.488095238095238,0,-0.001860786045978364,97.87498539250919,-0.0018590558569608281
5.492063492063492,0,-0.0008983150920457329,97.78710229526352,-0.0008979117278351948
5.496031746031746,0,-0.010898294672793926,96.7271758256012,-0.010839123409771799
5.5,0,0.0007321863884084428,96.79802408102886,0.0007324545022945813
5.503968253968254,0,0.00800532344497745,97.57603352635546,0.008037451721899487
5.507936507936508,0,-0.006705845251759803,96.92389276656247,-0.006683411245823846
5.511904761904762,0,0.002258015614084338,97.14299570564219,0.002260566851224112
5.515873015873016,0,-0.005630256743874879,96.59759251969633,-0.005614436552878155
5.51984126984127,0,-0.004093759010088653,96.20295358445588,-0.004085391001437028
5.523809523809524,0,0.009445593994993296,97.11595274675494,0.009490344405045299
5.527777777777778,0,-0.0032789041203711284,96.79804033612506,-0.0032735343848084818
5.531746031746032,0,0.003050553886008622,97.09377882799102,0.003055211560472417
5.535714285714286,0,-0.011648677263149611,95.96932663935772,-0.01158109409486838
5.5396825396825395,0,0.011870386816696308,97.11530783285195,0.011941119455810409
5.5436507936507935,0,0.003935242460154848,97.49823307343058,0.003942995693713499
5.5476190476190474,0,-0.0010107520586373287,97.3997363199218,-0.0010102414208325364
5.551587301587301,0,0.0037644911112957253,97.76708777335791,0.0037715857076807604
5.555555555555555,0,-0.008742138736118258,96.91611938964944,-0.0087040373513137
5.559523809523809,0,0.007588132365951451,97.6543290059564,0.007616995201170107
5.563492063492063,0,-0.0019020233600031285,97.46876472072717,-0.0019002156598497382
5.567460317460317,0,-0.0011466282229866144,97.35706833359154,-0.0011459710960298418
5.571428571428571,0,-0.0029582503679853925,97.06948732839922,-0.0029538790569054994
5.575396825396825,0,-0.0035188711351245025,96.72851258626885,-0.0035126871637510067
5.579365079365079,0,0.004514902416207706,97.166219740474,0.004525109944337885
5.583333333333333,0,0.0017509505178737875,97.33650201766446,0.0017524843268090214
5.587301587301587,0,0.0042445162688912776,97.75052642912478,0.0042535369864148565
5.591269841269841,0,8.34875526106588e-05,97.75868772202121,8.349103779336837e-05
5.595238095238095,0,0.0033717438245925843,98.08886129119223,0.0033774345468903337
5.599206349206349,0,-0.002499610190581176,97.84398355087455,-0.002496488766351673
5.603174603174603,0,0.014184879228726454,99.24177898294707,0.014285962011611274
5.607142857142857,0,-0.009738144337132638,98.28003859853442,-0.009690882149320259
5.611111111111111,0,0.008082047405524704,99.07756099527163,0.00811479531459099
5.615079365079365,0,0.008755895867841342,99.94888283714134,0.008794340848895525
5.619047619047619,0,-0.005229207011393745,99.4275935907896,-0.0052155585090545254
5.623015873015873,0,0.014181992645674987,100.84772130999026,0.014283034195169684
5.6269841269841265,0,0.006409888225209451,101.49622011339001,0.006430475522658217
5.6309523809523805,0,0.006256489604430991,102.13322077555196,0.006276102316424807
5.634920634920634,0,0.00031541207475224703,102.16543990750246,0.00031546182237089253
5.638888888888888,0,-0.001229507284693462,102.03990394439708,-0.0012287517502886465
5.642857142857142,0,-0.0011802627270362095,101.9195410929671,-0.0011795664909245768
5.646825396825396,0,0.002599000406086982,102.18477454327855,0.0026023807355005355
5.65079365079365,0,0.008965532756071367,103.10503463334867,0.009005843523981889
5.654761904761904,0,0.001281061102273417,103.23720312254586,0.0012818820115548532
5.658730158730158,0,-0.005602666256056222,102.66041680762314,-0.005587000591618782
5.662698412698412,0,0.005332291225036959,103.20929413366616,0.005346533192745229
5.666666666666666,0,0.005941593162608289,103.82434715802096,0.005959279438130687
5.67063492063492,0,0.004262856283392833,104.26788011564584,0.004271955179740876
5.674603174603174,0,0.0048350905777833925,104.77324551956997,0.004846798490231327
5.678571428571428,0,-0.0015677979100856322,104.6091109427549,-0.0015665695569625443
5.682539682539682,0,-0.005713192794207619,104.01316292786653,-0.005696903544227813
5.686507936507936,0,-0.0053302156524813685,103.46022528633466,-0.0053160352590692185
5.69047619047619,0,-0.010163561191599998,102.41402651419577,-0.010112086739068361
5.694444444444444,0,0.0016315248404427723,102.5812539232045,0.0016328565012093282
5.698412698412698,0,-0.0003867890340361228,102.54158429147317,-0.000386714240801076
5.702380952380952,0,-0.0026327731256629607,102.27197063561681,-0.002629310418005173
5.706349206349206,0,-0.01847975963377338,100.39936514186952,-0.01831005584530213
5.71031746031746,0,-0.007718472612913767,99.62741834913601,-0.007688761693290736
5.7142857142857135,0,0.007199521324470838,100.34727627893064,0.007225500185821157
5.718253968253968,0,-0.004047861375479311,99.94190541119187,-0.004039679827601754
5.722222222222222,0,0.0024104029458402424,100.18309624117397,0.00241331030251864
5.726190476190476,0,-0.008621605872147917,99.32306980211983,-0.00858454640874532
5.73015873015873,0,0.00920188154647877,100.24124692498378,0.009244349018745122
5.734126984126984,0,-0.0007684000882997428,100.16425112757261,-0.000768104944552894
5.738095238095238,0,0.001965971649027001,100.36136490209384,0.001967905438340068
5.742063492063492,0,0.014789924445123412,101.85673283739746,0.01489983657319121
5.746031746031746,0,0.009691563613377781,102.84868285229778,0.009738678899939858
5.75,0,-0.00179229300265293,102.66451297018598,-0.0017906878046874942
5.753968253968254,0,-0.0035980470203271393,102.29578497332972,-0.003591581805520249
5.757936507936508,0,-0.0019118519231071554,102.10039741565626,-0.0019100254983558536
5.761904761904762,0,0.0033509459351182525,102.44310420262444,0.0033565666309106463
5.765873015873016,0,-0.0005239608519441559,102.38944208612246,-0.000523823608428094
5.76984126984127,0,-0.0023509151940481073,102.14901591251665,-0.002348153957158402
5.773809523809524,0,0.009381262026109925,103.11181165493,0.009425403992515664
5.777777777777778,0,-0.0005805658037486277,103.05196583701927,-0.0005803973080315811
5.781746031746032,0,0.014624938550349176,104.57016926029847,0.014732406227750426
5.785714285714286,0,0.0007105133103571603,104.64449415871228,0.0007107657847311848
5.7896825396825395,0,0.011385337656002706,105.84271519072209,0.01145039728695622
5.7936507936507935,0,0.002389789677235278,106.09595949868668,0.002392647500664857
5.7976190476190474,0,0.0062049703155037375,106.75632844404905,0.006224261022593741
5.801587301587301,0,-0.004425731681503757,106.28489756184553,-0.00441595256294947
5.805555555555555,0,-0.005239288688478089,105.72949652396741,-0.005225587554007286
5.809523809523809,0,0.003034764205996277,106.0508479818556,0.003039373764684355
5.813492063492063,0,0.006366188977721651,106.72814132259175,0.006386496229167102
5.817460317460317,0,0.0003924810149522197,106.77003831317086,0.0003925580457031415
5.821428571428571,0,-0.007964627427402643,105.92303225892384,-0.007932993821381046
5.825396825396825,0,-0.00842993338729341,105.03386124465906,-0.008394501132588997
5.829365079365079,0,-0.008851225413854566,104.10828514681957,-0.008812168636583897
5.833333333333333,0,-0.01099608378438761,102.96977278118108,-0.010935847843741475
5.837301587301587,0,0.0008285818253162931,103.0551270200667,0.0008289251940667353
5.841269841269841,0,0.00722599943856569,103.80250031755962,0.007252169970615566
5.845238095238095,0,5.4377374971565094e-05,103.80814497851192,5.4378853447817924e-05
5.849206349206349,0,-0.014100385653435805,102.35468138047557,-0.01400144081504638
5.853174603174603,0,-0.0010627890588001995,102.24595773037406,-0.0010622244985289853
5.857142857142857,0,-0.0008866483939223496,102.15534169438523,-0.0008862554373818028
5.861111111111111,0,0.013342439939838175,103.5274766640449,0.013431847487375099
5.865079365079365,0,-0.009040217167084533,102.59578349179765,-0.008999477262163184
5.869047619047619,0,-0.0023221486808263333,102.35781723195561,-0.002319454579349947
5.873015873015873,0,0.010884750712778954,103.47804218055659,0.010944205131518224
5.8769841269841265,0,0.0029734859997657924,103.78619060072603,0.002977911194258772
5.8809523809523805,0,0.0036874277050696147,104.16960114023378,0.003694234630720156
5.884920634920634,0,0.0008607029948020408,104.2592988238976,0.0008610735059170554
5.888888888888888,0,0.0022173378174120987,104.49073339949273,0.002219797928873723
5.892857142857142,0,0.005037368494200216,105.01841968715561,0.005050077365668615
5.896825396825396,0,-0.004960395609919173,104.49877666217567,-0.004948113164603772
5.90079365079365,0,0.005670138023026701,105.09298217071364,0.005686243681673724
5.904761904761904,0,-0.008510217139731477,104.2024129163061,-0.008474107747374659
5.908730158730158,0,0.002207412685628565,104.43268470337938,0.0022098508146665037
5.912698412698412,0,0.0012648511221168602,104.56486007527413,0.0012656513836657596
5.916666666666666,0,-0.003743392649407099,104.17416446645157,-0.0037363948896539513
5.92063492063492,0,-4.014913336566031e-06,104.17374621704892,-4.014905276812268e-06
5.924603174603174,0,-0.003782745456599772,103.78042783252006,-0.00377559988780051
5.928571428571428,0,-0.006612194898287591,103.09647512330089,-0.0065903824401549295
5.932539682539682,0,-0.002088674602149364,102.88136486001412,-0.0020864948392217988
5.936507936507936,0,-0.006815585824051544,102.18255220205175,-0.006792412395706933
5.94047619047619,0,0.0021723217789675468,102.40476685911469,0.002174682979376035
5.944444444444444,0,-0.007105968739658691,101.67966112752198,-0.007080781040108419
5.948412698412698,0,0.0046239225603804095,102.15090867298822,0.004634629386453329
5.952380952380952,0,-0.007303729665796936,101.4075440226793,-0.007277122249480789
5.956349206349206,0,-0.003428433766700776,101.06047027419645,-0.0034225633982938016
5.96031746031746,0,-0.0037957427448747343,100.67759782970256,-0.003788548019369838
5.9642857142857135,0,0.00848652863954022,101.53563688380589,0.008522641308494111
5.968253968253968,0,0.00221951997614258,101.76124753921997,0.00222198493394183
5.972222222222222,0,-0.0011949086960599737,101.63972475838642,-0.001194195076928883
5.976190476190476,0,0.003280526067611795,101.9737040393102,0.003285912882169773
5.98015873015873,0,-0.01313517519590348,100.64302008696792,-0.013049285253278035
5.984126984126984,0,-0.0001328271857381419,100.62965284563174,-0.00013281836459807307
5.988095238095238,0,0.012722045447929506,101.91804598336697,0.012803314940493762
5.992063492063492,0,0.0009725935146738632,102.01721903363374,0.0009730666371190974
5.996031746031746,0,0.0005667016421467954,102.07504874373546,0.0005668622478594757
6.0,0,0.0035917731247699604,102.44233837617645,0.003598231271611084
6.003968253968254,0,0.005780671619115678,103.03623881209874,0.005797411942525712
6.007936507936508,0,-0.012443968543304441,101.76200381078542,-0.012366862533065577
6.011904761904762,0,-0.010458771813104659,100.70324454555846,-0.010404269035381473
6.015873015873016,0,0.0014635995057856455,100.85074167654061,0.0014646710902687175
6.01984126984127,0,-0.004364410160848453,100.41154678531262,-0.004354899963320475
6.023809523809524,0,0.008403871169051273,101.25894822734692,0.008439282823180952
6.027777777777778,0,-0.001846523147427334,101.07214375802744,-0.0018448193724083606
6.031746031746032,0,-0.012047509278510466,99.8617817317182,-0.011975228597177874
6.035714285714286,0,-0.00784884797524957,99.08104971984449,-0.007818126197379573
6.0396825396825395,0,-0.017182441906207446,97.39313808833194,-0.017035665611993035
6.0436507936507935,0,-0.0013359633663967484,97.26311129856072,-0.0013350713646100275
6.0476190476190474,0,-0.0010478195675242088,97.16125048254148,-0.0010472707962889802
6.051587301587301,0,-0.0025349748513575038,96.91526107625049,-0.002531764515888512
6.055555555555555,0,0.006935188012681834,97.58972268887103,0.006959292119018707
6.059523809523809,0,0.0076888541955578435,98.34296792311142,0.007718489339721126
6.063492063492063,0,-0.0009344572884555392,98.25111354364856,-0.0009340208192081081
6.067460317460317,0,-0.013308417228844852,96.95220908377772,-0.01322025179179075
6.071428571428571,0,0.004027397343373212,97.34346148868354,0.004035518206374744
6.075396825396825,0,0.003637329490531018,97.6981764483804,0.0036439526011529423
6.079365079365079,0,0.002087872585020007,97.90237088439874,0.0020900537086909377
6.083333333333333,0,0.006321630159163397,98.52323383016858,0.0063416538349516235
6.087301587301587,0,-0.007198838404865083,97.81652777403198,-0.007172988833830478
6.091269841269841,0,0.012792858404620768,99.0759191958826,0.01287503707716972
6.095238095238095,0,-0.00590493786288933,98.49260595846003,-0.005887537982557352
6.099206349206349,0,0.004858549702987249,98.9723015486987,0.004870371593588915
6.103174603174603,0,-0.010490402479482396,97.93946915666632,-0.01043557011275687
6.107142857142857,0,-0.005721227815829751,97.38073498825318,-0.005704892759009987
6.111111111111111,0,0.00969111349634317,98.32905043775335,0.009738224399462269
6.115079365079365,0,-0.0015046255129230596,98.18121328746794,-0.001503494131462268
6.119047619047619,0,0.005429903969181476,98.71577785090089,0.0054446726164176515
6.123015873015873,0,0.001631567532621663,98.8769707718099,0.0016328992630993335
6.1269841269841265,0,-0.0005222853464548699,98.82534226245447,-0.0005221489792052146
6.1309523809523805,0,0.008730338377666345,99.69189809955412,0.0087685589269027
6.134920634920634,0,-0.0013519215768200883,99.55721353347818,-0.0013510081425220349
6.138888888888888,0,-0.011078706784322373,98.46033557014786,-0.011017563915260585
6.142857142857142,0,-0.004921048078684602,97.97699776465734,-0.004908959559112692
6.146825396825396,0,0.003611070409985236,98.33143917343155,0.0036175981797852527
6.15079365079365,0,0.002630362071499819,98.59042692792875,0.0026338245089692503
6.154761904761904,0,-0.009732650206527764,97.63553514042721,-0.009685441246741089
6.158730158730158,0,-0.004424040088216056,97.20454567920679,-0.004414268438233057
6.162698412698412,0,-0.0035256111642685078,96.86244366144783,-0.003519403494646996
6.166666666666666,0,-0.0021633531534490987,96.65312248794937,-0.0021610147915539723
6.17063492063492,0,-0.008528552018144779,95.8323164238886,-0.008492287087394247
6.174603174603174,0,-0.0038194770233544928,95.4669852244071,-0.003812192098807178
6.178571428571428,0,-0.004450925745946355,95.04301299637001,-0.004441035055632326
6.182539682539682,0,0.004999091587805641,95.51933131058986,0.005011607894186305
6.186507936507936,0,0.005235874054038265,96.02077008864977,0.0052496051969781
6.19047619047619,0,-0.000779630660290667,95.9459385265444,-0.0007793268272717431
6.194444444444444,0,-0.002330729691859879,95.72257488006358,-0.00232801565038678
6.198412698412698,0,0.0010203292032395918,95.82029326260502,0.001020849916165559
6.202380952380952,0,-0.005005050780476103,95.34190600394096,-0.004992546384229518
6.206349206349206,0,-0.0070854741705526384,94.6687510189588,-0.0070604313800306726
6.21031746031746,0,-0.005783948006839564,94.12277236337023,-0.005767253182406989
6.2142857142857135,0,-0.003860058160774308,93.76015330337856,-0.003852617712871313
6.2182539682539675,0,-0.00719030713775326,93.08840692935215,-0.007164518725272058
6.222222222222221,0,0.0011597681528440088,93.1964305281644,0.0011604409439969626
6.226190476190476,0,0.004735665557026098,93.63882434204851,0.004746896542892426
6.23015873015873,0,-0.00985889065902857,92.7201852334741,-0.009810451113939115
6.234126984126984,0,0.0002971848904250406,92.74774436643897,0.00029722905422941917
6.238095238095238,0,-0.001246576393672875,92.63219925061493,-0.0012457997400731134
6.242063492063492,0,0.0022901913948387494,92.84458782863949,0.0022928158862980676
6.246031746031746,0,5.7382311094534547e-05,92.84991561852064,5.738395749083901e-05
6.25,0,-0.00901792587454363,92.01636605499093,-0.008977386333385884
6.253968253968254,0,-0.007813416212361719,91.30020536286783,-0.007782970821680585
6.257936507936508,0,0.00032423999288924525,91.32981334059136,0.0003242925643575103
6.261904761904762,0,0.006619599525114882,91.93638554720266,0.00664155749830867
6.265873015873016,0,-0.013809180491777026,90.6755450286726,-0.013714271134606337
6.26984126984127,0,0.002316761631222001,90.88586218557388,0.002319447397142604
6.273809523809524,0,0.007632803127367626,91.58223031828234,0.007662007224914824
6.277777777777778,0,-0.0008250835220620542,91.50669849345002,-0.0008247432342479222
6.281746031746032,0,0.0036048388298721415,91.83716066695091,0.003611344075805779
6.285714285714286,0,-0.004290030021954771,91.44402038532178,-0.004280840988266651
6.2896825396825395,0,-0.0006130474878577637,91.38797803841014,-0.0006128596126406838
6.2936507936507935,0,-0.010071906506792327,90.47214669366905,-0.010021354716439557
6.2976190476190474,0,-0.014629085829765244,89.15825583761787,-0.014522600646360963
6.301587301587301,0,0.006077755209409439,89.7017879459166,0.006096262238335179
6.305555555555555,0,-0.006065995924013287,89.15930428115814,-0.006047634915432172
6.309523809523809,0,-0.0027306668090736207,88.91617203589081,-0.002726941929702068
6.313492063492063,0,-0.008594876371361014,88.1552233441808,-0.008558046014428828
6.317460317460317,0,-0.008743085374195674,87.38783426278908,-0.00870497574937377
6.321428571428571,0,-0.0009561856895344072,87.30431520245614,-0.0009557286896684883
6.325396825396825,0,-0.004457015439461616,86.91606438432878,-0.004447097686145409
6.329365079365079,0,0.002519882373386187,87.13535882499299,0.002523059945449417
6.333333333333333,0,0.002989612972989728,87.39624961106608,0.002994086322604381
6.337301587301587,0,0.0021600516803601737,87.58523406150486,0.002162386272635121
6.341269841269841,0,0.0016419325922697894,87.72916123893889,0.0016432813016508529
6.345238095238095,0,0.010077894357352136,88.61775652189985,0.010128847357161365
6.349206349206349,0,-0.006586319716194194,88.03600953373855,-0.006564677452848057
6.353174603174603,0,-0.0002071682403480814,88.01777315762043,-0.00020714678248999807
6.357142857142857,0,0.007274164073815598,88.66036320021232,0.007300685072333589
6.361111111111111,0,0.008104740932816216,89.3818522665876,0.008137673254801036
6.365079365079365,0,-0.008817380252247733,88.5972028472692,-0.008778621156541936
6.369047619047619,0,-0.0018287654427281996,88.43532740560111,-0.0018270942700887639
6.373015873015873,0,0.008694247626925278,89.20755815933224,0.008732152369260993
6.3769841269841265,0,0.003339486409614963,89.50596357052565,0.0033450687066269506
6.3809523809523805,0,0.0013689303687461634,89.62857490628424,0.0013698677816255862
6.384920634920634,0,-0.0012323957850478649,89.51818506430959,-0.0012316366972265958
6.388888888888888,0,-0.0022788296882041374,89.31442062695568,-0.002276235127058752
6.392857142857142,0,0.001954498327091349,89.48915621724053,0.0019564096039396137
6.396825396825396,0,-0.0014509186636265296,89.35940887947129,-0.0014498665900282222
6.40079365079365,0,-0.00012933121218649342,89.34785266610633,-0.00012932284926580337
6.404761904761904,0,0.0006340141978218427,89.40451843479427,0.0006342152273063002
6.408730158730158,0,-0.004132560243271222,89.03581125339478,-0.0041240329667279075
6.412698412698412,0,0.0034909888617526874,89.34717745052221,0.0034970894603440026
6.416666666666666,0,0.018496904601527135,91.01520276350155,0.01866903197812896
6.42063492063492,0,-0.011055074755733075,90.01456415141261,-0.010994191977894658
6.424603174603174,0,0.00217997593811981,90.2110077787369,0.002182353813254782
6.428571428571428,0,-0.004649858548305818,89.7925130776762,-0.004639064692494418
6.432539682539682,0,0.0037761832376594358,90.1322270678843,0.0037833220005121324
6.436507936507936,0,0.00043217340340565735,90.17118823759698,0.00043226680378553173
6.44047619047619,0,0.004938122858564283,90.61756587013404,0.004950335481449734
6.444444444444444,0,0.007543884284039251,91.30375932890406,0.00757241106821878
6.448412698412698,0,0.001351027995107174,91.42719662866416,0.0013519410445677854
6.452380952380952,0,0.0072701479990447985,92.09430793992705,0.007296639685588954
6.456349206349206,0,-0.014628799744485759,90.7568850481176,-0.014522318715743414
6.46031746031746,0,0.010157796632691292,91.6834731088308,0.01020956217505678
6.4642857142857135,0,0.0025015583653171403,91.91311177545866,0.0025046898731167617
6.4682539682539675,0,0.006928663821234301,92.5521581399038,0.006952722545247652
6.472222222222221,0,-0.0075456059950405165,91.85642418875818,-0.007517209378239999
6.476190476190476,0,-0.0050944694526594255,91.38965442338353,-0.005081514651772894
6.48015873015873,0,0.0010582137295271415,91.48641539829761,0.0010587738352289121
6.484126984126984,0,3.15602744784932e-05,91.48930278024164,3.156077250919509e-05
6.488095238095238,0,0.001922053383766585,91.66531920652481,0.0019239017123773314
6.492063492063492,0,0.006970692243412421,92.30652215394873,0.00699504406873139
6.496031746031746,0,-0.0109809538814215,91.29845339897945,-0.010920883285886224
6.5,0,0.006273372426355016,91.8730028962971,0.0062930912400767
6.503968253968254,0,0.00019106001776818482,91.89055783083248,0.00019107827089584207
6.507936507936508,0,-0.001144816173590765,91.78542022712493,-0.0011441611215503432
6.511904761904762,0,-0.009128266016113292,90.95139090694066,-0.009086729876274655
6.515873015873016,0,0.0033077976362398107,91.25273782534138,0.00331327443589101
6.51984126984127,0,-0.015068561139484179,89.88799851833748,-0.014955598478765614
6.523809523809524,0,0.004223387234891873,90.26843313972746,0.004232318303453774
6.527777777777778,0,-0.009260494374086813,89.4363614663101,-0.0092177480485275
6.531746031746032,0,0.00047564208506617044,89.4789112821981,0.00047575522069935865
6.535714285714286,0,-0.0006118042244406073,89.42418444903818,-0.0006116171103970852
6.5396825396825395,0,0.007506286713990902,90.09795360532358,0.007534529506046664
6.5436507936507935,0,-0.000986532891222935,90.00911284003391,-0.00098604642763413
6.5476190476190474,0,-0.004233773035424524,89.62884024710111,-0.004224823253270512
6.551587301587301,0,-0.0030524081279079364,89.35567356682905,-0.0030477542665838797
6.555555555555555,0,0.008157296637136931,90.08755533228626,0.008190658032585152
6.559523809523809,0,0.0035172422444372598,90.40497297774404,0.0035234349992847042
6.563492063492063,0,-0.002290351656827106,90.19815073634145,-0.0022877308027454742
6.567460317460317,0,-0.0013505835530578736,90.07641282455636,-0.0013496719255468729
6.571428571428571,0,-0.009733398830365485,89.20391624022386,-0.009686182619549108
6.575396825396825,0,0.0025860463322644454,89.43490023957462,0.002589393034367838
6.579365079365079,0,-0.010946908053652395,88.46120381601479,-0.010887208695392154
6.583333333333333,0,0.004874761472550517,88.89348385920944,0.004886662452545615
6.587301587301587,0,0.0009491287626150368,88.97789527386324,0.0009495793278559161
6.591269841269841,0,0.015175271872628626,90.33845635739597,0.015291000976648034
6.595238095238095,0,-0.006791313691146473,89.72701814630413,-0.0067683048365685195
6.599206349206349,0,-0.0005078214967477468,89.68146440521382,-0.0005076925772350906
6.603174603174603,0,0.01146703660886156,90.71576388210362,0.011533035100948705
6.607142857142857,0,0.00764393818124551,91.41184659055179,0.007673227658125919
6.611111111111111,0,-0.004246834797412274,91.02445874787149,-0.0042378297466784415
6.615079365079365,0,0.0015497510728289226,91.16563336497164,0.0015509525576100677
6.619047619047619,0,0.00015148365045198996,91.17944451396474,0.00015149512467954574
6.623015873015873,0,0.0019150439027470919,91.35422445545211,0.0019168787704189197
6.6269841269841265,0,-0.004262384157592167,90.96566633666322,-0.004253313090938862
6.6309523809523805,0,-0.00042377676004036246,90.92712536826825,-0.00042368697935195825
6.634920634920634,0,-0.009927894842154561,90.02887666647509,-0.00987877597752208
6.638888888888888,0,0.0009900866268306775,90.11805719423002,0.0009905769243939938
6.642857142857142,0,0.002973752666774561,90.3864448686332,0.002978178655413873
6.646825396825396,0,-0.0012937187519780045,90.26958583764093,-0.0012928822586413201
6.65079365079365,0,-0.01003497542349382,89.36826270366582,-0.009984793057500165
6.654761904761904,0,0.006366054298813601,89.93900066354276,0.006386360690141841
6.658730158730158,0,0.0024351807869491897,90.15828528043392,0.002438148247960872
6.662698412698412,0,-0.004434576341099317,89.75935667501251,-0.00442475812600666
6.666666666666666,0,-0.00162872777803282,89.61328210760203,-0.001627402120754637
6.67063492063492,0,-0.009314439777502936,88.78245991653053,-0.009271194755191519
6.674603174603174,0,-0.006320587753842778,88.22307227923653,-0.006300654857050777
6.678571428571428,0,-0.003249004146182098,87.93690029033816,-0.003243731843667679
6.682539682539682,0,0.007877212638006127,88.63233339387565,0.007908319502295123
6.686507936507936,0,-0.003889603813184421,88.28825832358118,-0.003882049102390669
6.69047619047619,0,0.004171855861580609,88.6573535823638,0.004180570166305781
6.694444444444444,0,-0.003252184443226199,88.36949185969276,-0.0032469018196402506
6.698412698412698,0,0.0017008117084105921,88.5199196144947,0.0017022589089999254
6.702380952380952,0,-0.0007518190520053986,88.45339366331888,-0.0007515365068739597
6.706349206349206,0,0.00563862851824358,88.95355828743004,0.005654555505410109
6.71031746031746,0,-0.0032301058712633918,88.66669242950184,-0.003224894691690839
6.7142857142857135,0,-0.009767107966182693,87.80489077748248,-0.00971956467987748
6.7182539682539675,0,-0.00856657173386057,87.05591653320445,-0.008529983212166685
6.722222222222221,0,-0.0032116243895034904,86.77677411864447,-0.003206472640530483
6.726190476190475,0,-0.007729449337348628,86.10862298612011,-0.007699653960526427
6.730158730158729,0,0.002722981694361797,86.34341471194926,0.0027266923762909695
6.734126984126984,0,-0.0027951747606954156,86.10240676497568,-0.00279127189696627
6.738095238095238,0,0.015097504110305545,87.41220063533382,0.01521204713746681
6.742063492063492,0,-0.010807684130968592,86.47256397603176,-0.010749490946029809
6.746031746031746,0,0.0014216573401929524,86.59558575802329,0.0014226683740472146
6.75,0,-0.006966547279585856,85.99441000667639,-0.00694233714206571
6.753968253968254,0,-0.0029692474044408688,85.7394500349046,-0.002964843549156731
6.757936507936508,0,0.0010297478341289095,85.82778552170977,0.001030278206464154
6.761904761904762,0,-0.014509573882029479,84.59145195331095,-0.014404817284795349
6.765873015873016,0,0.0016307531959990308,84.72951227449701,0.0016320835970791436
6.76984126984127,0,0.012126079158285253,85.76320369307479,0.01219989813264724
6.773809523809524,0,-0.0027175039025292102,85.5304582389175,-0.0027138148312442346
6.777777777777778,0,0.0017755245502414085,85.68245456398688,0.001777101727256372
6.781746031746032,0,0.006595288682519997,86.24942269094326,0.006617085491323619
6.785714285714286,0,-0.000893921081706479,86.17235696418564,-0.0008935216532843474
6.7896825396825395,0,-0.003520816302738501,85.86949340128734,-0.003514625496714504
6.7936507936507935,0,-0.014196902953454547,84.65902531672832,-0.014096602141370264
6.7976190476190474,0,0.004176750879887665,85.01336445323284,0.004185485660611043
6.801587301587301,0,-0.0005740050835190269,84.96458035237005,-0.0005738403741172595
6.805555555555555,0,-0.006240419748025797,84.43601665224563,-0.006220988768875984
6.809523809523809,0,0.0009363732036357268,84.51511730374622,0.0009368117378905306
6.813492063492063,0,-0.003537951752212546,84.21663521535096,-0.0035317005752059398
6.817460317460317,0,-0.003189882847300852,83.94842202697491,-0.0031848005763968857
6.821428571428571,0,0.003958164177368606,84.28136214493001,0.003966008054899934
6.825396825396825,0,-0.00829212782412504,83.58537989167459,-0.008257842962464939
6.829365079365079,0,0.006736355058478492,84.15034144270072,0.006759095331723055
6.833333333333333,0,-0.008665706345700049,83.42426980034499,-0.00862826733567172
6.837301587301587,0,-0.004035737587302278,83.08826979897677,-0.0040276049424507274
6.841269841269841,0,0.012252311303313442,84.11255526469725,0.01232767836180237
6.845238095238095,0,0.0072405563618659075,84.72378712083379,0.007266832569918714
6.849206349206349,0,0.0007537362486744827,84.78767058292787,0.0007540203792227794
6.853174603174603,0,-0.005785894565297316,84.29851452778342,-0.005769188512685663
6.857142857142857,0,-0.003195213252447832,84.029592657159,-0.0031901139911051416
6.861111111111111,0,0.0006004799832550236,84.08006589811954,0.0006006603074520527
6.865079365079365,0,0.00037526303450287406,84.11162395970628,0.00037533345448380264
6.869047619047619,0,-0.0004335441615767049,84.07516575990874,-0.0004334501948867468
6.873015873015873,0,-5.533769340074958e-05,84.07051336289094,-5.5336162298836805e-05
6.8769841269841265,0,-0.0012115473672109232,83.96871963018197,-0.0012108137400040392
6.8809523809523805,0,-0.0089447233262226,83.22099175984359,-0.008904838297303557
6.884920634920634,0,-0.003114822952184845,82.96217639587923,-0.0031099769239854866
6.888888888888888,0,0.0059004788650005805,83.45314000004853,0.005917920979152453
6.892857142857142,0,-0.008480806972350433,82.7483827078308,-0.008444946376102568
6.896825396825396,0,-0.0010551985948600762,82.6611127823194,-0.0010546420685885703
6.90079365079365,0,-0.005025075472529706,82.24677635972256,-0.005012470902587375
6.904761904761904,0,0.0008403306616690274,82.31591989536875,0.0008406838384009822
6.908730158730158,0,-0.002309270035708103,82.12604952345016,-0.0023066057229263583
6.912698412698412,0,0.00944559418904425,82.90545403414139,0.009490344600937863
6.916666666666666,0,0.0033300628040367456,83.18199459603792,0.0033356136229911694
6.92063492063492,0,-0.008124694315191439,82.50890434627024,-0.008091778191139034
6.924603174603174,0,0.0043672279168656064,82.87002751635085,0.004376778154331266
6.928571428571428,0,-0.004740959121406283,82.47807395556201,-0.00472973851386149
6.932539682539682,0,-0.0034958466017102085,82.19024665418223,-0.0034897432441841807
6.936507936507936,0,0.0021157628981398956,82.36432581882299,0.0021180027038145
6.94047619047619,0,-0.002958828683643572,82.1209840698859,-0.0029544556641224375
6.944444444444444,0,0.005763351857051042,82.59564269439723,0.005779991921521385
6.948412698412698,0,-0.0047400658984486895,82.20506032948275,-0.004728849515217883
6.952380952380952,0,-0.0037601079039623207,81.89654082919584,-0.0037530475502403557
6.956349206349206,0,-0.003995859092419554,81.56994673842686,-0.003987886270435924
6.96031746031746,0,-0.0034243003017046312,81.29110443755941,-0.003418444071830121
6.9642857142857135,0,0.007063144839369253,81.86730779075634,0.007088147678440097
6.9682539682539675,0,0.004099933217965115,82.20364729905423,0.004108349442215939
6.972222222222221,0,0.010910523313113669,83.10544269341403,0.01097026012822884
6.976190476190475,0,0.01442370466387573,84.31281753171746,0.014528228226370055
6.980158730158729,0,-0.006354018107710139,83.77879076698707,-0.006333874022529348
6.984126984126984,0,0.0005824876947226958,83.82760509718071,0.0005826573736236389
6.988095238095238,0,-0.0072704766583348,83.22034864787142,-0.007244110679355166
6.992063492063492,0,-0.004759568022614862,82.82519685948778,-0.004748259227507722
6.996031746031746,0,-0.00383025784346303,82.50856178368106,-0.003822931762467184
7.0,0,-0.006520560859324591,81.97230991663834,-0.006499348133696339
7.003968253968254,0,-0.006487378090547146,81.44224577153963,-0.006466380484309301
7.007936507936508,0,-0.0007700172626256444,81.37955797482876,-0.0007697208754125785
7.011904761904762,0,-0.007525716707878425,80.7694172285811,-0.007497469406707558
7.015873015873016,0,0.00544379009417753,81.2103079514671,0.005458634443755835
7.01984126984127,0,-0.005642414979817193,80.75337600546672,-0.005626526453680093
7.023809523809524,0,0.017837509808314892,82.20673879319222,0.0179975483331758
7.027777777777778,0,-0.002704565879999728,81.98470563933384,-0.0027009118366427423
7.031746031746032,0,0.0005925573901313202,82.03330067879115,0.0005927329869436367
7.035714285714286,0,-0.008020993580341999,81.3779439204488,-0.007988911246037539
7.0396825396825395,0,0.010886256759990543,82.26868473232531,0.010945727662365935
7.0436507936507935,0,0.007191080303107979,82.86241768275612,0.007216998209739603
7.0476190476190474,0,0.002009283065736399,83.02907911431741,0.0020113030276207038
7.051587301587301,0,-0.008345169704393654,82.3390704827252,-0.008310445436136474
7.055555555555555,0,0.0014659654792169793,82.45986523648035,0.0014670405318759534
7.059523809523809,0,-0.006925462683179415,81.89076543125398,-0.006901536930654498
7.063492063492063,0,0.009350861164071864,82.66010600202314,0.009394717056528192
7.067460317460317,0,0.005236336562001012,83.09407735573771,0.00525007013303257
7.071428571428571,0,0.0007400983203309646,83.15559790563782,0.0007403722606696029
7.075396825396825,0,-0.015208835171307456,81.90046685759769,-0.01509376493768226
7.079365079365079,0,-0.006056049479823011,81.40597243057422,-0.006037748574538179
7.083333333333333,0,0.004471376783245148,81.7707842033503,0.0044813883046137
7.087301587301587,0,0.0077793379782826995,82.40938750529241,0.007809675645937107
7.091269841269841,0,0.0071260019435283465,82.99873431014612,0.007151452312588257
7.095238095238095,0,-0.009889850368044935,82.1819349164999,-0.009841106619698455
7.099206349206349,0,0.002038489867709824,82.34963282530838,0.0020405690007040244
7.103174603174603,0,0.006536033449402586,82.88963559568913,0.00655743992843618
7.107142857142857,0,-0.01030764324640698,82.0396271211272,-0.010254701549275422
7.111111111111111,0,8.90951224315787e-05,82.04693677737225,8.909909151987384e-05
7.115079365079365,0,0.0018639338516261985,82.20000945460856,0.0018656720561261175
7.119047619047619,0,-0.0017557499079683641,82.0558134187043,-0.0017542094807655622
7.123015873015873,0,-0.011528634104519573,81.11525406935623,-0.011462434045332802
7.1269841269841265,0,-0.0019128163533464137,80.96024378523326,-0.0019109880860445892
7.1309523809523805,0,-0.0019229415187677534,80.80471155870299,-0.001921093851234081
7.134920634920634,0,-0.0007938795836461281,80.74058780457158,-0.000793564544622661
7.138888888888888,0,-0.0034106474505535196,80.46567919927641,-0.0034048377993050947
7.142857142857142,0,-0.0026518253617210147,80.25258094498405,-0.0026483123788049773
7.146825396825396,0,-0.0001112371791516292,80.24365437075278,-0.00011123099252601278
7.15079365079365,0,0.002926090915520267,80.47879845754784,0.00293037609813516
7.154761904761904,0,-0.0017788194609948647,80.335768454645,-0.00177723829933013
7.158730158730158,0,-0.002441656799934553,80.1398553529293,-0.0024386783805560156
7.162698412698412,0,0.0007206646455408933,80.19763012899969,0.0007209243866982352
7.166666666666666,0,-0.01196174403821118,79.24404126805622,-0.011890486781337709
7.17063492063492,0,0.0031439277300395205,79.49357085279468,0.0031488750541432175
7.174603174603174,0,0.00013534171043335326,79.50433037673211,0.00013535086953584297
7.178571428571428,0,0.0003889346032609756,79.53525837601946,0.0003890102481304337
7.182539682539682,0,0.006190946160085996,80.02918423506355,0.006210149676122148
7.186507936507936,0,-0.012162692656093127,79.06170934019941,-0.012089026073568727
7.19047619047619,0,-0.01229509575159456,78.0955894922104,-0.012219819885652551
7.194444444444444,0,0.0018636909906489562,78.2412712494788,0.001865428742079482
7.198412698412698,0,9.405691558668088e-05,78.24863072822362,9.406133907705125e-05
7.202380952380952,0,0.0012109028664198866,78.34343961005452,0.0012116363053070467
7.206349206349206,0,-0.0027722380516252603,78.12655371424172,-0.002768398948173468
7.21031746031746,0,0.0043239236618195466,78.46509836160749,0.0043332853078871855
7.2142857142857135,0,0.006013961368873458,78.9384062330478,0.006032081541006451
7.2182539682539675,0,0.0031876907668753193,79.19043894951388,0.00319277685594508
7.222222222222221,0,-0.0015041759582227346,79.07141213620234,-0.001503045252563899
7.226190476190475,0,-0.013138306255391424,78.03934237765162,-0.013052375449839778
7.230158730158729,0,0.004984621522061713,78.4293100764846,0.004997065415362233
7.234126984126983,0,0.007835056080342198,79.04622173206896,0.007865830452706397
7.238095238095237,0,0.0041992252307087126,79.37885252778665,0.0042080543311123425
7.242063492063492,0,-0.005402337552719729,78.95117743464196,-0.0053877711698467655
7.246031746031746,0,0.004383394604208987,79.29801119908794,0.004393015730932198
7.25,0,0.005559716515196088,79.74011350452042,0.005575200421136848
7.253968253968254,0,0.009958508249182263,80.53817322940962,0.010008259203743666
7.257936507936508,0,-0.005380084874594012,80.10603453558114,-0.0053656381378
7.261904761904762,0,-0.0012876409062402578,80.00295310884987,-0.0012868122523962363
7.265873015873016,0,0.0048462603389715616,80.39160925125378,0.0048580224516855276
7.26984126984127,0,0.0005005383454979789,80.43185840662287,0.0005006636357189505
7.273809523809524,0,-0.006899613415910672,79.87881974770248,-0.006875865731269023
7.277777777777778,0,0.002750725983408245,80.09884697127075,0.002754512701404632
7.281746031746032,0,0.0037841145468156872,80.4025243959818,0.0037912833479367197
7.285714285714286,0,0.0006930030514907631,80.45826290198244,0.0006932432335845545
7.2896825396825395,0,0.0015221439102611745,80.58082521196181,0.0015233029593081605
7.2936507936507935,0,-0.0014908051076948437,80.46078440710862,-0.001489694409773554
7.2976190476190474,0,0.009451170870531584,81.22483794178095,0.00949597422275153
7.301587301587301,0,-0.005534938553785976,80.7765053459921,-0.005519649003302774
7.305555555555555,0,-0.0035608841542009288,80.4893810795912,-0.003554551724800154
7.309523809523809,0,0.0002080911194083382,80.50613194779358,0.00020811277186719528
7.313492063492063,0,0.005675778820210649,80.96436613419807,0.005691916569804809
7.317460317460317,0,-0.009293675463326738,80.21539532791508,-0.009250622737434825
7.321428571428571,0,-0.00811520478629107,79.56706519178917,-0.00808236540474028
7.325396825396825,0,-0.01269759413714164,78.56314208380044,-0.01261731981151836
7.329365079365079,0,0.0003448494486017301,78.59023921197476,0.00034490891600840156
7.333333333333333,0,-0.006905775592171521,78.0493823238321,-0.006881985518377667
7.337301587301587,0,-0.0022835491057538156,77.87135606982974,-0.0022809437909933404
7.341269841269841,0,0.0043051798722591565,78.20732895753795,0.004314460472563806
7.345238095238095,0,-0.0039024503840043518,77.90272347707537,-0.0038948457199953768
7.349206349206349,0,0.0015958286862672872,78.02714212695938,0.0015971026984768534
7.353174603174603,0,-0.0017467626870288494,77.89096619465997,-0.0017452379849798784
7.357142857142857,0,0.00437281110401193,78.23231445835367,0.004382385793503358
7.361111111111111,0,0.003131914382006935,78.47771545600793,0.0031368239499658945
7.365079365079365,0,-0.004219883691643831,78.14724638531855,-0.00421099249346253
7.369047619047619,0,-0.0009235172960458483,78.07510936666264,-0.0009230909851930482
7.373015873015873,0,0.006713854276827005,78.60105786876848,0.006736442719995037
7.3769841269841265,0,0.002616930246549038,78.8070207321978,0.0026203573973928593
7.3809523809523805,0,-0.00866114491064098,78.12740906168256,-0.008623745247580177
7.384920634920634,0,0.004268894471988438,78.46163961625055,0.004278019181515303
7.388888888888888,0,-0.006693515816599823,77.93820913984575,-0.006671164137849662
7.392857142857142,0,0.009036884857329846,78.64571979306807,0.009077840779646603
7.396825396825396,0,0.006590105194053455,79.16571488883187,0.0066118677167939
7.40079365079365,0,0.001964995741197679,79.32142811925114,0.0019669276104935566
7.404761904761904,0,0.0011293627023739419,79.41106138637552,0.0011300006725746773
7.408730158730158,0,-0.001177890552633339,79.31757891426261,-0.0011771971118488534
7.412698412698412,0,0.004413188017473058,79.66839584425553,0.004422940472907305
7.416666666666666,0,-0.002196794034845346,79.49357288282513,-0.002194382848779148
7.42063492063492,0,0.0016228395891098777,79.62268293409498,0.0016241571058856021
7.424603174603174,0,0.005631559111224868,80.07234774821745,0.005647446149166516
7.428571428571428,0,-0.003400159680390861,79.80055131737755,-0.0033943856834891184
7.432539682539682,0,-0.0037427605151560224,79.50243520144022,-0.0037357651171070097
7.436507936507936,0,-0.007384906436151653,78.91747973519142,-0.007357705015785208
7.44047619047619,0,-0.0065666591198155055,78.40095332968495,-0.006545145729941094
7.444444444444444,0,-0.011378918950136601,77.51389170863702,-0.01131442391162899
7.448412698412698,0,0.004736378116009175,77.88189762864089,0.004747612484574352
7.452380952380952,0,0.011533979415839592,78.78538622609526,0.011600752228231372
7.456349206349206,0,0.009117617271948101,79.5070059514929,0.009159309358803824
7.46031746031746,0,-0.010104480557981113,78.70767417284588,-0.010053601806294799
7.4642857142857135,0,0.004705044121272483,79.07886981366919,0.004716130221408166
7.4682539682539675,0,0.009097316840754434,79.80155762356392,0.009138823197620393
7.472222222222221,0,-0.002738743505031851,79.58330063730637,-0.002734996568451958
7.476190476190475,0,0.0007779476332853235,79.64523636593928,0.0007782503130299655
7.480158730158729,0,-0.012509648424549059,78.65510844854924,-0.012431728030045266
7.484126984126983,0,0.0018191688082520893,78.79832559703667,0.0018208244996703881
7.488095238095237,0,-0.0065609076552715995,78.28302931350137,-0.0065394318931393395
7.492063492063492,0,0.0013964712945407761,78.39242568345445,0.0013974468146214284
7.496031746031746,0,-0.009695765106870874,77.63602400997874,-0.009648912721874806
7.5,0,0.0035585742677788777,77.91278972087447,0.0035649135105134473
7.503968253968254,0,0.006592712113204261,78.42814323551734,0.006614491875969763
7.507936507936508,0,-0.004794680506187992,78.05300539771734,-0.0047832043743976866
7.511904761904762,0,-0.00702305018336253,77.50675563881349,-0.0069984461984576255
7.515873015873016,0,-0.01344277966233035,76.4718211834024,-0.013352829013175712
7.51984126984127,0,-0.001539358627931946,76.35419418396594,-0.0015381744231558047
7.523809523809524,0,-0.003524808525712945,76.08553403528258,-0.0035186036805793896
7.527777777777778,0,-0.009631615024698009,75.35622531097391,-0.009585379580439594
7.531746031746032,0,0.002992638813769314,75.58207705348558,0.002997121227604027
7.535714285714286,0,-0.002695658081964992,75.37860798135921,-0.002692028058217764
7.5396825396825395,0,-0.006637610689551464,74.87993097007511,-0.0066156304107844194
7.5436507936507935,0,-0.003354588895166961,74.62916043636143,-0.0033489685482467695
7.5476190476190474,0,0.006887473147037645,75.1449409481311,0.00691124633794419
7.551587301587301,0,0.003937034625626167,75.44137232999539,0.0039447949272978155
7.555555555555555,0,-0.0006801983079734792,75.390074684449,-0.0006799670255466716
7.559523809523809,0,0.004038883922912821,75.69518217715526,0.004047051206452448
7.563492063492063,0,-0.007174169041208192,75.15407546097322,-0.007148496121135058
7.567460317460317,0,0.00034280135659801723,75.17984279628152,0.0003428601196975582
7.571428571428571,0,0.0010669323389690566,75.2600974073063,0.0010675017137538106
7.575396825396825,0,-0.002820802916698055,75.048102643322,-0.002816828190335553
7.579365079365079,0,0.00288201856334923,75.26470464385218,0.002886175571414477
7.583333333333333,0,-0.004777379767835456,74.90599409715665,-0.0047659862400697296
7.587301587301587,0,0.0033504574746187495,75.15738434597594,0.0033560765309806275
7.591269841269841,0,0.003615272384844627,75.42959051536043,0.003621815364561493
7.595238095238095,0,-0.01823749106096656,74.06641229118082,-0.01807219441158135
7.599206349206349,0,0.007637110021340208,74.63423111830733,0.007666347127685885
7.603174603174603,0,-0.01905939171926633,73.22521818939204,-0.01887890995596607
7.607142857142857,0,-0.0037418551993139257,72.95173201791638,-0.003734863182903988
7.611111111111111,0,0.006597974379210213,73.43465708836973,0.006619788963128789
7.615079365079365,0,-0.001859829609492148,73.29820806405269,-0.0018581011980869284
7.619047619047619,0,-0.009097214647738053,72.63442241015045,-0.009055960185578103
7.623015873015873,0,-0.0067510069801511455,72.14571839566709,-0.006728270126851852
7.6269841269841265,0,0.006607787042859226,72.6240204576289,0.006629666633003371
7.6309523809523805,0,-0.011965451899005422,71.76021942497239,-0.01189415054706982
7.634920634920634,0,0.0072508643306758245,72.28243400594936,0.007277215498525468
7.638888888888888,0,-0.00020822170821479673,72.26738480090665,-0.00020820003157945223
7.642857142857142,0,-0.007372495655933407,71.7365530023476,-0.0073453854739794185
7.646825396825396,0,-0.003534390794554846,71.4834555259511,-0.0035281521874666226
7.65079365079365,0,-0.006269022144721782,71.0367259022917,-0.006249412823883374
7.654761904761904,0,0.005595594748052319,71.43533281398626,0.0056112793295518765
7.658730158730158,0,0.004752750407794118,71.77565521424417,0.004764062640319182
7.662698412698412,0,-0.010690808310834536,71.01240260617327,-0.010633864724642988
7.666666666666666,0,-0.002403502484225073,70.84192906894995,-0.002400616384841298
7.67063492063492,0,-0.005298669677395703,70.46755380883323,-0.005284656488565036
7.674603174603174,0,0.008287235781571024,71.0539615356268,0.008321669975721915
7.678571428571428,0,-0.008365936139325698,70.46200820536177,-0.008331039078915099
7.682539682539682,0,0.01024458235786115,71.18757225611888,0.010297237748922767
7.686507936507936,0,-7.084825570275779e-05,71.18252891945478,-7.084574602435886e-05
7.69047619047619,0,-0.007180609870756763,70.67322569191519,-0.007154890887844761
7.694444444444444,0,-0.004127537445141463,70.38212049359211,-0.004119030870220972
7.698412698412698,0,-0.004910835156199696,70.03733279260274,-0.004898796719555187
7.702380952380952,0,-0.007890452321205346,69.4868810699239,-0.007859404416625696
7.706349206349206,0,0.0007362419566407447,69.53805906458541,0.0007365130492759458
7.71031746031746,0,-0.007596252011395739,69.01183165197611,-0.007567473405039
7.7142857142857135,0,-0.013596127195325384,68.07988778069742,-0.01350411732264209
7.7182539682539675,0,-0.0022528480647466607,67.9266867713566,-0.0022503123071282325
7.722222222222221,0,-0.011218037647619526,67.16894079978428,-0.01115535009270956
7.726190476190475,0,-0.004599279213066165,66.86072142340859,-0.0045887187248409905
7.730158730158729,0,-0.005587921014480005,66.48815090987905,-0.005572337623611737
7.734126984126983,0,-0.005349256503451209,66.13343830640042,-0.005334974707891757
7.738095238095237,0,0.012743771625612745,66.98162078392119,0.012825319524309216
7.742063492063491,0,0.0004942483598367462,67.01473452266427,0.0004943705206824504
7.746031746031745,0,0.0016845809573332736,67.12772140936111,0.0016860006609241314
7.75,0,-0.011051368543302853,66.38995240795887,-0.010990526505482899
7.753968253968254,0,-0.003980691630653479,66.1261997872571,-0.003972779180214566
7.757936507936508,0,0.0014951679732779597,66.22514351368645,0.0014962862942018752
7.761904761904762,0,-0.006315036621975793,65.80824705079144,-0.006295138685639269
7.765873015873016,0,0.005859147124047818,66.19495904717319,0.005876345499422199
7.76984126984127,0,-0.0074373874657791056,65.70446773636905,-0.007409798538504926
7.773809523809524,0,-0.0016650482049439424,65.59515765883614,-0.0016636627812206574
7.777777777777778,0,-0.0035528894321037014,65.36251883112615,-0.0035465853885118664
7.781746031746032,0,0.0011740117460191323,65.43930025831304,0.0011747011675789668
7.785714285714286,0,-0.003895819319052414,65.18485652336682,-0.003888240460118456
7.7896825396825395,0,-0.001567580561068194,65.08275405723344,-0.0015663525484138766
7.7936507936507935,0,-0.0013485908727858906,64.99504320545643,-0.0013476819327568005
7.7976190476190474,0,-0.0044873191395583,64.70404309757987,-0.004477266165616925
7.801587301587301,0,0.003194693028330865,64.9110831916524,0.003199801498653104
7.805555555555555,0,0.0016405944966714485,65.01766336102378,0.001641941008081756
7.809523809523809,0,-0.0004193264964258094,64.99040544742289,-0.0004192385913579111
7.813492063492063,0,-0.002572743730434098,64.8234166910161,-0.002569437061627865
7.817460317460317,0,0.005156644634291164,65.1585513574322,0.005169963009101169
7.821428571428571,0,-0.0013467272057903889,65.07085962530363,-0.0013458207756573493
7.825396825396825,0,-0.0017931224238859386,64.95428415604725,-0.001791515740342662
7.829365079365079,0,0.0007983740884886522,65.00616267993276,0.0007986928739122667
7.833333333333333,0,0.010826380414614731,65.71376761495704,0.010885197738993605
7.837301587301587,0,-0.008304561574600787,65.1703033251932,-0.008270173960321389
7.841269841269841,0,0.0049885314701586915,65.49621968036703,0.005000994909407676
7.845238095238095,0,-0.011786968449004898,64.72874976284747,-0.011717774266438453
7.849206349206349,0,0.0015075811347044273,64.82640719962126,0.0015087181064305393
7.853174603174603,0,0.010060978070272513,65.48191626259613,0.01011175987212087
7.857142857142857,0,0.0032172112443302624,65.69292466719985,0.003222392022822
7.861111111111111,0,0.0012137258537630688,65.77270627498368,0.0012144627170736439
7.865079365079365,0,-0.0033916109131853747,65.55000871180908,-0.0033858658976798645
7.869047619047619,0,0.00033446786840669266,65.5719367504047,0.0003345238090207964
7.873015873015873,0,-0.0014489575975969726,65.47699459465078,-0.0014479083653626788
7.8769841269841265,0,-0.004812298351350357,65.16265671197401,-0.004800737795355003
7.8809523809523805,0,-0.0016871558484641874,65.05280984504945,-0.0016857334011116
7.884920634920634,0,0.001388572736074407,65.14320314751876,0.0013895372495768125
7.888888888888888,0,-0.004694124360958905,64.8381294378258,-0.004683124178007281
7.892857142857142,0,-0.004940209168644559,64.51860542388037,-0.004928026405385566
7.896825396825396,0,-0.008429839345340875,63.97700993409918,-0.008394407880067355
7.90079365079365,0,0.002600225198508992,64.14358103479051,0.0026036087160507602
7.904761904761904,0,0.0035741025443731017,64.373246951257,0.0035804972650648093
7.908730158730158,0,0.0015982125176045355,64.4762113379025,0.0015994903398834292
7.912698412698412,0,0.006218891499692995,64.87843128532269,0.0062382689533704025
7.916666666666666,0,0.0006924029746186091,64.92336885979299,0.0006926427408933402
7.92063492063492,0,0.002608325678143913,65.09293119065961,0.002611730319059458
7.924603174603174,0,0.002052884763248584,65.22669673294016,0.0020549933738388125
7.928571428571428,0,-0.00043775903108873393,65.19814940625817,-0.0004376632285840646
7.932539682539682,0,-0.0032049743199580568,64.98952550740108,-0.0031998438722102437
7.936507936507936,0,0.014086739332052085,65.91149453526747,0.014186424976458254
7.94047619047619,0,-0.0027081346765500318,65.73323881053183,-0.002704470987837254
7.944444444444444,0,-0.004055746413981548,65.4671813584252,-0.0040475329821117595
7.948412698412698,0,0.0028728937922413464,65.65553204355606,0.0028770245063658773
7.952380952380952,0,0.0017254225780892836,65.76891336814037,0.0017269119761162523
7.956349206349206,0,-0.00871046606078368,65.19852326858667,-0.008672639858909583
7.96031746031746,0,0.007211097136307265,65.670375394088,0.007237159706172235
7.9642857142857135,0,-0.0004544811616578721,65.64053622677572,-0.00045437790073869446
7.9682539682539675,0,-0.006859319210324002,65.19182751312951,-0.0068358477769892905
7.972222222222221,0,0.007627524910613938,65.69098103438878,0.007656688580462726
7.976190476190475,0,0.004080274517107012,65.9595658475607,0.004088610170569985
7.980158730158729,0,-0.007826976904188309,65.44531698136586,-0.007796425879808212
7.984126984126983,0,0.01133408848320643,66.19129952509984,0.01139856261902407
7.988095238095237,0,0.004288922224795452,66.47579852164611,0.004298132814847754
7.992063492063491,0,7.465939773952707e-05,66.48076175000152,7.466218482172268e-05
7.996031746031745,0,0.0101563257694922,67.15940243816709,0.010208076296081168
8.0,0,0.001142370604167354,67.23616720386356,0.0011430233580045875
8.003968253968253,0,-3.801785581401107e-05,67.23361107754286,-3.801713314448886e-05
8.007936507936508,0,-0.00402061086744749,66.963833588758,-0.004012539033098981
8.011904761904761,0,0.0038042021332703444,67.21906271112897,0.0038114472946452357
8.015873015873016,0,0.0031412053785429225,67.43054357097185,0.003146144134019167
8.019841269841269,0,0.00023136507784082992,67.44614644884489,0.00023139184480472583
8.023809523809524,0,-0.0048375573765119355,67.12065976059087,-0.0048258752410847905
8.027777777777777,0,0.0009573700365229865,67.18494983886413,0.0009578284614988423
8.031746031746032,0,-0.0003008021323989511,67.16474350189448,-0.00030075689597337465
8.035714285714285,0,-0.008261209746972956,66.61216708572496,-0.008227179727916995
8.03968253968254,0,-0.009132657440056402,66.00659045338547,-0.00909108138697995
8.043650793650793,0,0.003699020538742534,66.25120232041145,0.003705870358486096
8.047619047619047,0,-0.01625146687490074,65.18322470709137,-0.01612012425306622
8.0515873015873,0,0.0014328535817798938,65.2766896688967,0.0014338806069402869
8.055555555555555,0,-0.0028727512940871815,65.08943507090065,-0.0028686288925779437
8.059523809523808,0,0.008380067877813471,65.63718082273884,0.008415278934923175
8.063492063492063,0,-0.0029696686381053073,65.44254928398107,-0.002965263533840801
8.067460317460316,0,0.004293248947182592,65.7241144219279,0.0043024781434628755
8.071428571428571,0,-0.0023614332916696112,65.56909441680429,-0.0023586473014822473
8.075396825396824,0,0.0008554349036916039,65.62520850632536,0.0008558008924812527
8.079365079365079,0,0.004780522740607961,65.93968238380884,0.004791967669758306
8.083333333333332,0,-0.0027749382370782037,65.7569574802349,-0.002771091654800438
8.087301587301587,0,0.006416594584625733,66.18024981280931,0.0064372250297868566
8.09126984126984,0,-0.006120819351960107,65.77640963622414,-0.00610212529761354
8.095238095238095,0,0.0019946493637200222,65.90774144676564,0.0019966400000826054
8.099206349206348,0,0.005950972832237061,66.30112597492415,0.005968715048083197
8.103174603174603,0,0.004296734268069991,66.58661719564151,0.004305978465967085
8.107142857142856,0,0.012211356853664437,67.40471501609399,0.012286219887830895
8.11111111111111,0,-0.0046703267651419115,67.09064694259204,-0.004659437747447704
8.115079365079364,0,-0.008548934777561766,66.51953804231803,-0.008512496544603681
8.119047619047619,0,-0.006124833532393288,66.11336209494729,-0.006106114975007101
8.123015873015872,0,0.00429928599919458,66.39821423861454,0.004308541188060636
8.126984126984127,0,0.003275508546394452,66.6160587378076,0.0032808788864439266
8.130952380952381,0,0.0007830452968108792,66.66824255777524,0.0007833519568169764
8.134920634920634,0,-0.006935075599073999,66.20749276954227,-0.006911083456769974
8.13888888888889,0,0.004969698762074405,66.53734301369025,0.004982068197267311
8.142857142857142,0,-0.007576026042387267,66.03515905156559,-0.007547400292514698
8.146825396825397,0,0.0074395850246780386,66.52826521020027,0.007467327492156411
8.15079365079365,0,0.018139059018195163,67.74603656281197,0.018304570978427255
8.154761904761905,0,0.0024473141305146086,67.91203543822321,0.002450311248205428
8.158730158730158,0,0.0038121248755767535,68.17141868441142,0.003819400265571003
8.162698412698413,0,-0.0029658358247454386,67.9695329765711,-0.0029614420784591622
8.166666666666666,0,-0.011264383176758805,67.20819416907862,-0.011201177559288763
8.170634920634921,0,-0.00365788621811403,66.96280332139656,-0.0036512043020341394
8.174603174603174,0,-0.006745704008714131,66.51261220574648,-0.006723002821272967
8.178571428571429,0,-0.008976383147221803,65.9182411565707,-0.008936215696012207
8.182539682539682,0,0.010988736685698702,66.64659386028636,0.011049334614157441
8.186507936507937,0,0.00185776118604859,66.77052239471026,0.0018594878934652325
8.19047619047619,0,0.0025306958274707693,66.9397122708925,0.0025339007411399896
8.194444444444445,0,-0.0018077690346022016,66.81881004643881,-0.001806136004356365
8.198412698412698,0,-0.0009500965706822461,66.75535587272628,-0.0009496453718409052
8.202380952380953,0,0.006214987060610227,67.17153146907357,0.006234340165016386
8.206349206349206,0,-6.481581154901001e-05,67.16717783284217,-6.481371104967874e-05
8.21031746031746,0,0.003481946465800716,67.40145798909602,0.003488015483349759
8.214285714285714,0,-0.0010958221301533618,67.32763843376523,-0.0010952219363381355
8.218253968253968,0,-0.0020164717283464766,67.19201094478268,-0.0020144400150910948
8.222222222222221,0,-0.008723837297293185,66.60838818999616,-0.008685895042881076
8.226190476190476,0,-0.01231975914614586,65.79282298907827,-0.012244181597542175
8.23015873015873,0,-0.0015087962127086811,65.69362987684246,-0.001507658551940958
8.234126984126984,0,0.0004947845958220026,65.7261421155633,0.0004949070219108157
8.238095238095237,0,-0.007962968803544048,65.20484518647956,-0.007931348354010668
8.242063492063492,0,-7.828234769243198e-05,65.19974099790394,-7.827928370940432e-05
8.246031746031745,0,0.0004774982079488954,65.23088119149087,0.000477612228365652
8.25,0,-0.013442684941342913,64.3598704847923,-0.013352735556976999
8.253968253968253,0,-0.005625854605409748,63.99880780639742,-0.0056100591203051085
8.257936507936508,0,0.0027044102717457604,64.17212108908745,0.0027080704880364822
8.261904761904761,0,0.002577129700216946,64.3377142541537,0.0025804533535114067
8.265873015873016,0,-0.0071285799744611085,63.88070854886843,-0.007103231915886185
8.269841269841269,0,0.0011370177873300847,63.95338335920224,0.001137664437115316
8.273809523809524,0,0.006579449024458841,64.37554866959526,0.006601141147167732
8.277777777777777,0,0.0050339884128008175,64.7004314777395,0.0050466802203379645
8.281746031746032,0,-0.00046135514901096523,64.67058848517247,-0.0004612487410887825
8.285714285714285,0,-0.0028090847885513977,64.48917823646887,-0.0028051430016784616
8.28968253968254,0,-0.003825608717157025,64.24293918149753,-0.0038183003986879127
8.293650793650793,0,0.0030858765174012165,64.44149115480106,0.0030906427357342762
8.297619047619047,0,0.0013679283954048573,64.52970282025954,0.0013688644362159445
8.3015873015873,0,0.004103761446827466,64.79506143869709,0.004112193406137983
8.305555555555555,0,0.000969615826889781,64.85791822431482,0.0009700860562839985
8.309523809523808,0,0.005296616972422622,65.20235715006301,0.005310668846275845
8.313492063492063,0,0.0007347658367216406,65.2502832196337,0.0007350358432655259
8.317460317460316,0,0.005081963173372222,65.58272677347357,0.0050948982507996055
8.321428571428571,0,0.005624556713656589,65.95263986302031,0.00564040423059024
8.325396825396824,0,-0.004929152508024629,65.62834913864243,-0.004917024171457255
8.329365079365079,0,-0.011251347974448994,64.89408024896899,-0.011188288282587564
8.333333333333332,0,0.009861979954173018,65.53723052242891,0.009910769533868978
8.337301587301587,0,0.0017556869205035083,65.65239444717926,0.001757229041146546
8.34126984126984,0,-0.010661357077326855,64.95616877690307,-0.010604726242488387
8.345238095238095,0,-0.004357751279277473,64.67372181309956,-0.0043482700584387525
8.349206349206348,0,0.005001239891304429,64.99798078312402,0.005013766966459038
8.353174603174603,0,-0.0016229095459783535,64.89258049034635,-0.0016215933404049555
8.357142857142856,0,-0.0030867948527996247,64.69257924711397,-0.003082035599773301
8.36111111111111,0,0.008963615123578496,65.27506531927001,0.009003908623446065
8.365079365079364,0,-0.006458400017316017,64.8548512521765,-0.0064375893771719955
8.369047619047619,0,-0.004889004665183628,64.53854941245973,-0.004877072934557311
8.373015873015872,0,0.001470498516270499,64.63352306580718,0.0014715802293678638
8.376984126984127,0,0.002598523766015543,64.80169321401017,0.002601902855144045
8.38095238095238,0,0.003265556112328812,65.01365267377037,0.0032708938493352857
8.384920634920634,0,0.005879149010579902,65.39700340942083,0.00589646512516475
8.38888888888889,0,0.0013898166175020348,65.48795644087102,0.0013907828601987138
8.392857142857142,0,0.0032217179318894834,65.69928039475938,0.0032269132428831165
8.396825396825397,0,-0.0014939759627134038,65.60120053180346,-0.0014928605361674522
8.40079365079365,0,0.0005338510745795127,65.63623115293647,0.0005339935984254687
8.404761904761905,0,0.0008162905504630771,65.68983126184955,0.0008166238062661505
8.408730158730158,0,0.0014938797813907083,65.78803730836458,0.0014949961756417188
8.412698412698413,0,0.005005432243083355,66.11816038661567,0.005017980346544805
8.416666666666666,0,0.0036359779742159916,66.3590021438053,0.00364259616089315
8.420634920634921,0,0.0004174298255424752,66.38670815274831,0.0004175169614960616
8.424603174603174,0,-0.004958125719382979,66.05836915327974,-0.0049458545031793675
8.428571428571429,0,0.0005651777454146128,66.09571442578795,0.0005653374884495541
8.432539682539682,0,-3.7606566161206837e-05,66.09322883966793,-3.760585904316174e-05
8.436507936507937,0,0.0013558184557086472,66.18290003432,0.0013567379930793553
8.44047619047619,0,0.014038691803802978,67.11857382133455,0.014137696996193216
8.444444444444445,0,-0.003160569481409723,66.90677578279521,-0.0031555801394577555
8.448412698412698,0,0.0027990596650772225,67.09431418335272,0.0028029806901224055
8.452380952380953,0,0.006869567258494567,67.55680984101181,0.0068932168588118955
8.456349206349206,0,0.0007562429191633691,67.60791852294902,0.0007565289429363684
8.46031746031746,0,0.014865928862973915,68.62048072149045,0.01497697637589229
8.464285714285714,0,-0.002242534805712263,68.46676932108791,-0.0022400222030854035
8.468253968253968,0,0.0021804590909250037,68.61622118830878,0.0021828380205873156
8.472222222222221,0,-0.004893114317864764,68.28129426009906,-0.004881162535759159
8.476190476190476,0,-0.002075508798913494,68.13972280028732,-0.002073356419877703
8.48015873015873,0,0.0017070251265088724,68.25613835308866,0.0017084829232807003
8.484126984126984,0,0.005470103370817377,68.63052953125082,0.0054850917030409415
8.488095238095237,0,0.0021489974019170068,68.77817494889395,0.002151308151802424
8.492063492063492,0,0.008070566897003823,69.33549974935033,0.00810322171052891
8.496031746031745,0,-0.0004593363373163905,69.30365874827372,-0.0004592308585316986
8.5,0,-0.0019535761666252685,69.16840093352197,-0.0019516691787233758
8.503968253968253,0,0.017172393990516427,70.36644516895548,0.017320687181780904
8.507936507936508,0,0.0026223526457514494,70.55121295988589,0.0026257940199588877
8.511904761904761,0,-0.004393418833871876,70.24193183036698,-0.004383781887559638
8.515873015873016,0,-0.004234561728236024,69.94511691818275,-0.004225608613684578
8.519841269841269,0,-0.005799436396314803,69.54064863905091,-0.005782652127166002
8.523809523809524,0,0.006038721272605594,69.961855729424,0.006056991106874801
8.527777777777777,0,-0.0021564723025264943,69.81114748279404,-0.002154148786630039
8.531746031746032,0,0.0009411970720997909,69.87688446127785,0.0009416401370569658
8.535714285714285,0,-0.00026117815553735804,69.85863652856399,-0.0002611440514920349
8.53968253968254,0,0.00474685793018299,70.19103384863939,0.004758142108018926
8.543650793650793,0,-0.005195097525120858,69.82733013852952,-0.005181626344101941
8.547619047619047,0,-0.006636579649700688,69.36544984826736,-0.00661460619138423
8.5515873015873,0,0.0015518291139935564,69.47317673809039,0.0015530338238804384
8.555555555555555,0,0.003924576544582201,69.74636526198665,0.003932287779586635
8.559523809523808,0,0.0022336455635303745,69.90232803926546,0.0022361420081602424
8.563492063492063,0,-0.004960190313504865,69.5564576893478,-0.004947908883998386
8.567460317460316,0,0.004406642244102443,69.86364444813395,0.004416365769489005
8.571428571428571,0,-0.004546994499475388,69.54669596869115,-0.00453667257049721
8.575396825396824,0,-0.003146495761621644,69.32821149508354,-0.003141550731697582
8.579365079365079,0,-0.005807459386390347,68.92675756449866,-0.0057906286910829295
8.583333333333332,0,0.008335416048052576,69.50369191917564,0.008370252352827009
8.587301587301587,0,0.004129069538007133,69.79127080428253,0.0041376058906527026
8.59126984126984,0,0.003949988929097869,70.06749072498017,0.003957800417078488
8.595238095238095,0,0.007995582347608816,70.62996678222225,0.008027632378756701
8.599206349206348,0,0.017856913736728028,71.90252820112983,0.018017301676374015
8.603174603174603,0,-0.010628223504744723,71.14237873553272,-0.010571943499271222
8.607142857142856,0,-0.004512446365670632,70.82207578560867,-0.004502280576177258
8.61111111111111,0,-0.003742649293968447,70.55750899285717,-0.003735654311409505
8.615079365079364,0,-0.005220770947774182,70.19010430213957,-0.005207166408820261
8.619047619047619,0,-0.006649247516179593,69.72494113180966,-0.006627190185208747
8.623015873015872,0,-0.0017487479851325525,69.6031163329739,-0.0017472198162986558
8.626984126984127,0,-0.00752499414628491,69.0813190131458,-0.007496752262238394
8.63095238095238,0,0.002249457420256259,69.23688940769061,0.0022519893477307797
8.634920634920634,0,0.0004645577024593551,69.26906141025647,0.00046466562610041816
8.63888888888889,0,0.0031690846518843425,69.48892913532592,0.003174111509426111
8.642857142857142,0,0.0033372774998096065,69.72122036957613,0.0033428524103143284
8.646825396825397,0,0.003937475015161658,69.99628711164064,0.003945237054177066
8.65079365079365,0,-0.0022133663115040197,69.84153101695965,-0.00221091862250007
8.654761904761905,0,0.01350083636144611,70.79084393822266,0.01359238417944375
8.658730158730158,0,0.001615666112190903,70.90531075100213,0.0016169720038842282
8.662698412698413,0,-0.011593662244670304,70.08800546222052,-0.011526714714667126
8.666666666666666,0,-0.006175484786207104,69.65651176348702,-0.006156455671521042
8.670634920634921,0,-0.01082524936142583,68.90652935125517,-0.010766867206591825
8.674603174603174,0,0.00024808678842195994,68.92362627149555,0.00024811756449424774
8.678571428571429,0,-0.0006284118997625961,68.88032745074372,-0.0006282144903583528
8.682539682539682,0,-0.0028119156452869123,68.68691383915404,-0.0028079659134603845
8.686507936507937,0,0.012806532694454796,69.57221174563284,0.012888887518689624
8.69047619047619,0,0.0035971559337483984,69.82292449602447,0.003603633463720588
8.694444444444445,0,0.004712878631171009,70.15276811079048,0.0047240017107101845
8.698412698412698,0,-0.005726322781159447,69.75219870603132,-0.005709958645203599
8.702380952380953,0,-0.006155132316307573,69.32418329070249,-0.006136228294862414
8.706349206349206,0,0.0003707417400559237,69.34988942391745,0.0003708104732686614
8.71031746031746,0,0.0012287314283136775,69.43515418562137,0.0012294866280560188
8.714285714285714,0,-0.011554774831200253,68.6374640537018,-0.011488274797908512
8.718253968253968,0,-0.0009969385922975584,68.5690708145036,-0.0009964418141186458
8.722222222222221,0,0.00022753467867932917,68.58467443111331,0.00022756056665776376
8.726190476190476,0,-0.0012164234620954382,68.5012971453195,-0.0012156839189721334
8.73015873015873,0,-0.004984989087000605,68.16066864666684,-0.004972584649456811
8.734126984126984,0,-0.0032598632895237986,67.93883595372812,-0.003254555704091295
8.738095238095237,0,-0.0009752193093707572,67.8726129852571,-0.0009747439375632187
8.742063492063492,0,0.0007108752734388405,67.92087910113361,0.0007111280051493939
8.746031746031745,0,0.003948717751874589,68.18960970363457,0.003956524209600607
8.75,0,0.006947642987272378,68.66501633275189,0.006971833849519067
8.753968253968253,0,-0.0017153274811851562,68.54733430370464,-0.0017138571478225355
8.757936507936508,0,-0.0027346250490216935,68.36013911725354,-0.0027308893679471994
8.761904761904761,0,0.0028958604890037634,68.5583874543666,0.002900057543373086
8.765873015873016,0,0.0039868501709154555,68.83226506483273,0.003994808230407102
8.769841269841269,0,-0.0025963167433956584,68.65378649626525,-0.0025929492280888766
8.773809523809524,0,0.005117899788746391,69.00605035232776,0.005131018608590399
8.777777777777777,0,0.006309696509515247,69.44283412478171,0.006329644577885693
8.781746031746032,0,0.00827574879365275,70.01991015006537,0.008310087463405388
8.785714285714285,0,0.011341257628049703,70.81854418707032,0.01140581350780507
8.78968253968254,0,-0.005319019765362851,70.44285897505831,-0.005304898827340379
8.793650793650793,0,0.00022643937832446417,70.45881181835982,0.00022646501765570705
8.797619047619047,0,0.00020993169987605263,70.47360490921113,0.00020995373707743446
8.8015873015873,0,-0.00047891652188650387,70.43986201612269,-0.00047880185967430906
8.805555555555555,0,-0.003951083065359068,70.16209736713479,-0.003943287806615438
8.809523809523808,0,-0.009219272105673844,69.51822647097497,-0.009176904914781223
8.813492063492063,0,0.0007227145218412146,69.5684864624034,0.0007229757429068837
8.817460317460316,0,-0.004701296810189178,69.24219196353647,-0.004690263012165655
8.821428571428571,0,0.0006805968994389758,69.28933402524801,0.0006808285580611378
8.825396825396824,0,-0.0048631152575209025,68.953190023758,-0.004851309457924853
8.829365079365079,0,-0.0067883075640653625,68.48669969363658,-0.0067653190513840495
8.833333333333332,0,0.0016148298273352248,68.59738340270273,0.0016161343671296025
8.837301587301587,0,0.0010896051446416424,68.67216820011829,0.0010901989799896885
8.84126984126984,0,0.0037880223057899344,68.93279322009714,0.0037952059299967414
8.845238095238095,0,0.013908536331288928,69.89824593243739,0.014005710014646667
8.849206349206348,0,0.0018856487478069455,70.030173818089,0.0018874277013918048
8.853174603174603,0,0.00319461679646853,70.25425111761045,0.0031997250228668565
8.857142857142856,0,-0.006649109441118799,69.78867247020918,-0.006627053025188171
8.86111111111111,0,-0.007967865987344181,69.23481514123863,-0.007936206684644051
8.865079365079364,0,0.010109777184108385,69.93831381120214,0.01016105363361398
8.869047619047619,0,-0.005678486917063916,69.54229546785525,-0.005662394784293688
8.873015873015872,0,-0.006437340624840318,69.09606583113428,-0.006416665336094564
8.876984126984127,0,-0.00010741116365850681,69.08864454087097,-0.00010740539528599863
8.88095238095238,0,-0.0004292699109713606,69.05899322924306,-0.00042917778782549764
8.884920634920634,0,-0.005546367712698403,68.67702690095653,-0.005531015012317515
8.88888888888889,0,-0.0017822618093248552,68.55473546877869,-0.0017806745238724843
8.892857142857142,0,0.007883227976421592,69.09730386267738,0.007914382430163954
8.896825396825397,0,-0.004938393604626372,68.75691535716936,-0.004926219786874785
8.90079365079365,0,-0.008640422546126455,68.16538576845528,-0.008603201374600074
8.904761904761905,0,0.006076670575309711,68.5808654504915,0.006095170992613347
8.908730158730158,0,0.0032400679369677223,68.80343248517376,0.0032453226307414132
8.912698412698413,0,-0.0037700110018758443,68.54453112487289,-0.0037629134325050354
8.916666666666666,0,-0.009827826485494313,67.87418677591255,-0.009779691216197782
8.920634920634921,0,-0.004551797352888836,67.56593930443995,-0.00454145362345596
8.924603174603174,0,-0.00020571667186113416,67.55204129385035,-0.00020569551363748467
8.928571428571429,0,0.0074819328414639265,68.05935661309378,0.007509992437336082
8.932539682539682,0,-0.006390963775485677,67.6257786965447,-0.006370585002939499
8.936507936507937,0,-0.00039353631901588423,67.59917073246935,-0.0003934588937555757
8.94047619047619,0,0.0043919004819250405,67.89671247157253,0.004401559011436861
8.944444444444445,0,-0.014861685366165545,66.89511404889363,-0.01475179557623304
8.948412698412698,0,0.006651129625043135,67.34152504674596,0.006673297507588727
8.952380952380953,0,-0.0073098495675022,66.85106341332546,-0.007283197597322904
8.956349206349206,0,0.0022302639176536997,67.00032531275727,0.0022327528061737096
8.96031746031746,0,0.001692846666270243,67.11384264671297,0.0016942803400704935
8.964285714285714,0,0.006971140953599082,67.58333725897371,0.006995495917766955
8.968253968253968,0,0.003609386277094918,67.82771238584807,0.0036159079558021378
8.972222222222221,0,-0.014836633576053929,66.82880599857937,-0.01472711303583835
8.976190476190476,0,-0.0048047556874426505,66.50848007302388,-0.004793231313489596
8.98015873015873,0,0.0010094993702752988,66.57565424221157,0.0010100090862694869
8.984126984126984,0,-0.0010893689428555181,66.50316828127555,-0.0010887757959135262
8.988095238095237,0,0.0031475536851567256,66.71282034615172,0.0031525124335345218
8.992063492063492,0,0.005111430792635706,67.05469129083914,0.005124516440971563
8.996031746031745,0,0.003971774554075437,67.32154700199729,0.00397967250345935
9.0,0,-0.0012109163734724594,67.2400755759422,-0.0012101835100826281
9.003968253968253,0,-0.011491941034537514,66.47177965336478,-0.011426160901762905
9.007936507936508,0,-0.0027303732809277064,66.29053442842091,-0.0027266492019474
9.011904761904761,0,0.0027617616837083566,66.4738661291035,0.0027655788607426858
9.015873015873016,0,-0.006730283130354462,66.02798034117896,-0.006707685499419041
9.019841269841269,0,0.0041155459004629516,66.30028147454799,0.0041240263894484885
9.023809523809524,0,0.005861228787001406,66.6900236612085,0.0058784393971259095
9.027777777777777,0,0.0009380757195210932,66.7526133054623,0.0009385158501634012
9.031746031746032,0,-0.019161110154228535,65.48573528424745,-0.018978702982272493
9.035714285714285,0,-0.007912311018970991,64.96963623996452,-0.007881091081023596
9.03968253968254,0,0.01202076374404501,65.75533376892275,0.012093303494209241
9.043650793650793,0,-0.003303975593137728,65.5384382570775,-0.0032985234719889837
9.047619047619047,0,-0.012360038572857454,64.73336624204376,-0.012283967034365795
9.0515873015873,0,0.007920216024867496,65.24810421388186,0.007951663905650865
9.055555555555555,0,0.0002230212075477356,65.26265754766456,0.00022304607862613524
9.059523809523808,0,0.007099359715813299,65.72762917711857,0.0071246199116912585
9.063492063492063,0,0.0018835645509659078,65.85154807744279,0.0018853395729559502
9.067460317460316,0,0.0030275399265888695,66.05121837085285,0.0030321275541660042
9.071428571428571,0,0.0024256322057204438,66.21162880306505,0.0024285764315742386
9.075396825396824,0,0.00453265225964416,66.51242427763262,0.0045429402660096254
9.079365079365079,0,0.014485352210616784,67.48289198393599,0.014590773330596071
9.083333333333332,0,0.006255653856546142,67.90636476601098,0.006275261323652151
9.087301587301587,0,-0.009816313068531934,67.2430356796357,-0.009768290331266694
9.09126984126984,0,0.002952591959487116,67.44187032044569,0.0029569551523126116
9.095238095238095,0,0.007329541838327233,67.93800432697874,0.00735646867703534
9.099206349206348,0,0.007715191831059006,68.46418625017523,0.007745030611496774
9.103174603174603,0,-0.0025484699045284927,68.28992947037021,-0.0025452253119354596
9.107142857142856,0,0.007477349110731511,68.80247095151553,0.007505374293404704
9.11111111111111,0,0.005983116674467009,69.21535810702284,0.006001051267450349
9.115079365079364,0,0.01634422551174409,70.35592497968074,0.016478523030889904
9.119047619047619,0,-0.004585677961064013,70.03403397338981,-0.004575179793085579
9.123015873015872,0,-0.0030574343021738592,69.82023651798339,-0.003052765109713043
9.126984126984127,0,-0.0017894798582653209,69.69540633489568,-0.0017878796938134238
9.13095238095238,0,-0.0029492203877253785,69.4901620257187,-0.002944875709465096
9.134920634920634,0,-0.00546771483863907,69.11124648074662,-0.005452794092375608
9.138888888888888,0,-0.017264330971069056,67.9283275806857,-0.017116156346427918
9.142857142857142,0,-0.0025994604028303247,67.7519798866344,-0.0025960847312457586
9.146825396825397,0,0.0024656259619919734,67.91923703927414,0.002468668117442872
9.15079365079365,0,-0.002968116692999112,67.7179436968851,-0.002963716189460139
9.154761904761905,0,0.012330644373964797,68.55811888373995,0.012406980203291633
9.158730158730158,0,0.00022314858895924089,68.57341923829331,0.00022317348845767967
9.162698412698413,0,0.008271607496926762,69.1429840076221,0.008305911760787812
9.166666666666666,0,0.0017856826977445085,69.26656174030718,0.0017872779785067885
9.170634920634921,0,0.005344765611801862,69.63776639481235,0.005359074352454506
9.174603174603174,0,0.0018979453351351651,69.77006057253688,0.001899747573385616
9.178571428571429,0,0.00876142158989821,70.38403118777894,0.00879991518143669
9.182539682539682,0,0.0004912736721100803,70.4186175042162,0.0004913943667844307
9.186507936507937,0,0.0032641555885845985,70.64885038162767,0.0032694887456105126
9.19047619047619,0,0.0024465694591049385,70.82190931531986,0.0024495647523969737
9.194444444444445,0,-0.0016771387987330397,70.70323069148735,-0.001675733187369529
9.198412698412698,0,0.0026900377013958933,70.89368109219058,0.0026936590993176107
9.202380952380953,0,0.014214199222941763,71.90857385519814,0.014315701306125965
9.206349206349206,0,-0.0015644517398179492,71.7961643143004,-0.0015632286231136714
9.21031746031746,0,0.0027812693417747216,71.99612673073385,0.002785140659577643
9.214285714285714,0,0.008062151527680018,72.57891652697472,0.008094738185297748
9.218253968253968,0,0.007321809396041343,73.11227571438047,0.007348679381395155
9.222222222222221,0,0.00021269538303648656,73.12782801176053,0.00021271800430325364
9.226190476190476,0,-0.01487504869593486,72.04809843306532,-0.01476496168492166
9.23015873015873,0,0.0033938106981030534,72.29303143332994,0.003399576194119305
9.234126984126984,0,-0.013842484753077903,71.29921059202849,-0.013747118105262711
9.238095238095237,0,0.00939862306971131,71.97248396279159,0.009442928823090958
9.242063492063492,0,0.0012064739291287954,72.05936929020946,0.0012072020115743514
9.246031746031745,0,0.006436243290587757,72.52465666748913,0.006457000413170414
9.25,0,-0.0055438771267503646,72.12370133275145,-0.005528538198753388
9.253968253968253,0,-0.009640988927590145,71.43169868178552,-0.0095946635874006
9.257936507936508,0,0.0017814871120015866,71.55906675097674,0.0017830749029030496
9.261904761904761,0,-7.2792885683118e-05,71.55385794959531,-7.279023634529967e-05
9.265873015873016,0,-0.002957527266461333,71.34254809504384,-0.0029531580910752224
9.269841269841269,0,0.0006722048281629774,71.39052102233705,0.0006724308084606593
9.273809523809524,0,0.01757209636420212,72.65608891284305,0.01772739395066279
9.277777777777777,0,0.005395905700956936,73.04919394225496,0.00541048981983434
9.281746031746032,0,0.006750108680373023,73.5439518967674,0.006772942010879903
9.285714285714285,0,0.0054551915967057125,73.94624453920876,0.0054700982482706025
9.28968253968254,0,0.00945862438119215,74.64899256621074,0.009503498539798452
9.293650793650793,0,-0.0010584501058096489,74.57002213263503,-0.001057890145077328
9.297619047619047,0,-0.012804890691365162,73.62124858494545,-0.012723256887359334
9.3015873015873,0,-0.00104909208408552,73.5440536152303,-0.001048541979372058
9.305555555555555,0,0.005252343219748868,73.93134843889804,0.005266160955636
9.309523809523808,0,-0.0059702793655079306,73.49127262979,-0.005952492662456145
9.313492063492063,0,-0.000972112170002298,73.41986558273068,-0.0009716398220375647
9.317460317460316,0,-0.0042188508837377415,73.11077058923368,-0.0042099640341716794
9.321428571428571,0,0.009600783799177767,73.81607159469763,0.009647019170768293
9.325396825396824,0,0.004860024320075726,74.1756926736061,0.004871853393703114
9.329365079365079,0,0.004243209010985536,74.49110434673754,0.004252224168897358
9.333333333333332,0,0.004054609101149082,74.79374979625298,0.004062840149431908
9.337301587301587,0,-9.575934629198236e-05,74.7865879385786,-9.575476151212756e-05
9.34126984126984,0,0.0013833764924750535,74.89011753998305,0.0013843337991226296
9.345238095238095,0,-0.0073270722011037695,74.34339761572888,-0.0073002946478522655
9.349206349206348,0,-0.013634400948839618,73.33664872962986,-0.01354187350035856
9.353174603174603,0,0.0010843111445469917,73.41621160281079,0.0010848992224100054
9.357142857142856,0,0.002179835663422648,73.57642143124589,0.00218221323243846
9.36111111111111,0,0.0077565396444493635,74.14933891716034,0.007786699526420881
9.365079365079364,0,0.010037374116323824,74.8973513324709,0.010087917522045794
9.369047619047619,0,0.01002894972235409,75.65227230810133,0.010079408179327598
9.373015873015872,0,-0.006148068802612709,75.18858378790935,-0.006129208099706553
9.376984126984127,0,-0.002080172249350554,75.03234114459114,-0.0020780101904685376
9.38095238095238,0,0.0031647105390732867,75.27017292124968,0.0031697235222900204
9.384920634920634,0,0.01608838917609588,76.49094253335863,0.01621850415284929
9.388888888888888,0,0.009462637481107343,77.21818397769798,0.009507549786331851
9.392857142857142,0,0.007190428195934595,77.77541675530068,0.007216341396524073
9.396825396825395,0,-0.0023039456154196653,77.5964326888305,-0.002301293569834174
9.40079365079365,0,-0.00542474583030262,77.17663145114972,-0.005410058467046826
9.404761904761905,0,0.0051085414288184056,77.57190023411434,0.005121612274757475
9.408730158730158,0,-0.00679462535607794,77.04661481358309,-0.006771594081695772
9.412698412698413,0,-0.0013631189401863318,76.94166266103785,-0.0013621903155536515
9.416666666666666,0,-0.0005841442279043053,76.89673075754274,-0.0005839736488806759
9.420634920634921,0,0.010173291860811045,77.68301641800502,0.01022521572394878
9.424603174603174,0,-0.0020954940976269237,77.5204025533165,-0.002093300082653049
9.428571428571429,0,-0.015226939514128556,76.34894555930536,-0.015111595856399448
9.432539682539682,0,0.003316591479156725,76.60258419696484,0.003322097454016915
9.436507936507937,0,-0.004264534883283762,76.27660537256884,-0.004255454666617746
9.44047619047619,0,0.00040743910031316327,76.3076897761075,0.00040752211489747495
9.444444444444445,0,-0.0004072993871313772,76.27661602941686,-0.0004072164519961905
9.448412698412698,0,-0.0015852842201074867,76.15579170941001,-0.0015840283208183314
9.452380952380953,0,0.005117566580423251,76.54652298788015,0.005130683690624951
9.456349206349206,0,-0.009517252210126682,75.8214661699446,-0.009472106499865122
9.46031746031746,0,-0.0031179945956635916,75.58542342941782,-0.0031131386987121898
9.464285714285714,0,0.004447922711384599,75.92237035236124,0.004457829402226993
9.468253968253968,0,-0.003729481586044842,75.6397466177554,-0.0037225357071199914
9.472222222222221,0,-0.009995640778493345,74.88744501398727,-0.009945850394897126
9.476190476190476,0,0.004350391688747809,75.21394441757225,0.004359868380126849
9.48015873015873,0,0.007213720057794374,75.75847845373379,0.0072398016136258
9.484126984126984,0,-0.0001445542768566052,75.74752803314925,-0.00014454382939054115
9.488095238095237,0,-0.012213277332411107,74.8280289443875,-0.012138997966499107
9.492063492063492,0,0.0045860802767468175,75.17198439288357,0.004596612437188584
9.496031746031745,0,-0.01031742191703103,74.40039058759675,-0.010264379895229919
9.5,0,0.002084141487881346,74.55561322511825,0.0020863148203339467
9.503968253968253,0,-0.005451607725001506,74.15027115499599,-0.005436774678499219
9.507936507936508,0,-0.007167411851449604,73.62070569666119,-0.0071417872124545905
9.511904761904761,0,-0.0026448825564948397,73.42624485277516,-0.0026413879362583263
9.515873015873016,0,-0.0010157771830929172,73.35169801651101,-0.0010152614560860935
9.519841269841269,0,-0.003919241642202948,73.0647776095907,-0.003911571438410524
9.523809523809524,0,0.003847370960712121,73.34642636942677,0.0038547815931362756
9.527777777777777,0,-0.0026710840703568885,73.15077331753585,-0.002667519899407756
9.531746031746032,0,0.006313510993220477,73.61407251237787,0.0063334832132382266
9.535714285714285,0,0.0019101133451684535,73.75481811190703,0.0019119387737376117
9.53968253968254,0,-0.004255308477527148,73.44163542618915,-0.00424626748103028
9.543650793650793,0,-0.0053160196419501345,73.05225414598807,-0.005301914614802336
9.547619047619047,0,-0.010239362285346401,72.3080621776403,-0.010187118481799876
9.5515873015873,0,0.0019703357615344134,72.45067378863727,0.00197227814854971
9.555555555555555,0,-0.0020948027016526784,72.29906277447088,-0.00209261013373954
9.559523809523808,0,-0.014804538321767308,71.23659262447066,-0.014695489944516658
9.563492063492063,0,-0.00323579760393597,71.00645796413495,-0.003230568052979292
9.567460317460316,0,-0.005537091978289921,70.61437517631556,-0.005521790539353483
9.571428571428571,0,0.010064724734842751,71.32867802574854,0.010115544429153293
9.575396825396824,0,-0.010587608122705082,70.57746174414291,-0.010531756684659816
9.579365079365079,0,-0.008940767701826276,69.94925755231961,-0.008900917889349023
9.583333333333332,0,0.00713104040910032,70.44985129026202,0.007156526823290361
9.587301587301587,0,0.008685693419042257,71.0644222236795,0.008723523501637956
9.59126984126984,0,-0.0045540625083828196,70.74152620513479,-0.004543708489297506
9.595238095238095,0,-0.003842877526354008,70.47019686053068,-0.003835503121848154
9.599206349206348,0,0.00402080700402064,70.75411432780763,0.004028901293391603
9.603174603174603,0,-0.014520461917649677,69.73415496667131,-0.01441554842183124
9.607142857142856,0,-0.011585529279981853,68.93090986687828,-0.011518675463650995
9.61111111111111,0,-0.0016295653095882354,68.81867392014026,-0.0016282382889592642
9.615079365079364,0,0.009902281739705022,69.50352099654191,0.009951471561285874
9.619047619047619,0,-0.0026059526635812086,69.32263390483878,-0.0026025601165176686
9.623015873015872,0,0.0007747309104792195,69.37636110149336,0.0007750310919860046
9.626984126984127,0,0.007281089970691754,69.88334006849048,0.00730766155716086
9.63095238095238,0,0.013411015187299903,70.8268592370678,0.013501346210020958
9.634920634920634,0,-0.0034949149304391,70.57975744064017,-0.0034888148237741047
9.638888888888888,0,3.282749867045007e-05,70.58207443556408,3.282803749868066e-05
9.642857142857142,0,0.011616757914364862,71.40679029508783,0.011684494485589204
9.646825396825395,0,-0.009450065225490377,70.73516989572336,-0.00940555368178615
9.65079365079365,0,0.0066120411856577695,71.20442340450161,0.006633948988459348
9.654761904761905,0,-0.006275896003545006,70.75895117904776,-0.0062562437016478465
9.658730158730158,0,0.0007844041260581007,70.81447656663264,0.0007847118514296799
9.662698412698413,0,-0.0013894674509885344,70.71615048265039,-0.0013885025880234902
9.666666666666666,0,-0.005896016941040551,70.30043360258026,-0.00587866954341753
9.670634920634921,0,-0.0060540711444730345,69.87611549805958,-0.00603578218193455
9.674603174603174,0,0.0018801357141780706,70.00761565871294,0.0018819042775359647
9.678571428571429,0,0.006410197181038361,70.45781968595668,0.006430786465268057
9.682539682539682,0,-0.0006783723722504552,70.4100392559669,-0.0006781423297338419
9.686507936507937,0,0.000580560273749096,70.45092839578862,0.0005807288314825536
9.69047619047619,0,0.003736947304926107,70.71469233180144,0.00374393839824252
9.694444444444445,0,-0.005981734069573034,70.29295845492003,-0.00596387911726499
9.698412698412698,0,0.0047985137077416196,70.63107074908943,0.004810045011638761
9.702380952380953,0,0.005300265253787812,71.00642802705136,0.005314336509145552
9.706349206349206,0,0.016540192920891615,72.1906547161193,0.01667773921280434
9.71031746031746,0,-0.0022303448141346863,72.0298240842972,-0.0022278594432277965
9.714285714285714,0,-0.002746755223821298,71.83224726053,-0.0027429863432120514
9.718253968253968,0,0.004982918562413087,72.19107476043133,0.004995353947370123
9.722222222222221,0,0.00529876014793118,72.57461319210758,0.005312823405788606
9.726190476190476,0,-0.0032318433434450526,72.34044201765808,-0.003226626559203148
9.73015873015873,0,-0.002400797256492032,72.16697559510351,-0.0023979176476719303
9.734126984126984,0,0.0035476927571576064,72.42345654051607,0.0035539932676624244
9.738095238095237,0,-0.0050744018014447405,72.05688168283366,-0.005061548774288421
9.742063492063492,0,-0.0024472321516523033,71.88075736168227,-0.002444240120279726
9.746031746031745,0,0.0007032702739530338,71.93132674149052,0.0007035176264739735
9.75,0,0.0064127128915280164,72.39408386625557,0.0064333183569394315
9.753968253968253,0,-0.0036697244002179144,72.12890439564187,-0.0036629991907014404
9.757936507936508,0,-0.011467042315641305,71.30652334732676,-0.01140154637320121
9.761904761904761,0,-0.01193454030746678,70.46057083836774,-0.011863606150569065
9.765873015873016,0,-0.007794667712086419,69.91348903223465,-0.007764368066049539
9.769841269841269,0,-0.00813329018748059,69.34716848445129,-0.008100304470890803
9.773809523809524,0,-0.0008350673428332904,69.28928310119238,-0.0008347187711334564
9.777777777777777,0,-0.007350352123205244,68.78184966387461,-0.007323404350665936
9.781746031746032,0,-0.004288051245168479,68.48754102400692,-0.0042788706803597336
9.785714285714285,0,-0.00473739383746314,68.16385588657366,-0.004726190086453553
9.78968253968254,0,-0.0026360498024750084,67.98440918685756,-0.002632578474062558
9.793650793650793,0,0.00846988310083151,68.56267464877368,0.008505854045546508
9.797619047619047,0,0.004308766752202782,68.85873258600299,0.004318062834419784
9.8015873015873,0,0.0002404946546345853,68.87529473458909,0.00024052357579245403
9.805555555555555,0,-0.002765303697496788,68.6850967262234,-0.002761483767127542
9.809523809523808,0,-0.00259022032362624,68.50741740638672,-0.0025868685974913736
9.813492063492063,0,0.0022034975854892743,68.65853977296807,0.0022059270704209116
9.817460317460316,0,0.003818808154853672,68.92123483633193,0.0038261090933850266
9.821428571428571,0,-0.005578563984232154,68.5378237538773,-0.005563032690362379
9.825396825396824,0,0.0003686960484007457,68.56309803763928,0.00036876402514279425
9.829365079365079,0,-0.012659111438193687,67.70062075490814,-0.012579321929964414
9.833333333333332,0,0.0014725603699360385,67.80038744426025,0.0014736451193452433
9.837301587301587,0,0.004939977832077169,68.1361484985151,0.0049521996394328
9.84126984126984,0,-0.0016253776272019107,68.02549148122361,-0.001624057416363666
9.845238095238095,0,0.011581933368941047,68.81793836616498,0.011649263646408961
9.849206349206348,0,-0.005412391534121718,68.44647489882239,-0.005397770932428817
9.853174603174603,0,0.0015086347552389667,68.54981356027673,0.001509773317137352
9.857142857142856,0,-8.678580268255999e-05,68.54386466782664,-8.678203690372587e-05
9.86111111111111,0,-0.0004929270280994871,68.51008587024654,-0.0004928055595311715
9.865079365079364,0,-0.0005812730774975575,68.4702743735897,-0.0005811041710307583
9.869047619047619,0,0.0008135871592916794,68.52600357682128,0.0008139182110983072
9.873015873015872,0,0.005480526882335953,68.90259319371373,0.005495572443099027
9.876984126984127,0,0.008817811397043887,69.51284987528132,0.0088568028180287
9.88095238095238,0,0.00012471368091962625,69.52151961926707,0.00012472145799402966
9.884920634920634,0,0.005274897381460629,69.88920740617243,0.005288834146880004
9.888888888888888,0,-0.004281827344794763,69.59059364930259,-0.004272673391965211
9.892857142857142,0,0.004963954706192468,69.93689701015333,0.004976295540686488
9.896825396825395,0,-0.004661206523457219,69.61166526460103,-0.004650359959565636
9.90079365079365,0,0.0070094006884860284,70.10131539122384,0.007034024035506204
9.904761904761905,0,0.014064617459498748,71.09422968788797,0.01416398952177765
9.908730158730158,0,-0.0006301673174448551,71.04944254105993,-0.0006299688037220103
9.912698412698413,0,-0.013672836861991673,70.08460616029294,-0.013579788190589302
9.916666666666666,0,-0.0033136460675194596,69.8527549293048,-0.0033081620014793305
9.920634920634921,0,0.007898972821302683,70.40670487953587,0.007930252010700451
9.924603174603174,1,0.013539399692616824,71.36645193612277,0.013631472431908744
9.928571428571429,1,0.005875207746377125,71.7869787990636,0.005892500629247621
9.932539682539682,1,0.02501922817647823,73.60569010903896,0.02533483565405447
9.936507936507937,1,0.011810253860710437,74.48014560127928,0.011880270274552785
9.94047619047619,1,0.030286965186176684,76.77043100469997,0.030750280963217747
9.944444444444445,1,0.02277047363091354,78.53858452863066,0.023031699845770522
9.948412698412698,1,0.037946421916283085,81.57610992722093,0.03867558114041325
9.952380952380953,1,0.008643986121268064,82.28430911159327,0.008681453246595866
9.956349206349206,1,0.022413567444662007,84.14941781308183,0.022666638653538268
9.96031746031746,1,-0.008135700218541084,83.4675807480431,-0.008102694977085325
9.964285714285714,1,-0.01555221330859885,82.17951720938403,-0.015431902148299436
9.968253968253968,1,0.042609676720518574,85.75683277372407,0.04353050110072409
9.972222222222221,1,0.005051020373070292,86.19108807612834,0.005063798281241098
9.976190476190476,1,0.019884258530610783,87.92208673319134,0.020083267257677968
9.98015873015873,1,0.002721129892318288,88.16165995870102,0.0027248355266722055
9.984126984126984,1,-0.01517563065760061,86.833851814723,-0.01506106106214504
9.988095238095237,1,-0.00012008251635711242,86.8234252133309,-0.00012007530674033095
9.992063492063492,1,0.03578682274783974,89.98682617058297,0.03643487859963368
9.996031746031745,1,0.013593909407749717,91.21845126703906,0.013686726700654286
10.0,1,-0.04352189545595606,87.333602546841,-0.04258840910185191
10.003968253968253,1,-0.005820475903356318,86.82675589294097,-0.005803569750008361
10.007936507936508,1,0.044512756876991494,90.77896344637718,0.04551831417390945
10.011904761904761,1,-0.005783999944835077,90.25541349286004,-0.005767304820861591
10.015873015873016,1,-0.0457646240558689,86.2179984552126,-0.04473321744813548
10.019841269841269,1,0.04730352289380372,90.39441437051414,0.048440186389517075
10.023809523809524,1,0.01679784962696368,91.92567105421534,0.016939726800206726
10.027777777777777,1,-0.0021609836158286992,91.72723567022189,-0.00215865037173813
10.031746031746032,1,-0.009755672655794686,90.83672561043164,-0.00970824045098051
10.035714285714285,1,0.026875879720124833,93.31114467642821,0.02724029349768223
10.03968253968254,1,-0.014053523413241528,92.00896585208724,-0.01395523363105702
10.043650793650793,1,0.028536516894617607,94.67240313079147,0.028947584118986205
10.047619047619047,1,0.013265211632298326,95.93661910208274,0.013353584883069801
10.0515873015873,1,0.005768579604621885,96.49163641807023,0.005785249899174633
10.055555555555555,1,0.0032698030507551756,96.80766145344676,0.0032751546880941803
10.059523809523808,1,-0.004805605516167628,96.34355806362446,-0.004794077068429544
10.063492063492063,1,0.025950829069321283,98.87647679440751,0.02629048357452519
10.067460317460316,1,-0.022201415230670863,96.70546798454544,-0.021956777590044985
10.071428571428571,1,-0.04126549711834567,92.79608483285601,-0.04042566809473674
10.075396825396824,1,0.015085610419493203,94.20658277887452,0.015199972591074796
10.079365079365079,1,0.015508885403916284,95.67901021677284,0.015629772298974956
10.083333333333332,1,0.011704114211604858,96.80542727836081,0.011772875357259228
10.087301587301587,1,0.009876963826747501,97.76630846467745,0.009925902021522623
10.09126984126984,1,-0.00847368374192737,96.94136776554444,-0.008437883275822435
10.095238095238095,1,0.019445873627638346,98.84492554015014,0.019636176159691425
10.099206349206348,1,-0.0015447822881632382,98.69234952860272,-0.0015435897261662542
10.103174603174603,1,-0.01267093341743586,97.4497146365445,-0.012590995127723565
10.107142857142856,1,-0.008255747761676634,96.64850621107358,-0.00822176266456143
10.11111111111111,1,0.050518509195796674,101.65647724298182,0.051816331449254315
10.115079365079364,1,-0.044114113432419784,97.26946781425873,-0.043155237597277636
10.119047619047619,1,0.012196651100270758,98.46309389957293,0.012271333565774964
10.123015873015872,1,-0.0427064312568985,94.34661229890824,-0.04180735580849477
10.126984126984127,1,-0.003124049175576862,94.0523287600037,-0.003119174411606556
10.13095238095238,1,-0.011323210990733336,92.99336116863185,-0.011259344721533265
10.134920634920634,1,-0.05293460015442118,88.19881302601489,-0.05155796158311427
10.138888888888888,1,0.009406000459779726,89.03232496346773,0.00945037590479867
10.142857142857142,1,-0.009972884456820147,88.14882869934844,-0.009923320147843027
10.146825396825395,1,-0.05329185333041126,83.57419229612717,-0.05189673499603922
10.15079365079365,1,0.02075830200216482,85.3271822189779,0.020975254138734842
10.154761904761903,1,0.035761931525079484,88.43386648990895,0.03640908078926481
10.158730158730158,1,0.03715077872013095,91.78104364737248,0.037849494659892714
10.162698412698413,1,0.00864802673144802,92.57821055842521,0.008685528943378332
10.166666666666666,1,0.0007637306081802976,92.648942378069,0.0007640223246607749
10.170634920634921,1,0.033069575755881,95.76402697777179,0.03362245180297081
10.174603174603174,1,0.041995256285337575,99.87130123597765,0.042889531568667046
10.178571428571429,1,0.02816642109665053,102.72430925838464,0.028566845401021054
10.182539682539682,1,-0.02412134297316928,100.27610663452774,-0.023832748465593523
10.186507936507937,1,0.0046765880257411485,100.74615492851294,0.004687540330004983
10.19047619047619,1,0.010677940460251757,101.82768032821977,0.010735153122958512
10.194444444444445,1,-0.045994886997182446,97.2502048652922,-0.04495315466455805
10.198412698412698,1,0.011429951560829881,98.36814683648412,0.011495523045328849
10.202380952380953,1,0.056877185113880006,104.12522129376786,0.058525799686494726
10.206349206349206,1,0.01572805031427071,105.77585460866888,0.01585238710075961
10.21031746031746,1,0.03672969452664361,109.73320060668235,0.037412564641090974
10.214285714285714,1,0.004212192575089339,110.19639282207258,0.004221076327212824
10.218253968253968,1,-0.0022417537461029936,109.94963633263761,-0.002239242892762657
10.222222222222221,1,0.009210310604871364,110.96698448863056,0.00925285603414841
10.226190476190476,1,-0.020953724668313425,108.66600409138715,-0.02073572069969216
10.23015873015873,1,-0.02468167744631973,106.01677305004141,-0.024379575410887144
10.234126984126984,1,0.03151105024448808,109.41066463176806,0.032012779526166296
10.238095238095237,1,0.03418295129716072,113.21530043138296,0.03477390263937958
10.242063492063492,1,-0.025370357147964716,110.37911743788588,-0.025051234088416932
10.246031746031745,1,0.023994451805625493,113.05963401037289,0.02428463494460701
10.25,1,-0.00258801082034706,112.76741275320065,-0.0025846648074722037
10.253968253968253,1,0.00816554585526076,113.69198993443702,0.008198974851537246
10.257936507936508,1,0.011199594304714424,114.97245103573809,0.011262544547241073
10.261904761904761,1,0.024658451314580367,117.84273658464545,0.024964985290391067
10.265873015873016,1,0.0016874773748740072,118.04176141414547,0.0016889019660284465
10.269841269841269,1,0.03513591696397038,122.26299106720698,0.03576047665242408
10.273809523809524,1,0.0073996453313178315,123.17104934949337,0.007427090359560665
10.277777777777777,1,0.01533113991014759,125.07395149750865,0.015449264726290546
10.281746031746032,1,-0.021393069149403955,122.4266536804709,-0.021165860559626142
10.285714285714285,1,0.05399626896235277,129.2189657313844,0.055480664109639824
10.28968253968254,1,0.01144164990355899,130.7059343637164,0.01150735593583886
10.293650793650793,1,0.017569021011674357,133.0226008618506,0.017724264084961954
10.297619047619047,1,-0.04091929890585786,127.68927149675572,-0.04009340766561716
10.3015873015873,1,-0.021126967836606565,125.0198817100134,-0.020905356851457974
10.305555555555555,1,0.03079491165323605,128.92975098035203,0.03127397992111124
10.309523809523808,1,0.006832151292274085,129.8136345199803,0.006855543681015842
10.313492063492063,1,-0.04861954199218231,123.65312904248461,-0.04745653644377022
10.317460317460316,1,0.02576562165911841,126.88052821023109,0.02610042457265754
10.321428571428571,1,-0.01409886413540252,125.1042083520779,-0.013999940599316483
10.325396825396824,1,0.03516501999089877,129.5817656407108,0.035790620856109116
10.329365079365079,1,-0.0026100764618157434,129.24398832839657,-0.0026066731738386747
10.333333333333332,1,0.004761298250055599,129.86082480977993,0.004772651241743589
10.337301587301587,1,0.029310037669788472,133.72337977677006,0.029743804358612097
10.34126984126984,1,-0.023011522580729943,130.6813364642789,-0.022748776747711294
10.345238095238095,1,-0.025414213430281964,127.40202021203623,-0.025093990779158
10.349206349206348,1,-0.005348120191019812,126.72247765271551,-0.005333844457016283
10.353174603174603,1,0.020445970022934763,129.34011046457366,0.020656420710394523
10.357142857142856,1,-0.03393178002509381,125.02499409275951,-0.03336255362945583
10.36111111111111,1,-0.04242734663070804,119.83146813396229,-0.04153990165313661
10.365079365079364,1,0.020358991009626543,122.29611969563936,0.02056764888269339
10.369047619047619,1,-0.015590450739850777,120.4042539059756,-0.01546954878349398
10.373015873015872,1,-0.010279991948420407,119.17283945504334,-0.010227333428716867
10.376984126984127,1,-0.04718404973331648,113.6803794900489,-0.04608818578218389
10.38095238095238,1,-0.017505495979039623,111.70766511247733,-0.01735316495617643
10.384920634920634,1,-0.0005875033490452203,111.64205575985413,-0.0005873308027448147
10.388888888888888,1,0.023046493046900624,114.24489153494952,0.023314115432397843
10.392857142857142,1,-0.019829998953471664,112.00172990757574,-0.019634677728128977
10.396825396825395,1,0.04136512739395815,116.73185234570042,0.042232583746947217
10.40079365079365,1,-0.017646015858452744,114.69006788941698,-0.017491236669805003
10.404761904761903,1,-0.017609120917029677,112.68815431444303,-0.017454986397812566
10.408730158730158,1,0.03834094373182851,117.0926206520949,0.03908544216068823
10.412698412698411,1,0.004931469606553193,117.67148550607294,0.004943649315851544
10.416666666666666,1,-0.014306541116086867,115.99999866757447,-0.014204688853121934
10.420634920634921,1,-0.004305812875021685,115.50159815950106,-0.004296556153433847
10.424603174603174,1,0.033697424048400884,119.46002430881722,0.03427161366070288
10.428571428571429,1,0.036548013006138864,123.9068165663696,0.03722410306946709
10.432539682539682,1,-0.020978078967519635,121.3345643709927,-0.020759569704538117
10.436507936507937,1,-0.001466056907780315,121.15681132462221,-0.0014649827713310668
10.44047619047619,1,0.0018749131270118017,121.38418290497545,0.0018766718756239172
10.444444444444445,1,-0.025247740305623254,118.35787110310018,-0.02493168161987284
10.448412698412698,1,-0.001799956835448475,118.14502365955046,-0.0017983378846366106
10.452380952380953,1,-0.0002627019204568214,118.11399081131565,-0.0002626674173287277
10.456349206349206,1,0.028333752924937863,121.5084654591777,0.028738971772486334
10.46031746031746,1,0.03002742557142756,125.21238312021126,0.03048279514547855
10.464285714285714,1,-0.008692122514188546,124.12873815594243,-0.008654455232503043
10.468253968253968,1,-0.005787937881360002,123.4123638949559,-0.005771220038397268
10.472222222222221,1,0.016341767261210918,125.4457089983354,0.01647602427508999
10.476190476190476,1,-0.015142188310811064,123.560495598977,-0.015028121841803207
10.48015873015873,1,0.014435512252741202,125.35709083505374,0.014540207429303982
10.484126984126984,1,-0.0026118606749985663,125.03010278866687,-0.002608452734573299
10.488095238095237,1,-0.024823373568216876,121.96463882832094,-0.024517807247806177
10.492063492063492,1,-0.024506844326121192,119.01199813872873,-0.024208989736348458
10.496031746031745,1,0.03606562643376227,123.3825805661429,0.0367238807495662
10.5,1,-0.004338276192273443,122.84847224672282,-0.0043288794655563
10.503968253968253,1,0.040936212646428174,127.98177559414972,0.04178565067636622
10.507936507936508,1,-0.0133392426367948,126.28593142068073,-0.013250669211268924
10.511904761904761,1,0.006940855962055332,127.16551287360598,0.006964999529482253
10.515873015873016,1,0.05989296104964357,135.01453644163462,0.061722894758659795
10.519841269841269,1,-0.027040466977731974,131.41259883635087,-0.026678146666383247
10.523809523809524,1,-0.04821725588508468,125.22657883179896,-0.047073264354625416
10.527777777777777,1,0.03202219866656471,129.3015050624427,0.0325404260713452
10.531746031746032,1,-0.021230456583433643,126.58531012468742,-0.02100667688627038
10.535714285714285,1,-0.0009185767299820521,126.46908519338045,-0.0009181549675278967
10.53968253968254,1,-0.015160576572814916,124.56620179485769,-0.015046233596242853
10.543650793650793,1,0.006360241548805596,125.36099779506188,0.0063805108348175725
10.547619047619047,1,-0.024348086505168644,122.34555645832941,-0.024054062984262527
10.5515873015873,1,-0.004930889429495252,121.74376894040358,-0.004918752550941993
10.555555555555555,1,0.010937455460068865,123.08264458990452,0.010997488094494095
10.559523809523808,1,-0.025803821185570217,119.94726835068363,-0.025473747738095652
10.563492063492063,1,-0.01803728481864437,117.80314056125047,-0.017875586654999453
10.567460317460316,1,-0.00915005003906014,116.73015236437891,-0.009108315718575271
10.571428571428571,1,-0.03639959023847776,112.55762252051107,-0.035745090358856556
10.575396825396824,1,-0.011044361342011352,111.321335035075,-0.010983596292742252
10.579365079365079,1,0.002596566043155932,111.6107638313836,0.0025999400404010608
10.583333333333332,1,-0.010464512406749723,110.44890137315623,-0.010409949886040087
10.587301587301587,1,-0.007234870272694168,109.65270157406584,-0.007208761600990282
10.59126984126984,1,-0.0008983003672394371,109.55424474049866,-0.000897897016250367
10.595238095238095,1,-0.016920007543990433,107.71617997873943,-0.01677766814159578
10.599206349206348,1,0.01701631450479318,109.56479608492845,0.01716191668284118
10.603174603174603,1,0.03578642228274004,113.55673065355988,0.03643446354371979
10.607142857142856,1,-0.012098111410956795,112.19118558836345,-0.012025223492585826
10.61111111111111,1,0.011829020860873311,113.52617772137968,0.011899260409943217
10.615079365079364,1,-0.006434610188680492,112.79802621944467,-0.006413952416526072
10.619047619047619,1,0.008812590053775939,113.79646192399149,0.0088515352441049
10.623015873015872,1,0.0390571102938328,118.3289598610857,0.03982986694368029
10.626984126984127,1,0.012420190344371276,119.80779274829827,0.012497641227884361
10.63095238095238,1,-0.045082671502698915,114.52647970379834,-0.04408154864847027
10.634920634920634,1,0.01104278924239735,115.7981801187641,0.011103985892649161
10.638888888888888,1,0.030668420938639463,119.40454555713517,0.03114354158823904
10.642857142857142,1,-0.005980524037771798,118.6925749030838,-0.005962676301219423
10.646825396825395,1,0.02469081359010598,121.65967040968467,0.024998156026386498
10.65079365079365,1,-0.017786102518623594,119.51494869862296,-0.017628863400988893
10.654761904761903,1,-0.03782889376771917,115.07827666795323,-0.0371223188310744
10.658730158730158,1,0.0031602995237285042,115.44253376850119,0.003165298535005493
10.662698412698411,1,-0.04465587860414915,110.4007563054292,-0.043673482368139636
10.666666666666666,1,-0.006438487032239733,109.69222584731409,-0.0064178043867284505
10.670634920634921,1,0.032028551779628545,113.26237717950228,0.032546985938252775
10.674603174603174,1,-0.04851832741302297,107.89825737322995,-0.04736012027869692
10.678571428571429,1,-0.03263711420913148,104.4336151206819,-0.032110270702180664
10.682539682539682,1,-0.026401593641560417,101.71248045829297,-0.02605611860936253
10.686507936507937,1,-0.001992335890603476,101.51003676783377,-0.0019903525068605157
10.69047619047619,1,-0.009612022207318598,100.53899435704842,-0.009565974377551138
10.694444444444445,1,0.034858097614894515,104.10539020768309,0.035472762319156956
10.698412698412698,1,0.023650492154666605,106.59688027254289,0.023932382942799566
10.702380952380953,1,0.012082879806944273,107.89269035821273,0.012156172698082508
10.706349206349206,1,0.0032727136041849057,108.2463706652374,0.003278074778286158
10.71031746031746,1,0.009511633631815017,109.280882634953,0.00955701298212492
10.714285714285714,1,-0.02211673917477688,106.8904772809289,-0.021873957241076707
10.718253968253968,1,0.021202845239179823,109.18105712095002,0.021429222679968246
10.722222222222221,1,-0.02841770676761303,106.12205266056397,-0.028017721581476824
10.726190476190476,1,0.020652696287460547,108.33654812211391,0.020867439010373186
10.73015873015873,1,0.029491156318320614,111.57909643948905,0.02993032705565139
10.734126984126984,1,0.004916463150142888,112.12902169136368,0.004928568785936213
10.738095238095237,1,-0.004836977128019204,111.5879657705065,-0.004825297792631362
10.742063492063492,1,0.009690036172150453,112.67451303441494,0.009737136584630776
10.746031746031745,1,-0.07250031091424698,104.79467251277464,-0.06993454251036785
10.75,1,0.007219365820678952,105.55396108288565,0.0072454882667663525
10.753968253968253,1,-0.003253077667292847,105.21114375740771,-0.0032477921430984218
10.757936507936508,1,-0.0016725339348945428,105.035321624373,-0.0016711360294695546
10.761904761904761,1,0.017406120529928765,106.87958324930658,0.01755848981477916
10.765873015873016,1,-0.0022808251326041033,106.6360874009534,-0.0022782260273717147
10.769841269841269,1,-0.029127337643202897,103.57486118910472,-0.02870722554118467
10.773809523809524,1,-0.00395983779419948,103.16553251168945,-0.003952007974868953
10.777777777777777,1,0.0013054127991407407,103.30029405884736,0.0013062652213094033
10.781746031746032,1,0.0024992369579483766,103.55878885685198,0.002502362654043683
10.785714285714285,1,0.0036831591582338207,103.94091564334889,0.0036899503240147066
10.78968253968254,1,0.02579281282482426,106.65671775316859,0.026128325818664918
10.793650793650793,1,-0.02776232389731628,103.73640431887112,-0.027380492254185457
10.797619047619047,1,0.004030409957963159,104.15534824661295,0.004038542982981958
10.8015873015873,1,0.03210634785365425,107.55365782825415,0.03262731716469235
10.805555555555555,1,-0.044104926751199654,102.91309959571619,-0.043146447329091654
10.809523809523808,1,0.004129845471767257,103.3389936270116,0.004138385035223206
10.813492063492063,1,-0.01514697719743688,101.78551519931592,-0.015032838749162947
10.817460317460316,1,-0.009737849070587072,100.79915352962493,-0.00969058974412482
10.821428571428571,1,-0.023195831471974314,98.48794221328194,-0.02292887623965746
10.825396825396824,1,-0.004669101857362441,98.0291638542768,-0.0046582185463030735
10.829365079365079,1,0.04599845513531766,102.64367042861419,0.04707279336990939
10.833333333333332,1,-0.03225747573810623,99.38547777503253,-0.031742752767669684
10.837301587301587,1,-0.029868227277707462,96.46090308471992,-0.02942657977589686
10.84126984126984,1,-0.033202492977114986,93.3107465432244,-0.032657340339523465
10.845238095238095,1,0.0431300240946341,97.42329086496747,0.04407364075517269
10.849206349206348,1,-0.012046690940065033,96.25670345669899,-0.011974420058191566
10.853174603174603,1,-0.0010428689923427609,96.15637265039538,-0.0010423253934590605
10.857142857142856,1,-0.010546001534980497,95.14763581606401,-0.01049058743094348
10.86111111111111,1,-0.02419404509905753,92.87325381612193,-0.023903715320250707
10.865079365079364,1,-0.006322064745185671,92.28795518976379,-0.0063021225412971124
10.869047619047619,1,0.06154509120120937,98.14625144367508,0.06347844896839921
10.873015873015872,1,0.0346800647390082,101.60967861995948,0.03528843053442508
10.876984126984127,1,-0.021888838250925163,99.40972584148967,-0.021651016008997086
10.88095238095238,1,0.015920508243050142,101.00504464830244,0.01604791476194748
10.884920634920634,1,-0.02134922983455996,98.87152032215766,-0.021122948200989835
10.888888888888888,1,-0.04515708262930254,94.50607802374434,-0.0441526769709744
10.892857142857142,1,0.02529243505132563,96.92685144387944,0.025615002450180405
10.896825396825395,1,0.028834766698068198,99.76239930878671,0.029254513302219752
10.90079365079365,1,0.02596121379033695,102.38626427643918,0.026301141370217166
10.904761904761903,1,-0.012236316817267067,101.14106735765638,-0.012161757512910132
10.908730158730158,1,-0.00459917889101125,100.67696954814187,-0.004588618863130758
10.912698412698411,1,0.018495490761098875,102.55636611365817,0.01866759174368666
10.916666666666666,1,0.009467947499273143,103.53197562560071,0.00951291030399194
10.920634920634921,1,-0.010315557356523541,102.46947515683439,-0.010262534471559365
10.924603174603174,1,-0.04119360054716223,98.33414779821503,-0.040356675510341694
10.928571428571429,1,0.002472559786021877,98.5775856910031,0.002475619082881448
10.932539682539682,1,0.026791661914224867,101.25434028005242,0.02715378521685175
10.936507936507937,1,-0.030573213833279888,98.20551338142593,-0.03011057985459171
10.94047619047619,1,0.015698398141498638,99.759347069725,0.015822265316856755
10.944444444444445,1,0.007957240075294072,100.55632280251731,0.007988983049731531
10.948412698412698,1,0.018505134135934343,102.43445499292366,0.018677415184472072
10.952380952380953,1,0.021574891951724746,104.66848005983947,0.02180931276561276
10.956349206349206,1,-0.017895704675994835,102.81202468522207,-0.017736527496683027
10.96031746031746,1,-0.04114037256753607,98.66812493161133,-0.040305594275553976
10.964285714285714,1,-0.013840253821149555,97.31193966102265,-0.013744917839764748
10.968253968253968,1,0.02200707713698815,99.47722948473177,0.02225101905533626
10.972222222222221,1,-0.014054040047834577,98.08895083014382,-0.013955743055762028
10.976190476190476,1,-0.017885073339987134,96.35021778271886,-0.01772608466814824
10.98015873015873,1,-0.046290540206873516,91.9917698578105,-0.045235475593185956
10.984126984126984,1,0.04376574189162504,96.10725975426114,0.04473758796913949
10.988095238095237,1,0.020409202692364424,98.08888521229962,0.02061889458824742
10.992063492063492,1,0.01900272985880382,99.97066464714166,0.01918443084320172
10.996031746031745,1,0.023987562325291565,102.39771027382595,0.024277578180066962
11.0,1,0.014134859399892384,103.85536511536283,0.014235228870244756
11.003968253968253,1,-0.006553333862750631,103.17699146662093,-0.006531907600425055
11.007936507936508,1,-0.004523292950983808,102.7113456286174,-0.004513078268560909
11.011904761904761,1,-0.011170434712864568,101.57039954365993,-0.01110827706495899
11.015873015873016,1,0.06599240132040123,108.49939001052843,0.06821860008427032
11.019841269841269,1,0.013610841133146794,109.98625375007069,0.013703890311253804
11.023809523809524,1,-0.01208349802328153,108.66523242317929,-0.012010785728671276
11.027777777777777,1,0.011332590798858152,109.90369527829822,0.011397047864361277
11.031746031746032,1,-0.02586832791809012,107.0971275607064,-0.025536609214867906
11.035714285714285,1,0.03751318053853586,111.19098823397483,0.03822568136524391
11.03968253968254,1,-0.017054200891454204,109.31079296755641,-0.01690960118514263
11.043650793650793,1,0.012229340701424665,110.65579940522531,0.012304424852796302
11.047619047619047,1,0.02646328614087387,113.62320598043682,0.026816548171548917
11.0515873015873,1,0.00929843060590578,114.68465071379384,0.009341795315473356
11.055555555555555,1,0.0019835946480609742,114.91236434426948,0.001985563273361228
11.059523809523808,1,-0.00012463844282508196,114.89804273864608,-0.00012463067577706132
11.063492063492063,1,-0.0018190073595586093,114.68923232472123,-0.0018173539683337598
11.067460317460316,1,-0.014928261427005467,112.98983754596102,-0.01481738733718842
11.071428571428571,1,-0.011722743240777815,111.6730201278531,-0.01165429959638846
11.075396825396824,1,0.03688534765960803,115.86902818574431,0.03757405372476887
11.079365079365079,1,-0.0031316914751614846,115.50672973752386,-0.0031267928444146586
11.083333333333332,1,-0.02019703025348384,113.19723776891675,-0.019994436461452835
11.087301587301587,1,-0.013406302004404767,111.68980851654597,-0.013316837778745233
11.09126984126984,1,0.027329909566143312,114.78437538430445,0.02770679714523872
11.095238095238095,1,0.016626861607544632,116.70883382570275,0.016765857155689307
11.099206349206348,1,0.01372214277399116,118.32136751229699,0.013816723496718624
11.103174603174603,1,-0.006885749679134978,117.50943478472199,-0.006862097224244674
11.107142857142856,1,0.014050550861987001,119.17216082911155,0.01414972378546156
11.11111111111111,1,-0.016613041492905205,117.20870343423479,-0.016475805936692216
11.115079365079364,1,-0.006938484099719176,116.39826755869476,-0.006914468395213943
11.119047619047619,1,0.024039950736441593,119.23038172602102,0.024331239860577232
11.123015873015872,1,0.021632901414932907,121.83778195158267,0.021868589094624784
11.126984126984127,1,-0.025138627894649854,118.81312444191724,-0.024825283760232675
11.13095238095238,1,-0.021954065724761617,116.23311774263038,-0.02171482916054532
11.134920634920634,1,0.0023422113967138617,116.50567934952873,0.00234495651662597
11.138888888888888,1,0.043097622158916424,121.63656748302382,0.04403981129625335
11.142857142857142,1,-0.04866453059038254,115.8589048384034,-0.047499389074973274
11.146825396825395,1,0.0066165054582329194,116.62802756110288,0.006638442886822018
11.15079365079365,1,-0.03506985824055248,112.6087881738435,-0.034462036881774974
11.154761904761903,1,-0.016380464042245555,110.77922938796452,-0.016247033784384135
11.158730158730158,1,-0.009579558395707889,109.72308008965787,-0.0095338205920161
11.162698412698411,1,-0.010992639691699238,108.52353894533404,-0.010932441409260668
11.166666666666666,1,-0.01384721879867593,107.03114634672495,-0.013751787060325257
11.17063492063492,1,-0.00021522454501870172,107.00811309569903,-0.00021520138587781412
11.174603174603174,1,-0.013883997941277523,105.53267883785745,-0.013788059756946101
11.178571428571429,1,-0.03724728771448223,101.67417821134158,-0.036562140457404045
11.182539682539682,1,0.0192540417440467,103.6507848530283,0.019440596191277162
11.186507936507937,1,0.018573770063157368,105.59396088662419,0.01874733545289819
11.19047619047619,1,0.020849170186017063,107.81861788861256,0.021068032521074222
11.194444444444445,1,-0.039219685525331456,103.6718545058604,-0.03846055035723284
11.198412698412698,1,0.0071352040707986265,104.4142196580339,0.007160720291075379
11.202380952380953,1,0.016636240736537553,106.16580928799361,0.016775393578540767
11.206349206349206,1,-0.026380675154411587,103.40170335350615,-0.026035744963703797
11.21031746031746,1,-0.00016568126916264396,103.38457304718567,-0.0001656675447791365
11.214285714285714,1,-0.0033264694850442724,103.04123878179256,-0.003320942915113888
11.218253968253968,1,0.04602100812779825,107.89411103118282,0.04709640826103713
11.222222222222221,1,0.0480959166323615,113.2101933959866,0.049271293066841255
11.226190476190476,1,-0.04233466453713123,108.51751026015866,-0.041451065447912834
11.23015873015873,1,0.06244422836607191,115.50984601500522,0.06443509197808919
11.234126984126984,1,-0.023458345888839133,112.83171121222026,-0.023185337832041363
11.238095238095237,1,0.02431381892882049,115.60870385320214,0.02461181002350311
11.242063492063492,1,0.02405742512941988,118.4236763204023,0.024349139583595435
11.246031746031745,1,-0.025485860854738827,115.44368213997534,-0.025163837781597396
11.25,1,0.012032354719895885,116.84113191947272,0.01210503471123687
11.253968253968253,1,-0.0031064210623075223,116.47873733284372,-0.0031016011286055943
11.257936507936508,1,0.01357097780811354,118.07024240658346,0.01366348150900681
11.261904761904761,1,0.005415570283649157,118.71139463823366,0.005430260991946315
11.265873015873016,1,0.02974809614504764,122.29588415174813,0.03019499117534645
11.269841269841269,1,0.0015030645091971308,122.47984096968672,0.0015041946768238864
11.273809523809524,1,-0.004626854342334074,121.91445357684493,-0.004616166941151092
11.277777777777777,1,0.027221397285289273,125.27871759418285,0.02759528438699258
11.281746031746032,1,0.014227778269472203,127.07389582590432,0.014329474839746071
11.285714285714285,1,0.018043138864880483,129.3875175057933,0.01820689973225331
11.28968253968254,1,-0.0171428354867705,127.1883523986745,-0.016996733143290952
11.293650793650793,1,-0.026734971818654286,123.83302749164747,-0.026380756128593367
11.297619047619047,1,-0.014702078776170488,122.0257425429883,-0.014594530920122317
11.3015873015873,1,-0.01604005392160019,120.08405705285286,-0.015912097313821608
11.305555555555555,1,0.019413534086950512,122.43808909552271,0.019603202127271124
11.309523809523808,1,0.024195661085494764,125.43668987956974,0.024490751253947073
11.313492063492063,1,-0.004305741272217567,124.89775304083035,-0.004296484858272645
11.317460317460316,1,0.03565894479442973,129.43183497374784,0.03630234990244549
11.321428571428571,1,0.0340853621527542,133.9196152631665,0.034672924866814156
11.325396825396824,1,0.005736250814397721,134.69001926810054,0.005752734604412988
11.329365079365079,1,-0.021106551416951086,131.87696877902368,-0.02088536704028153
11.333333333333332,1,0.03929893494283768,137.16277622838726,0.04008135384291874
11.337301587301587,1,-0.0019343181252168202,136.89771622205637,-0.0019324485375654293
11.34126984126984,1,0.0027822387352505334,137.2791286951369,0.00278611275342181
11.345238095238095,1,-0.008954067699136854,136.05540889409423,-0.008914099416818276
11.349206349206348,1,-0.022817434181333973,132.98612333101119,-0.022559085214114913
11.353174603174603,1,-0.03740306061813813,128.10390933865568,-0.03671220628187897
11.357142857142856,1,0.015549957429678837,130.11148810487705,0.015671487127798436
11.36111111111111,1,-0.020136676496219356,127.51767816181201,-0.0199352876586449
11.365079365079364,1,0.07669611517804513,137.68261188478567,0.07971391786223561
11.369047619047619,1,-0.02776330735025,133.91266249967268,-0.027381448779223393
11.373015873015872,1,-0.032079885698650154,129.6849346692549,-0.03157078465547011
11.376984126984127,1,0.012457461990403826,131.310584525834,0.012535379384854245
11.38095238095238,1,0.038138252146093385,136.41526375385249,0.03887484962809058
11.384920634920634,1,0.0012306809797340396,136.58325077231163,0.001231438578326496
11.388888888888888,1,0.014022328255148465,138.51195682079646,0.014121102240420961
11.392857142857142,1,-0.046849853937312266,132.1723560874046,-0.04576933918848553
11.396825396825395,1,-0.017468511685162436,129.88355095216284,-0.01731682178479256
11.40079365079365,1,-0.02744939894868525,126.36681253328997,-0.02707608771928383
11.404761904761903,1,-0.04814749246375033,120.42671524788715,-0.04700678260629567
11.408730158730158,1,0.0025507994368635704,120.73429176155119,0.002554055493674488
11.412698412698411,1,-0.05691076940032713,114.0550727156174,-0.05532164017763161
11.416666666666666,1,-0.03371303216596998,110.27402380390704,-0.03315108062872352
11.42063492063492,1,-0.013932836680699326,108.74824771703064,-0.01383622392876201
11.424603174603174,1,-0.021343259590510963,106.45179965488154,-0.021117104048651143
11.428571428571427,1,0.0095917299787127,107.47776911808438,0.00963787804930473
11.432539682539682,1,0.007303071682806562,108.26556011593591,0.007329804147553382
11.436507936507937,1,0.02212478606876148,110.6876073103492,0.02237135421291595
11.44047619047619,1,0.01856146267220545,112.76131720891972,0.018734797408315015
11.444444444444445,1,0.028348954918718663,116.00372499571698,0.02875461077480899
11.448412698412698,1,-0.00044516453338826694,115.95209574421645,-0.0004450654623588884
11.452380952380953,1,0.007249821752702337,116.7957823636792,0.007276165334034833
11.456349206349206,1,0.012492108388700345,118.26395915541212,0.01257046069661477
11.46031746031746,1,0.0031725878683497104,118.63975776934248,0.003177625851646929
11.464285714285714,1,-0.010405181265496765,117.41168979937265,-0.010351234637190116
11.468253968253968,1,-0.008773589883330943,116.38607353278216,-0.008735214256289021
11.472222222222221,1,-0.020997360675428952,113.9677512125651,-0.020778450950456148
11.476190476190476,1,0.01022692013175392,115.1392706087205,0.010279393808256456
11.48015873015873,1,-0.0027657851120231687,114.8212601053397,-0.002761963852119963
11.484126984126984,1,-0.017107233208357234,112.87369227723677,-0.01696173536430653
11.488095238095237,1,-0.01708382633943277,110.96175581611541,-0.01693872524720212
11.492063492063492,1,-0.030896006548656117,107.58589945661987,-0.030423602570690912
11.496031746031745,1,0.024267658049865495,110.22869480437471,0.024564514133383085
11.5,1,0.0015841536720943143,110.40345238090069,0.0015854091063687995
11.503968253968253,1,-0.022137342377516196,107.98626709837968,-0.021894109562638375
11.507936507936508,1,0.0199766628752495,110.16516343009263,0.020177531738622554
11.511904761904761,1,-0.014518807999663985,108.57725175998826,-0.014413918344632352
11.515873015873016,1,-0.03583730994854715,104.75503321883457,-0.03520275637112925
11.519841269841269,1,0.025335557561173686,107.44296676189971,0.02565923049682921
11.523809523809524,1,-0.013930397437905287,105.95662026781872,-0.013833818432943693
11.527777777777777,1,-0.010700114006473237,104.82891639068147,-0.010643071421935671
11.531746031746032,1,0.0006408135824936779,104.89611371232141,0.0006410189473819594
11.535714285714285,1,0.028393716833700493,107.91719110593125,0.028800660831870342
11.53968253968254,1,0.00010806687536247663,107.92885400974737,0.00010807271479759987
11.543650793650793,1,-0.030611736907480133,104.67502115119437,-0.03014794225702808
11.547619047619047,1,0.013307586952581104,106.07730289572044,0.01339652697562496
11.5515873015873,1,-0.012617417766523595,104.74728956118896,-0.012538151878153355
11.555555555555555,1,0.047174387201882745,109.80708686157763,0.048304804082142015
11.559523809523808,1,-0.00042503973914869006,109.76042440342331,-0.0004249494225552626
11.563492063492063,1,-0.05671442633817108,103.70865817546665,-0.05513614092556186
11.567460317460316,1,0.008607925494693035,104.60522784461163,0.00864508021719824
11.571428571428571,1,0.04860243325427754,109.81487165527064,0.0498029010404507
11.575396825396824,1,0.03931263336081511,114.2179649780088,0.040095601409618556
11.579365079365079,1,0.04573888612676525,119.56348463917585,0.04680104099382538
11.583333333333332,1,-0.026092366801058513,116.48413875566,-0.025754902450433596
11.587301587301587,1,0.02258725457980575,119.14513481780112,0.022844278118611394
11.59126984126984,1,-0.018589377778633787,116.95076011755314,-0.018417660977963227
11.595238095238095,1,0.005254736246652867,117.56692298468926,0.005268566587483215
11.599206349206348,1,-0.03247221165645399,113.81058337041588,-0.03195065005454471
11.603174603174603,1,-0.01663558430026902,111.93293897414102,-0.016497977083235756
11.607142857142856,1,-0.017436640503043346,109.99812193238878,-0.017285502011157843
11.61111111111111,1,0.022244639465092104,112.47240827322709,0.02249389623542161
11.615079365079364,1,0.019779399993193447,114.71919179031946,0.019976308426100757
11.619047619047619,1,0.0065783761441799765,115.47634547525617,0.006600061185234048
11.623015873015872,1,-0.034424246704537205,111.56880225758162,-0.03383847316602018
11.626984126984127,1,-0.008249401024938718,110.65221232288289,-0.008215468089211683
11.63095238095238,1,-0.019197193615421767,108.54825998328222,-0.019014100987528048
11.634920634920634,1,0.02151694387437022,110.90919577454555,0.021750102596089355
11.638888888888888,1,0.029290642403341345,114.20584212101602,0.02972383239683567
11.642857142857142,1,0.02622158935775503,117.24010860592075,0.02656839990452961
11.646825396825395,1,-0.01942656605457798,114.98451603719269,-0.01923908631225963
11.65079365079365,1,-0.06942657158732313,107.27234751663175,-0.06707136566167267
11.654761904761903,1,-0.04492008024043272,102.56029036244583,-0.04392611202486549
11.658730158730158,1,0.035424807375610746,106.2585878849922,0.036059741148125365
11.662698412698411,1,-0.010507499508983179,105.1479212085571,-0.010452488580379395
11.666666666666666,1,-0.019313307711333834,103.13665170170518,-0.01912800066548733
11.67063492063492,1,0.04099432341262852,107.4525277689389,0.041846191397760364
11.674603174603174,1,0.03148220874109981,110.88918359304989,0.031983015155315514
11.678571428571427,1,0.00021922448958535673,110.91349588255079,0.00021924852102983534
11.682539682539682,1,-0.007789888376376944,110.05284865527902,-0.007759625827529258
11.686507936507937,1,-0.003725463082478241,109.64361359885648,-0.003718532154532266
11.69047619047619,1,0.0053271390951626,110.22925890141447,0.005341353530180642
11.694444444444445,1,0.0399205764347621,114.71868856675084,0.04072811257264758
11.698412698412698,1,0.01024835309420054,115.90041120623566,0.010301047320613172
11.702380952380953,1,0.017897386660643798,117.99339932058875,0.018058504646966424
11.706349206349206,1,0.029066011975184537,121.47332567584027,0.029492551068865478
11.71031746031746,1,-0.029869890284741053,117.89858510085739,-0.029428193844979206
11.714285714285714,1,0.018623906428754576,120.11489139831279,0.018798413022170786
11.718253968253968,1,-0.00781926033820275,119.17934420218998,-0.007788769445916756
11.722222222222221,1,-0.06379646504424553,111.81357635790047,-0.06180406423275348
11.726190476190476,1,-0.0540216573575558,105.93347792021304,-0.05258841215190134
11.73015873015873,1,-0.026050977830096942,103.20944317438924,-0.025714578613906372
11.734126984126984,1,0.012988741779524957,104.55874789654315,0.013073461891215252
11.738095238095237,1,0.0024706541193428876,104.81739578090924,0.0024737087003179393
11.742063492063492,1,0.004248778957714361,105.26368915607786,0.004257817815866426
11.746031746031745,1,0.04876232962347207,110.523797191354,0.04997077413348832
11.75,1,-0.03237487789562354,107.00290451286071,-0.03185642158491378
11.753968253968253,1,-0.0010880809472871681,106.88654000963584,-0.0010874892018550128
11.757936507936508,1,0.007274228732882096,107.66689193835808,0.007300750203457674
11.761904761904761,1,-0.018949164095710288,105.64590283524095,-0.018770757349196896
11.765873015873016,1,0.0003169414883306365,105.6793917116484,0.0003169917195907991
11.769841269841269,1,-0.04071175919006897,101.4634002781537,-0.0398941682499295
11.773809523809524,1,0.03512947196349387,105.09110252048768,0.035753801197170185
11.777777777777777,1,-0.01757189773966444,103.26058237089767,-0.01741841226980352
11.781746031746032,1,0.05078964745326556,108.64061956790253,0.052101557762676186
11.785714285714285,1,-0.0012151014452115197,108.50869036397255,-0.0012143635083700789
11.78968253968254,1,0.02550768954126523,111.3120985839064,0.025835794446789004
11.793650793650793,1,-0.0017399314493668331,111.1185915561849,-0.0017384186461610787
11.797619047619047,1,-0.0011714971540677458,110.9884926625337,-0.0011708112191598297
11.8015873015873,1,-0.015112981340371168,109.32373704029041,-0.014999353377155909
11.805555555555555,1,0.002604815482222172,109.60887640960517,0.0026082109616294234
11.809523809523808,1,0.007615988533296453,110.44684327812075,0.007645063939750024
11.813492063492063,1,-0.020158282331833952,108.242714986811,-0.01995646254696001
11.817460317460316,1,-0.003547648513040583,107.85938823626864,-0.003541363043130787
11.821428571428571,1,-0.015769871823012337,106.17180099961372,-0.01564617845743924
11.825396825396824,1,0.057549262481189765,112.46114775639447,0.05923745003443663
11.829365079365079,1,-0.0026578282743158718,112.16264220209814,-0.0026542993758423726
11.833333333333332,1,0.03853936499603489,116.56969627840111,0.039291639264008645
11.837301587301587,1,-0.005326044808329706,115.95049127326602,-0.0053118865786203825
11.84126984126984,1,0.006136609055877731,116.66422181088505,0.006155476615765123
11.845238095238095,1,-0.0336920703963408,112.79904122988026,-0.03313081355199328
11.849206349206348,1,-0.011661995835639184,111.49122000580205,-0.011594258336052097
11.853174603174603,1,0.00490814966284319,112.03978070746277,0.0049202143597697635
11.857142857142856,1,0.03956671474713204,116.5616954917738,0.0403599039176788
11.86111111111111,1,0.005196614841943689,117.16899832134332,0.005210140664197983
11.865079365079364,1,0.03446965041053791,121.27818702617803,0.03507061393121191
11.869047619047619,1,0.01574803063514246,123.20319740862,0.01587268436018442
11.873015873015872,1,0.04060983391285997,128.3094388708827,0.04144568947611975
11.876984126984127,1,-0.0018845494334255005,128.06786109468356,-0.0018827747851211938
11.88095238095238,1,0.05983112575025433,135.96417256173888,0.061657244835356236
11.884920634920634,1,-0.012627660065833159,134.25805799791544,-0.01254826570616408
11.888888888888888,1,-0.019709848279772575,131.63775971210015,-0.019516879097536088
11.892857142857142,1,-0.03088729123989403,127.63397719199553,-0.030415152376195912
11.896825396825395,1,0.05833947537363814,135.30156334584046,0.06007480392396466
11.90079365079365,1,0.02025131259938888,138.06953048601014,0.020457761697066614
11.904761904761903,1,-0.008815876524395052,136.85767618115668,-0.008777130628225722
11.908730158730158,1,0.03107558829653156,141.17738003081962,0.03156347506547567
11.912698412698411,1,0.016931388892548364,143.58805964271508,0.017075537252279706
11.916666666666666,1,0.04914493017567057,150.820959284274,0.05037257039029759
11.92063492063492,1,-0.0393985467923534,144.99436598936182,-0.03863251714193057
11.924603174603174,1,-0.007083271629936642,143.97096031934137,-0.007058244387893088
11.928571428571427,1,-0.012051268805988629,142.24634037813146,-0.011978943096472683
11.932539682539682,1,-0.050128954241906616,135.29145696301106,-0.048893232659851196
11.936507936507937,1,0.026320908814634874,138.89972925588577,0.026670363183843086
11.94047619047619,1,-0.007210178178007162,137.90183926447162,-0.007184247203072633
11.944444444444445,1,0.01824012917743632,140.44026687219352,0.018407496384828033
11.948412698412698,1,0.05906383830856504,148.985068552166,0.060842960998845924
11.952380952380953,1,-0.00929772978518912,147.60626544495682,-0.00925463954615248
11.956349206349206,1,-0.011008883073243788,145.99019720260551,-0.010948507080507427
11.96031746031746,1,0.00259323062816178,146.36927475873077,0.002596595959104867
11.964285714285714,1,0.024479469636516534,149.99653251628317,0.02478155175347793
11.968253968253968,1,-0.014676651394079775,147.81116188767035,-0.014569474320185223
11.972222222222221,1,-0.01629556323343247,145.4220148693572,-0.016163508816261656
11.976190476190476,1,0.02624184029636043,149.2886683203739,0.02658918908866986
11.98015873015873,1,0.00914398876950882,150.66002249531155,0.00918592275198493
11.984126984126984,1,-0.05191913475507138,143.0374747267642,-0.0505943623417718
11.988095238095237,1,-0.031273796444570075,138.6333752600678,-0.03078982955417356
11.992063492063492,1,0.03743076274544151,143.92086836017842,0.038140116621929
11.996031746031745,1,0.009730815383267062,145.32817176014285,0.00977831370807544
12.0,1,-0.01960235762377681,142.50713676479774,-0.019411480659105345
12.003968253968253,1,-0.004690745149658935,141.84023745439922,-0.0046797607862906505
12.007936507936508,1,-6.329259283347352e-05,141.83126030209922,-6.329058989957691e-05
12.011904761904761,1,0.01814191272274794,144.4278328270348,0.018307476922963924
12.015873015873016,1,-0.034621845946527154,139.5130450856792,-0.0340293670904939
12.019841269841269,1,-0.021586751931834947,136.53368464214904,-0.02135542552096422
12.023809523809524,1,0.006481013139293042,137.42143489942688,0.006502060349463025
12.027777777777777,1,-0.002912420370496074,137.02178816521786,-0.002908183388577759
12.031746031746032,1,0.014012671576559369,138.95534499148042,0.014111309246170179
12.035714285714285,1,-0.031377499763756526,134.66296788267712,-0.03089033465439174
12.03968253968254,1,0.008601971398066123,135.82633131680015,0.008639074664807204
12.043650793650793,1,0.027108496432742015,139.55874036647785,0.0274792745522396
12.047619047619047,1,0.011869848978134374,141.22515199994336,0.011940575195000322
12.0515873015873,1,0.003108460963733726,141.66482787564905,0.00311329723834052
12.055555555555555,1,-0.0028128650844302886,141.26690374344622,-0.002808912686161558
12.059523809523808,1,-0.021433097130053834,138.27133332409417,-0.021205040529466333
12.063492063492063,1,-0.0022110194000861155,137.9659504517745,-0.002208576897164415
12.067460317460316,1,0.03134477852521339,142.3589517700831,0.03184119925186992
12.071428571428571,1,-0.0033960618481715076,141.87631196640925,-0.0033903017525251573
12.075396825396824,1,-0.022817778457864056,138.67566441211,-0.02255942172402349
12.079365079365079,1,-0.012800286163194433,136.91188872296658,-0.012718710933317388
12.083333333333332,1,0.004664126387417508,137.55195458962345,0.004675020355258983
12.087301587301587,1,-0.009808493470560651,136.20937225992543,-0.009760547087124179
12.09126984126984,1,0.011831667912015124,137.8305278946946,0.011901938962581016
12.095238095238095,1,0.012777599036352588,139.60297078230894,0.012859581361891838
12.099206349206348,1,0.02200344522288858,142.70876083846568,0.022247306334189
12.103174603174603,1,0.03547350165197106,147.86200167174573,0.03611019255582405
12.107142857142856,1,0.024696455799777313,151.55913418591024,0.025003939297210724
12.11111111111111,1,-0.02393743709984655,147.97427429914552,-0.023653209066022026
12.115079365079364,1,-0.023163753459884365,144.58602843506688,-0.022897533237628828
12.119047619047619,1,-0.0023060871414433038,144.25298461569008,-0.002303430165289956
12.123015873015872,1,-0.01176537580574174,142.56573904261325,-0.011696434410503751
12.126984126984127,1,-0.029079962828032813,138.4796325090687,-0.028661209635529736
12.13095238095238,1,-0.01152641247796512,136.89262297876002,-0.011460237881586677
12.134920634920634,1,-0.012353427456250898,135.21193240973798,-0.012277437106912663
12.138888888888888,1,-0.017325797190244373,132.88945537128066,-0.017176568643509037
12.142857142857142,1,-0.008353972511254155,131.78392472983708,-0.008319175049328269
12.146825396825395,1,0.029297344910364186,135.70195756137937,0.029730734151183397
12.15079365079365,1,0.004623501354118563,136.33082841828192,0.004634206228145682
12.154761904761903,1,0.06188690892388997,145.03446483142895,0.06384202688509323
12.158730158730158,1,0.0038995770480196733,145.6011420843545,0.00390719029152287
12.162698412698411,1,-0.007705795889105864,144.48348116617328,-0.007676182358059033
12.166666666666666,1,-0.0002926865425150343,144.44119898363496,-0.00029264371398749606
12.17063492063492,1,0.0060661649674083815,145.32006610616423,0.0060846014067555375
12.174603174603174,1,0.010570543439664059,146.86432562964345,0.010626609007671478
12.178571428571427,1,0.05193138139454791,154.69270289710917,0.053303463818756405
12.182539682539682,1,-0.021696899001436176,151.37250024614525,-0.021463214416599756
12.186507936507935,1,0.02124910064782806,154.62344726687263,0.021476470398791404
12.19047619047619,1,0.004837997612812893,155.37332763268964,0.00484971961931973
12.194444444444445,1,-0.03998476741793807,149.2833262686407,-0.03919592543223337
12.198412698412698,1,0.019022958538061303,152.1503196863708,0.019205047806683737
12.202380952380953,1,0.03154428601206314,157.0262931279818,0.03204707983303647
12.206349206349206,1,-0.02199564057880412,153.6101075484363,-0.021755500378279086
12.21031746031746,1,-0.0006219377081402475,153.51460133273744,-0.0006217443449725368
12.214285714285714,1,-0.043871666356423124,146.925259519305,-0.04292322525823026
12.218253968253968,1,-0.03211576674050549,142.28160848663128,-0.031605532281285584
12.222222222222221,1,0.026011037736653798,146.03105284790522,0.026352277017069
12.226190476190476,1,-0.0121494166565524,144.26759492628645,-0.012075910480871492
12.23015873015873,1,-0.028336034203060027,140.23699866603243,-0.02793833405425097
12.234126984126984,1,0.005385032318443643,140.99421642729692,0.005399557666430502
12.238095238095237,1,-0.013560381352778449,139.09518597260106,-0.013468853565884112
12.242063492063492,1,-0.012260416047656146,137.4002327698246,-0.012185563367450431
12.246031746031745,1,0.018232439381589353,139.9283510332198,0.018399665069202462
12.25,1,-0.02966975451594938,135.8376956559947,-0.02923392827129031
12.253968253968253,1,-0.023209884429637107,132.72122480475974,-0.02294260688231491
12.257936507936508,1,0.0034856254720954704,133.18464847810662,0.0034917073288665904
12.261904761904761,1,0.02403000531584998,136.4238393067666,0.02432105250623054
12.265873015873016,1,0.0308018816600784,140.69133633416666,0.03128116793285785
12.269841269841269,1,-0.017154805573831457,138.2983877812718,-0.01700849970755289
12.273809523809524,1,0.02322285402402611,141.54765363946188,0.023494604024806246
12.277777777777777,1,-0.020155353977878057,138.7232694212359,-0.019953592628388094
12.281746031746032,1,0.045619324830384854,145.19830170519336,0.046675891585973614
12.285714285714285,1,-0.028965169939218653,141.052933685711,-0.02854970044965821
12.28968253968254,1,0.033077694178162705,145.79666278429755,0.033630843220576884
12.293650793650793,1,-0.016938720423599948,143.34785228374997,-0.016796066890573908
12.297619047619047,1,0.050332216958117015,150.7475264002121,0.051620404481643865
12.3015873015873,1,0.014503056447185364,152.94975722278045,0.014608736044675014
12.305555555555555,1,-0.025998035537254906,149.0246081622976,-0.02566299634438586
12.309523809523808,1,-0.013555998177186977,147.01806194181464,-0.01346452941716609
12.313492063492063,1,0.01928709077364824,149.8811340610339,0.019474288270459893
12.317460317460316,1,0.02612732077451931,153.84873218328144,0.02647163131706653
12.321428571428571,1,-0.0021786908208035424,153.51390823405603,-0.002176319196615158
12.325396825396824,1,0.0007284575118315756,153.62577733467614,0.0007287229014426206
12.329365079365079,1,0.018711874892392174,156.52746702303423,0.018888039095396953
12.333333333333332,1,0.0029241828037472476,156.98585182426234,0.002928462396702787
12.337301587301587,1,-0.03299008422980565,151.8913710623669,-0.032451846473391374
12.34126984126984,1,-0.020881845316379825,148.75248586334055,-0.020665329288110115
12.345238095238095,1,0.0055276402969931734,149.57701284331938,0.005542945888893173
12.349206349206348,1,0.030230452670076794,154.16783535542777,0.030692032317274118
12.353174603174603,1,0.040322104292546734,160.51123710459999,0.041146077808952575
12.357142857142856,1,0.019245469717645895,163.63026860031883,0.019431857557026515
12.36111111111111,1,0.006842221342876541,164.75370212400847,0.006865682818340801
12.365079365079364,1,0.01847151098966517,167.82523251455123,0.01864316462054931
12.369047619047619,1,-0.017197367645284626,164.96375574782772,-0.01705033697167957
12.373015873015872,1,-0.004257882673004981,164.26285267101034,-0.004248830742486396
12.376984126984127,1,-0.021162967648944705,160.8230894132324,-0.020940603440433497
12.38095238095238,1,-0.03186218158217918,155.7796884778562,-0.03135993067772218
12.384920634920634,1,0.00800781969689639,157.0321521945715,0.008039968040463393
12.388888888888888,1,0.004277670547141391,157.7053227814661,0.004286832839560705
12.392857142857142,1,0.016930388531236927,160.39806543940446,0.017074519809770337
12.396825396825395,1,0.013363899294332472,162.5559961009736,0.013453595313992466
12.40079365079365,1,0.0057172355458167,163.48802880656368,0.0057336101278674945
12.404761904761903,1,0.013628596250572606,165.73139337475962,0.01372188890264436
12.408730158730158,1,-0.0014723383282934197,165.48756023857663,-0.0014712549699721611
12.412698412698411,1,0.010007059843526551,167.15191793154588,0.010057297905472851
12.416666666666666,1,-0.0186939444961554,164.05621485844676,-0.01852029645491096
12.42063492063492,1,0.00891888829334676,165.5259584091309,0.008958780086157643
12.424603174603174,1,0.01644571714778621,168.27065892484708,0.016581692334516136
12.428571428571427,1,-0.017271211266517195,165.3893740865006,-0.017122918854399403
12.432539682539682,1,0.0009092207352274973,165.53981791776766,0.0009096342017014498
12.436507936507935,1,-0.01611013165811156,162.89431656076542,-0.015981057550253218
12.44047619047619,1,-0.0136635471357949,160.68373894542515,-0.013570624574342952
12.444444444444443,1,-0.02874238078841178,156.1310467602295,-0.028333247751609218
12.448412698412698,1,0.03149770477243269,161.1270852059927,0.03199900692035749
12.452380952380953,1,0.026455916966961878,165.446738237881,0.026808981409710154
12.456349206349206,1,0.013145234835864826,167.6359316719581,0.013232013259333934
12.46031746031746,1,0.049297841512999596,176.10711115517438,0.0505331965451968
12.464285714285714,1,-0.00516536872834115,175.19979831040874,-0.005152051151223534
12.468253968253968,1,0.07599640683760614,189.03334614810473,0.07895869727650318
12.472222222222221,1,-0.0061300277682825415,187.87811091665307,-0.00611127748088716
12.476190476190476,1,0.00603344265063601,189.0150892218157,0.006051680526355177
12.48015873015873,1,-0.010419886704633433,187.0557989254196,-0.01036578774987062
12.484126984126984,1,0.008984896876245175,188.74404900785603,0.009025382223566214
12.488095238095237,1,0.020658691660319126,192.6838091469149,0.020873559509656556
12.492063492063492,1,-0.0032672486946534545,192.05529054540406,-0.00326191704582528
12.496031746031745,1,0.04437230664989769,200.76912354991006,0.04537148120085657
12.5,1,0.005629170158975914,201.90247402762796,0.005645043708308043
12.503968253968253,1,0.006418765697697188,203.2026068623715,0.006439410121173757
12.507936507936508,1,-0.023301414368390717,198.52243775748823,-0.023032032793029233
12.511904761904761,1,0.010148360080993629,200.54737244433997,0.010200029325276526
12.515873015873016,1,-0.003773993922298944,199.79193428575542,-0.003766881357641404
12.519841269841269,1,-0.015723025980974907,196.67516722557832,-0.015600064493691019
12.523809523809524,1,-0.019962141428888597,192.78803652832957,-0.01976421706961378
12.527777777777777,1,0.06692528379218043,206.13197373113348,0.06921558745603532
12.531746031746032,1,-0.007035828064414693,204.6867547234792,-0.007011134573131271
12.535714285714285,1,-0.03710940718000667,197.2301611728572,-0.03642929197199671
12.53968253968254,1,-0.01799035246826241,193.71364755927533,-0.01782949216626078
12.543650793650793,1,-0.00169621281494883,193.38534650080004,-0.0016947750590202686
12.547619047619047,1,0.01337788906280179,195.98981652525478,0.013467773394319107
12.5515873015873,1,0.013582732933925297,198.67005513706792,0.013675397320798529
12.555555555555555,1,0.0166522587693472,202.0060592180321,0.016791680450596626
12.559523809523808,1,-0.016645777794341864,198.671342716902,-0.01650800235418063
12.563492063492063,1,0.008181467457780553,200.30343318581748,0.008215027122664297
12.567460317460316,1,-0.022471448975312117,195.8525213218523,-0.022220846608435787
12.571428571428571,1,-0.016010360965409164,192.7418199328706,-0.015882876401013536
12.575396825396824,1,-0.02352091799168066,188.26125545217286,-0.02324645726733391
12.579365079365079,1,-0.03034140987404367,182.63493047994555,-0.02988572958739642
12.583333333333332,1,0.026418733178350362,187.5242139455748,0.026770801471442784
12.587301587301587,1,0.016954558514406127,190.73070975373392,0.01709910278087976
12.59126984126984,1,0.024212828727850993,195.4052027406411,0.024508339495735755
12.595238095238095,1,0.0005937707553246106,195.52126308867716,0.0005939470720750665
12.599206349206348,1,0.019176888771912978,199.30693529555705,0.01936194635344062
12.603174603174603,1,-0.04477714683965574,190.5793947427687,-0.043789447365923564
12.607142857142856,1,0.021350935864431573,194.69219298474027,0.02158049797315524
12.61111111111111,1,0.004066174816996947,195.48545715935484,0.004074452922089362
12.615079365079364,1,0.015404851239135044,198.5201963853535,0.015524117599831355
12.619047619047619,1,0.009178861666917074,200.350774264231,0.009221116602787122
12.623015873015872,1,-0.025268277484530446,195.35168053436973,-0.024951706566745488
12.626984126984127,1,-0.03814387968032794,188.04053371696023,-0.037425563974726614
12.63095238095238,1,-0.018338903908516627,184.62350448963642,-0.018171769457254856
12.634920634920634,1,0.01383775210384938,187.1960367595892,0.013933936944074634
12.638888888888888,1,0.01699184380750528,190.4040201696664,0.01713702632602869
12.642857142857142,1,-0.034865730862003924,183.8798408833379,-0.034264924031094234
12.646825396825395,1,-0.02511820575647939,179.3186336881429,-0.0248053684040809
12.65079365079365,1,-0.01862065172336515,176.0104992571419,-0.018448358449765064
12.654761904761903,1,-0.009400066650643876,174.36374077842615,-0.009356024133026273
12.658730158730158,1,-0.03471728036315892,168.41417976024775,-0.034121549535570145
12.662698412698411,1,-0.03622916182222514,162.42187863183872,-0.035580739917147663
12.666666666666666,1,-0.02110512837729628,159.02986438688293,-0.02088397372034085
12.67063492063492,1,0.001776566986761834,159.3126427068006,0.0017781460168368411
12.674603174603174,1,-0.03014500656099904,154.58182554844117,-0.029695177218709786
12.678571428571427,1,-0.0033147995714318886,154.0702661062853,-0.0033093116887508633
12.682539682539682,1,0.026276198423539582,158.17230395550382,0.026624461376530715
12.686507936507935,1,-0.033198591558531235,153.00741413774682,-0.0326535663235322
12.69047619047619,1,-0.005598769549000716,152.15315451955277,-0.005583125647918145
12.694444444444443,1,0.025424617192159122,156.07118640552835,0.025750579397103363
12.698412698412698,1,-0.010936198179510392,154.37366014141134,-0.010876615365158522
12.702380952380953,1,-0.014851942889269972,152.09785326725347,-0.014742196771607046
12.706349206349206,1,0.028920513423360477,156.56082594149268,0.029342772290133233
12.71031746031746,1,-0.008112392557679454,155.29588086507096,-0.008079575901665548
12.714285714285714,1,0.027433833279383646,159.6152192780643,0.02781360580160034
12.718253968253968,1,0.010412086469613852,161.2858289163053,0.010466480864401259
12.722222222222221,1,-0.009035698634231922,159.83506298461523,-0.008994999383627526
12.726190476190476,1,0.011690239843495414,161.7145375562652,0.011758837745325093
12.73015873015873,1,0.007677743378299987,162.96091885142275,0.0077072928259400335
12.734126984126984,1,0.025327003766132828,167.1409409347402,0.025650457255512085
12.738095238095237,1,-0.01421383421323293,164.78203159784618,-0.014113294586603337
12.742063492063492,1,0.0006414698909011304,164.8877682194816,0.0006416756767110448
12.746031746031745,1,-0.00194687482506348,164.56706466071395,-0.0019449808935531527
12.75,1,0.017346040021528467,167.44655321314113,0.017497356219871172
12.753968253968253,1,-0.026228912994699864,163.11170976570153,-0.025887922828257925
12.757936507936508,1,0.02522858754315465,167.27913591404172,0.025549521578348684
12.761904761904761,1,0.01135355517800337,169.18917114151452,0.011418251397797742
12.765873015873016,1,-0.03358021816004635,163.60209449417195,-0.03302266102284651
12.769841269841269,1,0.030048536075799753,168.59270266542904,0.03050454938665163
12.773809523809524,1,0.055897028865659636,178.2848926910022,0.05748878731013165
12.777777777777777,1,0.02484701782607355,182.77023351066345,0.025158277585724108
12.781746031746032,1,0.03555981097230442,189.3864469463449,0.03619962238159224
12.785714285714285,1,0.0017543312203407266,189.7189851086853,0.0017558709596286431
12.78968253968254,1,-0.042262814156239024,181.8679978557181,-0.04138219086755866
12.793650793650793,1,-0.04686429302956353,173.5415139743086,-0.04578311731355392
12.797619047619047,1,0.006030637955480864,174.59124209904365,0.006048858862037934
12.8015873015873,1,-0.015313289269911568,171.93804235938092,-0.015196637057874439
12.805555555555555,1,-0.02344198146780791,167.95434921429484,-0.023169352694846775
12.809523809523808,1,-0.0019778932194451904,167.62248175319857,-0.0019759384776206843
12.813492063492063,1,0.015114465864422954,170.17524929318316,0.015229267060627025
12.817460317460316,1,-0.037002874768300914,163.99335512733998,-0.03632663499257075
12.821428571428571,1,-0.011707478276486175,162.08460163164085,-0.011639212419411685
12.825396825396824,1,0.0376483397403514,168.30314214896785,0.03836601660322737
12.829365079365079,1,-0.027491545794379894,163.73925027036432,-0.02711709252916959
12.833333333333332,1,0.021519096519886777,167.3009559020165,0.021752302064234088
12.837301587301587,1,-0.01261089251950719,165.20438910348685,-0.012531708424652543
12.84126984126984,1,0.013355884657402077,167.42564023748395,0.01344547288392943
12.845238095238095,1,0.027253228801738652,172.0512749593364,0.02762799482379949
12.849206349206348,1,0.018281719430497435,175.2255957064776,0.018449853091128978
12.853174603174603,1,0.022511843265311037,179.21498260128192,0.022767146995391323
12.857142857142856,1,-0.02941425492851687,174.02028108525607,-0.028985866251947802
12.86111111111111,1,0.027664761547846976,178.901721279709,0.02805098442555355
12.865079365079364,1,-0.021882672310928483,175.02939646567393,-0.021644983549268113
12.869047619047619,1,0.006143012379716664,176.10791349508014,0.006161919375741727
12.873015873015872,1,0.0061103668681778845,177.18729179527026,0.006129073241335213
12.876984126984127,1,0.011827114090376536,179.29534764626973,0.011897330952127276
12.88095238095238,1,0.008093684769443324,180.75239616245153,0.00812652718159968
12.884920634920634,1,-0.021658838320360356,176.8796007572623,-0.021425969931311965
12.888888888888888,1,-0.03441028707153737,170.8966507712956,-0.033824985811547977
12.892857142857142,1,0.021584295209977598,174.62543131887034,0.021818921147640846
12.896825396825395,1,0.004285765813763224,175.37544105767847,0.004294962842144562
12.90079365079365,1,0.028564748735283405,180.45723095797638,0.028976633613292925
12.904761904761903,1,-0.0015239893899236614,180.1824255061452,-0.001522828707790654
12.908730158730158,1,-0.035803639201799735,173.84536088326797,-0.0351702703805657
12.912698412698411,1,0.023947354319127256,178.05874569227484,0.024236394848844902
12.916666666666666,1,-0.009729287550069833,176.33476112463015,-0.009682111153495737
12.92063492063492,1,0.008220851706605935,177.79035797174933,0.008254735696103022
12.924603174603174,1,-0.01671126950883319,174.84394311922242,-0.016572410822161435
12.928571428571427,1,0.041035683228284464,182.16803050807945,0.04188928285529965
12.932539682539682,1,-0.02248418285221393,178.11783450017896,-0.02223329744853833
12.936507936507935,1,-0.008899256009383627,176.5397505923883,-0.008859774835119254
12.94047619047619,1,0.002310627422542358,176.9481398172478,0.0023132989793464634
12.944444444444443,1,-0.02791723324265297,172.07655431445346,-0.02753114843606553
12.948412698412698,1,0.007931483899299178,173.44680360619734,0.007963021442420488
12.952380952380953,1,0.04021950088011139,180.56493175445024,0.04103925814865025
12.956349206349206,1,-0.012755310203329744,178.2763965545181,-0.012674306011115653
12.96031746031746,1,0.009559837760421708,179.9888623879552,0.00960567897115587
12.964285714285714,1,-0.06967608518062432,167.87487129521207,-0.0673041149992507
12.968253968253968,1,-0.0013777490465536205,167.64374110760326,-0.0013768003860580278
12.972222222222221,1,-0.008284749572138867,166.26059212791523,-0.00825052561193041
12.976190476190476,1,-0.021021026393782543,162.80210169511514,-0.020801624657629428
12.98015873015873,1,0.0268531650590899,167.23308004145986,0.02721696034761731
12.984126984126984,1,-0.00861739347666142,165.7981583107092,-0.00858037016596738
12.988095238095237,1,-0.004868837722180711,164.99287596858662,-0.004857004144843897
12.992063492063492,1,-0.009901192472991179,163.36731054499992,-0.009852337042092195
12.996031746031745,1,-0.048696045451986046,155.6025592288998,-0.04752940652690343
13.0,1,-0.028920202615310718,151.16695019409602,-0.028506015947197646
13.003968253968253,1,0.023820454136109843,154.81104529055062,0.024106427309512166
13.007936507936508,1,-0.053562584351723175,146.73712582865207,-0.05215338121866834
13.011904761904761,1,-0.019706157215250857,143.87380613125566,-0.019513260064395344
13.015873015873016,1,-0.010468824091944013,142.3754731399724,-0.010414216677609042
13.019841269841269,1,0.04353831594972269,148.71118376702717,0.044500014555357514
13.023809523809524,1,0.018970169081757457,151.55918822233653,0.019151245946445856
13.027777777777777,1,-0.014436203039085275,149.3869660537,-0.014332500682505194
13.031746031746032,1,0.03247383007408113,154.31776059021368,0.03300685907725866
13.035714285714285,1,-0.019056070186872144,151.4049123789106,-0.018875651125070718
13.03968253968254,1,0.025030099638643808,155.24241865415382,0.025345982603519043
13.043650793650793,1,-0.03463731353946024,149.9572979053757,-0.03404430821547715
13.047619047619047,1,0.02664672998952225,154.00688403272176,0.027004928629091145
13.0515873015873,1,-0.010630431348942558,152.3783955281011,-0.010574127999853423
13.055555555555555,1,-0.026312696291166882,148.42119964565765,-0.025969533730348764
13.059523809523808,1,-0.005868330149072636,147.55276566587708,-0.005851145131920743
13.063492063492063,1,0.006591591051849765,148.52858572590014,0.00661336339999659
13.067460317460316,1,-0.012863314051211602,146.6302514923954,-0.012780935226892626
13.071428571428571,1,0.013561490934183695,148.63232115954156,0.013653865056965553
13.075396825396824,1,-0.015086890463938197,146.4067522818538,-0.014973653511733926
13.079365079365079,1,0.015235089599290498,148.65434997330803,0.01535173519269997
13.083333333333332,1,0.010746123178555746,150.26042199742696,0.010804070142632006
13.087301587301587,1,-0.0019319420812785291,149.9704078005391,-0.0019300770823924324
13.09126984126984,1,-0.011518614269424755,148.25286735421497,-0.011452529012313587
13.095238095238095,1,0.003421643737229121,148.76100468602576,0.003427504242442023
13.099206349206348,1,0.013468265670313728,150.77811038539804,0.01355937131259337
13.103174603174603,1,0.05155562995071285,158.75544214170847,0.05290775786962668
13.107142857142856,1,0.023274344247111636,162.49370501333058,0.02354730534708409
13.11111111111111,1,0.024195809739471046,166.47332267006394,0.02449090354858223
13.115079365079364,1,0.07742636687737053,179.87486941965582,0.08050266874382433
13.119047619047619,1,0.012604106187588058,182.15637936714955,0.012683872710260908
13.123015873015872,1,0.011815043226525872,184.32132916642425,0.011885116550933836
13.126984126984127,1,0.017342687040277,187.5458362830421,0.017493944576031942
13.13095238095238,1,-0.025820378330384322,182.765314863401,-0.02548988297680239
13.134920634920634,1,-0.011582095268621983,180.66072090538012,-0.01151528100172521
13.138888888888888,1,-0.013151092072747731,178.300389616294,-0.013064994301236182
13.142857142857142,1,0.015921512977388027,181.16192109038977,0.016048935620689223
13.146825396825395,1,-0.004785611838261945,180.29702164335941,-0.004774179042839928
13.15079365079365,1,0.0030860775476362736,180.85429168075314,0.003090844387302238
13.154761904761903,1,0.027004455431565523,185.80470410270198,0.027372380140624313
13.158730158730158,1,0.02135252887529694,189.81476451973447,0.021582125363284587
13.162698412698411,1,-0.0044718116427593015,188.96784369232535,-0.004461827980305163
13.166666666666666,1,-0.017279114977514963,185.7306946711554,-0.01713068720009569
13.17063492063492,1,0.02820940898117389,191.04464714076204,0.02861106226418361
13.174603174603174,1,0.019103399427113667,194.72933229292127,0.0192870368644481
13.178571428571427,1,-0.04087069285312488,186.93105554877806,-0.04004674926124018
13.182539682539682,1,-0.00828756296284087,185.38825451698247,-0.008253315786755443
13.186507936507935,1,0.003773772228244228,186.08918931560464,0.0037809018723894377
13.19047619047619,1,0.01922783884287968,189.70190329530388,0.019413884240056353
13.194444444444443,1,0.02253557673116264,194.02547925537502,0.022791421092601766
13.198412698412698,1,0.00675693341107093,195.3409357197363,0.006779812988529326
13.20238095238095,1,0.014350026254508017,198.16429244808288,0.014453482153875371
13.206349206349206,1,0.0012192701172649891,198.4060556055195,0.0012200137292650037
13.21031746031746,1,-0.017376291944128312,194.9882742386186,-0.01722619481784548
13.214285714285714,1,-0.006980069255224346,193.6319815954643,-0.006955765152803669
13.218253968253968,1,8.170752652449648e-05,193.64780343210924,8.171086467535859e-05
13.222222222222221,1,-0.0012706603606675007,193.40189910788237,-0.0012698534136128148
13.226190476190476,1,-0.04790879667338902,184.35469751965536,-0.04677927998618223
13.23015873015873,1,-0.01041246401126224,182.44507008326136,-0.010358441971300746
13.234126984126984,1,0.0010194239398399851,182.63115378838668,0.001019943729038056
13.238095238095237,1,-0.007486682777575318,181.2689578019182,-0.007458727375980778
13.242063492063492,1,-0.006616200449936982,180.07360474990617,-0.006594361585717725
13.246031746031745,1,0.011899401356455022,182.22917239392737,0.011970480887606492
13.25,1,-0.027583991036982405,177.27125842260165,-0.027207026768514227
13.253968253968253,1,-0.04141963322568174,170.07873207270694,-0.04057356174878735
13.257936507936508,1,-0.009169879497579842,168.52625946636908,-0.009127964369314552
13.261904761904761,1,0.018857047842790797,171.73431941202585,0.019035964815305104
13.265873015873016,1,0.042125514286153735,179.12325464338173,0.04302538512193532
13.269841269841269,1,0.019310953784179824,182.6159102536452,0.019498616286406267
13.273809523809524,1,-0.037393594612650426,175.91334247484414,-0.036703087751179427
13.277777777777777,1,-0.006251929475202082,174.81697543974036,-0.006232426828344175
13.281746031746032,1,0.006069753176609901,175.8812981521859,0.006088211455256613
13.285714285714285,1,0.0040780501311176425,176.600015389587,0.004086376692417496
13.28968253968254,1,0.013192372012809955,178.9452239087062,0.013279775281704015
13.293650793650793,1,-0.023504286848339297,174.7882883128237,-0.023230212604072254
13.297619047619047,1,0.0012395865939551724,175.00508787495124,0.0012403551989684772
13.3015873015873,1,0.010194314393180052,176.7982693595342,0.010246453439480822
13.305555555555555,1,0.0204081270528042,180.44346014661457,0.020617796770778917
13.309523809523808,1,-0.020699014879343045,176.74684837445622,-0.02048626073316632
13.313492063492063,1,-0.009093960959023914,175.14680582490917,-0.0090527359568941
13.317460317460316,1,-0.06852662703428883,163.5465870187637,-0.0662314037159317
13.321428571428571,1,-0.01605619506821279,160.9416200075274,-0.015927981492743777
13.325396825396824,1,-0.01361083864082477,158.76590979563997,-0.013518629996304
13.329365079365079,1,-0.026087940151350717,154.6775939784096,-0.025750589799111916
13.333333333333332,1,0.003776208542281881,155.26279305156064,0.0037833474008704335
13.337301587301587,1,-0.0018065177795096197,154.98256125349104,-0.0018048870084192504
13.34126984126984,1,-0.05732366424040905,146.3482328592173,-0.05571161248362258
13.345238095238095,1,0.005033465006269744,147.0867286050947,0.005046154172479172
13.349206349206348,1,-0.023788394788520312,143.62906067455702,-0.023507681239012812
13.353174603174603,1,0.011841386036964146,145.33993741276717,0.011911772799843163
13.357142857142856,1,-0.032696440818424426,140.66468727211227,-0.03216769061470817
13.36111111111111,1,0.00035926830468646013,140.7152327149819,0.0003593328492732129
13.365079365079364,1,-0.007531870622033844,139.65936510825514,-0.007503577163286541
13.369047619047619,1,0.007240624217398273,140.67425587684417,0.00726690091854819
13.373015873015872,1,0.00274525065871971,141.06097254467755,0.00274902230989555
13.376984126984127,1,-0.006826358259679947,140.10131900564508,-0.0068031116028816774
13.38095238095238,1,-0.039107249101918665,134.72809266420523,-0.03835243222245041
13.384920634920634,1,-0.03761896735913091,129.75390936614687,-0.036920164159497115
13.388888888888888,1,-0.015109393345556152,127.80814320162904,-0.014995819193602726
13.392857142857142,1,-0.0006054588612269908,127.7307840500457,-0.000605275607996635
13.396825396825395,1,-0.0157232330516293,125.73814954435169,-0.015600268334008745
13.40079365079365,1,0.015357034460544556,127.6840177802821,0.015475559668897952
13.404761904761903,1,-0.0074325312356917994,126.73852040186482,-0.007404978280400092
13.408730158730158,1,-0.024712860461391133,123.64483340744412,-0.024409997722958904
13.412698412698411,1,-0.007404193318491718,122.732724042071,-0.007376849806312086
13.416666666666666,1,0.005294307536997007,123.38423194781453,0.005308347148884368
13.42063492063492,1,0.007789500039126938,124.34908641571157,0.007819917121217592
13.424603174603174,1,0.04693387985219546,130.32439692798062,0.048052709388576254
13.428571428571427,1,-0.017251756475848225,128.09535489870834,-0.01710379700052716
13.432539682539682,1,-0.002248313637187999,127.80767987844573,-0.0022457880731903144
13.436507936507935,1,0.01034048880292237,129.13613033760092,0.010394136411979314
13.44047619047619,1,-0.00098702849220225,129.00873218073315,-0.0009865415398051807
13.444444444444443,1,-0.01301121697865591,127.34104442489446,-0.012926937019288995
13.448412698412698,1,-0.0394344368776731,122.41714570263098,-0.038667020083753466
13.45238095238095,1,-0.01326864639065033,120.80356457629253,-0.013181005953676364
13.456349206349206,1,-0.02745158316960003,117.5324199479725,-0.027078212797720703
13.460317460317459,1,-0.04390322435183605,112.48399958584541,-0.04295342820612263
13.464285714285714,1,-0.020446047668599768,110.2074983995691,-0.020238444531294118
13.468253968253968,1,-0.02678105675894659,107.29519645408581,-0.02642562427943365
13.472222222222221,1,0.014313212865943038,108.84197874542214,0.014416137371053963
13.476190476190476,1,0.014749265240404047,110.45921516588388,0.014858572391856412
13.48015873015873,1,-0.023172442686851404,107.92903379127524,-0.022906023465845766
13.484126984126984,1,-0.0069539705443389275,107.18110203114597,-0.006929847640216598
13.488095238095237,1,-0.0472201392974006,102.23762971032524,-0.046122611422526785
13.492063492063492,1,-0.012853021314039374,100.93197604820192,-0.012770773988234113
13.496031746031745,1,0.00965657352578673,101.91135420407555,0.009703348673228545
13.5,1,0.02038965558406383,104.01062054701981,0.020598944635163857
13.503968253968253,1,-0.018363923027640387,102.1180085947507,-0.018196333627425645
13.507936507936508,1,0.02610742580593982,104.81915347459469,0.026451209899356145
13.511904761904761,1,-0.038588671954104224,100.85136965272814,-0.03785361444297756
13.515873015873016,1,-0.03183409097116177,97.69142186485362,-0.03133272060414696
13.519841269841269,1,0.017484972807212267,99.4145744571941,0.017638729782480735
13.523809523809524,1,0.04171147156907062,103.64900081045826,0.04259361744879125
13.527777777777777,1,0.012036492028490981,104.90410958283027,0.012109222110758398
13.531746031746032,1,-0.0014133579879095672,104.75594724945935,-0.0014123596678918204
13.535714285714285,1,-0.05571025659100458,99.07955133007371,-0.054186860683605814
13.53968253968254,1,-0.05135770111192785,94.11951163890666,-0.05006118441779333
13.543650793650793,1,0.0028639884308556203,94.3894552044666,0.002868093563803901
13.547619047619047,1,-0.0094191566107418,93.50456016830996,-0.009374935306489475
13.5515873015873,1,-0.02826125285397127,90.89899582611199,-0.02786563925340032
13.555555555555555,1,0.001254440428398917,91.01309475156722,0.001255227567898578
13.559523809523808,1,0.002504212379635998,91.24129648369846,0.0025073505384491275
13.563492063492063,1,0.023400217673466322,93.40153918412632,0.023676150862387356
13.567460317460316,1,0.0030452285972247875,93.68640173793482,0.003049870016027373
13.571428571428571,1,0.03055580327484182,96.59324936807376,0.03102742315016168
13.575396825396824,1,-0.00019539478578290133,96.57437739460802,-0.0001953756974650186
13.579365079365079,1,-0.003302994098950514,96.25591901855783,-0.0032975452148033073
13.583333333333332,1,0.026421320909322255,98.83302286999833,0.0267734584814846
13.587301587301587,1,-0.025051218169861753,96.38788990308518,-0.024740040281165592
13.59126984126984,1,0.07052058450223503,103.43063086553049,0.0730666577463884
13.595238095238095,1,0.009058774268378731,104.3718422774192,0.009099929141033478
13.599206349206348,1,0.009199169793527195,105.33640636846293,0.009241612201113598
13.603174603174603,1,0.012834349475295919,106.69704338876205,0.01291706321876696
13.607142857142856,1,0.046902567847516105,111.82062402462256,0.048019893271007565
13.61111111111111,1,0.01957248435042417,114.03079010307752,0.01976528120580271
13.615079365079364,1,-0.04084043454712722,109.46753989596561,-0.040017702262581605
13.619047619047619,1,0.034967304227355084,113.36303523745065,0.03558584896661747
13.623015873015872,1,-0.008986611796864339,112.34884951971733,-0.008946352888390274
13.626984126984127,1,0.0023032286455732867,112.60791283472791,0.002305883114228381
13.63095238095238,1,-0.032630995626037745,108.99270914930459,-0.03210434857032887
13.634920634920634,1,0.012862219168280608,110.40365173677313,0.012945293299717837
13.638888888888888,1,-0.016809914748634858,108.563287284191,-0.01666941648787122
13.642857142857142,1,0.0021272122322231616,108.79447023729927,0.002129476353301009
13.646825396825395,1,-0.007555447453067661,107.97557678299498,-0.007526976807903612
13.65079365079365,1,0.04810893787944843,113.29714833128897,0.04928495597656337
13.654761904761903,1,0.0495514392506173,119.05260303879169,0.05079964317083571
13.658730158730158,1,0.000775196327721484,119.14492795981948,0.000775496870049493
13.662698412698411,1,0.0012152614006323119,119.28980820770596,0.0012160001299876943
13.666666666666666,1,-0.0098067036618452,118.12568583987354,-0.009758774746334898
13.67063492063492,1,0.027471913610690627,121.41581056712762,0.02785274602946278
13.674603174603174,1,-0.008684827093679948,120.36590098671577,-0.008647222923503303
13.678571428571427,1,-0.011013526794865783,119.04752124267905,-0.010953099949646352
13.682539682539682,1,0.02426139700355586,121.97110209167981,0.02455809930759467
13.686507936507935,1,-0.013960687655672143,120.28013264468765,-0.013863689168939835
13.69047619047619,1,-0.0013481628434110023,120.11808469711053,-0.0013472544801378863
13.694444444444443,1,-0.04024211180999951,115.3802489253225,-0.039443151160251426
13.698412698412698,1,0.01734710344935218,117.39922308704021,0.017498438255445663
13.70238095238095,1,0.048508424593101736,123.23445932557074,0.04970421511396401
13.706349206349206,1,0.01777634579991839,125.44470452798305,0.01793528542672581
13.710317460317459,1,0.03643705140366422,130.09983425180607,0.03710901740602808
13.714285714285714,1,-0.021716595264308483,127.30496615692341,-0.02148248774455194
13.718253968253968,1,0.005557986784246128,128.01449542702798,0.005573461048094492
13.722222222222221,1,-0.024162221648671996,124.95844991723199,-0.023872652074296483
13.726190476190476,1,-0.006135977690512822,124.19405520903793,-0.006117191023899123
13.73015873015873,1,0.019061074875789025,126.58403280442575,0.01924389691088782
13.734126984126984,1,0.0021688128947122487,126.85886781216149,0.002171166470579385
13.738095238095237,1,-0.03599203337407117,122.3741503824562,-0.035352021557891355
13.742063492063492,1,-0.033532444254583564,118.33868366246062,-0.03297646363536354
13.746031746031745,1,-0.03519888523050958,114.2457498453058,-0.034586609302070394
13.75,1,0.011986615880877077,115.6234100113109,0.012058743260650762
13.753968253968253,1,0.051608428637581034,121.74721331554841,0.052963351484257536
13.757936507936508,1,0.033933895415882445,125.94946669600105,0.03451621820337811
13.761904761904761,1,-0.04817116183872786,120.02614651815222,-0.047029339093159185
13.765873015873016,1,0.035410922472417214,124.35253165775278,0.0360453556587876
13.769841269841269,1,0.02319824727934539,127.27101338467114,0.02346941946425921
13.773809523809524,1,-0.0393347240336897,122.36202301107521,-0.03857115805905285
13.777777777777777,1,-0.00803678801519399,121.38256648517522,-0.008004579376816355
13.781746031746032,1,0.0272077446652287,124.73045001788803,0.02758125511476719
13.785714285714285,1,0.013472795395646928,126.42228916061639,0.013563962468552637
13.78968253968254,1,-0.03338292016981285,122.27161032326613,-0.03283185951550695
13.793650793650793,1,0.014992430407176464,124.11856954016054,0.015105380652232261
13.797619047619047,1,-0.0542567778204593,117.56372616195027,-0.05281114181781918
13.8015873015873,1,-0.006011416479148318,116.85912159875568,-0.005993384066646496
13.805555555555555,1,0.028276989980079416,120.21070888823479,0.028680579176241415
13.809523809523808,1,6.6665269496738e-05,120.21872303466887,6.666749167519697e-05
13.813492063492063,1,-0.012968869939217522,118.66968837703222,-0.012885136512304768
13.817460317460316,1,0.0220125938118277,121.31087910522889,0.022256658497368256
13.821428571428571,1,0.02416461167677377,124.27801485100787,0.02445894191571364
13.825396825396824,1,0.03261307207888305,128.39791891258508,0.03315070703789751
13.829365079365079,1,0.021634532949664387,131.20601430888408,0.02187025631007896
13.833333333333332,1,0.02685125821090229,134.77678619858236,0.027215001602685703
13.837301587301587,1,0.018070734381563317,137.23444063417887,0.01823499806543367
13.84126984126984,1,0.006293867665318559,138.10089987230984,0.0063137156687996035
13.845238095238095,1,0.0018585893981954724,138.35781141327163,0.0018603176460061808
13.849206349206348,1,-0.0063752083764898534,137.478557227302,-0.00635492985172598
13.853174603174603,1,-0.03094563492878644,133.28934914159302,-0.030471719882705924
13.857142857142856,1,-0.024468412796207314,130.06754725504024,-0.024171487874325465
13.86111111111111,1,-0.007502922399866181,129.09531240346658,-0.007474845740477854
13.865079365079364,1,0.005687197153912738,129.8315946032287,0.00570339996127017
13.869047619047619,1,0.035908239557157065,134.57833207073782,0.03656072685555068
13.873015873015872,1,-0.0014500165439730421,134.38333267311762,-0.0014489657779215603
13.876984126984127,1,0.02488840043376329,137.76988701862334,0.025200702186359576
13.88095238095238,1,0.026799372822772914,141.51195212159126,0.02716170553629073
13.884920634920634,1,-0.0062287365246998724,140.63325089686037,-0.006209378158926612
13.888888888888888,1,0.014587959426126437,142.69984006552068,0.014694883005839909
13.892857142857142,1,-0.006533155260392489,141.7705985992898,-0.006511860600573483
13.896825396825395,1,0.032917867699971605,146.51504451907567,0.033465654844245095
13.90079365079365,1,0.01562492075411533,148.8223089501714,0.015747628092863168
13.904761904761903,1,-0.03039419639461409,144.36702483425165,-0.029936937192739665
13.908730158730158,1,0.0036732132717964315,144.8982908352034,0.0036799677873931053
13.912698412698411,1,0.041131697583432,150.98247211403427,0.04198932398554358
13.916666666666666,1,-0.004963418227849461,150.23493965263384,-0.004951120821732987
13.92063492063492,1,0.010884532963720786,151.879108578577,0.010943984999393662
13.924603174603174,1,0.013358028418705637,153.921524985261,0.01344764547144622
13.928571428571427,1,-0.026517267249628433,149.89358773873565,-0.026168771696558613
13.932539682539682,1,0.012471805328915203,151.77473766922503,0.012549902626711146
13.936507936507935,1,-0.035518169976858964,146.47858826962437,-0.03489480186843082
13.94047619047619,1,-0.016161071108683558,144.1303634120849,-0.016031181657875954
13.944444444444443,1,0.026708845570698893,148.03178838430836,0.027068723618415124
13.948412698412698,1,0.008592588153782964,149.3092450452323,0.008629610402378897
13.95238095238095,1,-0.00806894500668679,148.1093245147081,-0.008036478452226334
13.956349206349206,1,0.010852934910781183,149.72549963145715,0.010912041642513276
13.960317460317459,1,-0.001911007713805942,149.43964626769306,-0.0019091829011602674
13.964285714285714,1,-7.987692931499825e-05,149.42770996435522,-7.987373923801826e-05
13.968253968253968,1,0.01615344582413953,151.86108315064192,0.016284618072961103
13.972222222222221,1,-0.0187247697156348,149.0439764866299,-0.01855055031589397
13.976190476190476,1,0.0006195564877456122,149.13634626041315,0.0006197484525086572
13.98015873015873,1,-0.008265244304295156,147.90877798811687,-0.008231181084139127
13.984126984126984,1,-0.040350274988987925,142.05942327015134,-0.03954704242391507
13.988095238095237,1,-0.02359013038609715,138.74744158269613,-0.02331405837933683
13.992063492063492,1,0.039118262825451534,144.28255669354485,0.039893457116826896
13.996031746031745,1,0.00929729092661268,145.6302488338955,0.009340644990185077
14.0,1,-0.03374811571818235,140.7975089494136,-0.03318500052824899
14.003968253968253,1,-0.03921010739115884,135.38365598290346,-0.03845134055926563
14.007936507936508,1,-0.0032230900232224947,134.9480047207559,-0.0032179014444892956
14.011904761904761,1,0.038941377621918044,140.30672678104676,0.039709531618340815
14.015873015873016,1,-0.005102688063592955,139.59260883111085,-0.005089691466113474
14.019841269841269,1,0.032536467764884225,144.209155044596,0.03307156626802836
14.023809523809524,1,0.008470996491721602,145.4359389963963,0.008506976907402097
14.027777777777777,1,0.011477570000179954,147.11480639544428,0.011543690030355078
14.031746031746032,1,-0.03405381862261995,142.18932713243717,-0.03348051350975156
14.035714285714285,1,0.023226531740055813,145.53054428899875,0.02349836815423948
14.03968253968254,1,-0.00883631946096045,144.25025476242752,-0.008797393927345087
14.043650793650793,1,0.021351060228993794,147.363265419722,0.021580625021574547
14.047619047619047,1,-0.020911980608912948,144.3136060165896,-0.02069484138021985
14.0515873015873,1,0.004064398825055378,144.90134766646696,0.004072669695535734
14.055555555555555,1,0.008472815335356482,146.13428588009094,0.008508811225565946
14.059523809523808,1,-0.004278100151856121,145.5104441496465,-0.004268962117188351
14.063492063492063,1,0.009796755317389624,146.94298001131233,0.009844900618903873
14.067460317460316,1,-0.007109400739247801,145.90200820797972,-0.007084188732612305
14.071428571428571,1,-0.016751593897475155,143.47827439782674,-0.016612066138925095
14.075396825396824,1,0.04005755331669409,149.34232875479785,0.040870678028309626
14.079365079365079,1,0.026034302426229332,153.2814051753464,0.02637615506194552
14.083333333333332,1,-0.01956881488972101,150.3110279016615,-0.019378588487539327
14.087301587301587,1,0.01392662476311887,152.4189975661678,0.014024051953695396
14.09126984126984,1,-0.019110573525639916,149.53383942766058,-0.018929124220586402
14.095238095238095,1,-0.0302480725317557,145.07845214357476,-0.0297951774737994
14.099206349206348,1,0.025652723983863115,148.8482557701867,0.025984586759177777
14.103174603174603,1,-0.04333609986102827,142.53552537207278,-0.04241050971978122
14.107142857142856,1,0.022957748398537488,145.8456714666562,0.02322330581055234
14.11111111111111,1,-0.006764829109448681,144.86238007181055,-0.006741999162247275
14.115079365079364,1,-0.005727298753507009,144.03508129802978,-0.005710929044315876
14.119047619047619,1,0.009927934855828258,145.47217408010297,0.009977380295983138
14.123015873015872,1,0.014248008115774374,147.55969901830463,0.014349994776678726
14.126984126984127,1,-0.021218716287152665,144.46165611227985,-0.020995183147130104
14.13095238095238,1,0.01768816003493757,147.0396497721129,0.017845521982866642
14.134920634920634,1,0.002459843647139678,147.40178954148416,0.002462871544733076
14.138888888888888,1,-0.032046431253964204,142.75297502766216,-0.031538385851914146
14.142857142857142,1,-0.004677260041087448,142.0868412965638,-0.004666338694302474
14.146825396825395,1,0.03440813428280351,147.06086715903,0.03500694235354572
14.15079365079365,1,0.041849392561104364,153.3458696325324,0.042737422911465914
14.154761904761903,1,0.017678656719444318,156.08092342673567,0.01783584912171004
14.158730158730158,1,-0.030390662010526953,151.40887376129305,-0.029933508611228003
14.162698412698411,1,0.01196530655926988,153.23140920519518,0.012037177205185068
14.166666666666666,1,0.021042854145260907,156.49000018534576,0.02126581617341236
14.17063492063492,1,0.017889296968084594,159.3146867688475,0.018050268899968924
14.174603174603174,1,0.019382163540525393,162.4326690939066,0.019571217119379803
14.178571428571427,1,0.008756543823941414,163.86126352578515,0.008794994503554166
14.182539682539682,1,-0.002221444829188867,163.49765878268653,-0.0022189792466807343
14.186507936507935,1,-0.015726245395845766,160.9465666065051,-0.015603233680380793
14.19047619047619,1,-0.04822030526721957,153.36981864576973,-0.04707617018795845
14.194444444444443,1,0.008161342694356907,154.62664400980054,0.008194737237928539
14.198412698412698,1,0.0042912656033657764,155.29161376908237,0.004300486268327924
14.20238095238095,1,0.013652765242905096,157.42631283010266,0.013746389835284761
14.206349206349206,1,-0.03409975854097635,152.14860918136463,-0.03352491431615827
14.210317460317459,1,0.01585606747378282,154.5803154972489,0.015982441962289207
14.214285714285714,1,0.051372844867310266,162.7290662364576,0.05271531962524532
14.218253968253967,1,0.0015799320923064843,162.98637031852087,0.0015811808425749134
14.222222222222221,1,-0.0019506453886151292,162.66875158831965,-0.0019487441163359965
14.226190476190476,1,0.007389302114944041,163.87521209950003,0.007416670377072417
14.23015873015873,1,0.05081325410462685,172.41743607883356,0.052126394650503685
14.234126984126984,1,-0.02619032451669035,167.9603880100671,-0.025850332600519006
14.238095238095237,1,0.004723508035977831,168.75562693269686,0.004734681385602691
14.242063492063492,1,-0.020546298477268476,165.32370087217328,-0.020336661496285026
14.246031746031745,1,-0.01418004880000793,162.9959455719668,-0.014079985434189342
14.25,1,-0.0016463837024895656,162.7278124891404,-0.0016450291563112158
14.253968253968253,1,0.0335525292024781,168.28037248540866,0.03412176389109101
14.257936507936508,1,0.044983872155433945,176.02311899915784,0.04601098987001962
14.261904761904761,1,0.0108952952383118,177.95142852486302,0.010954865114703649
14.265873015873016,1,-0.009886120465200566,176.20084675443604,-0.009837413416338018
14.269841269841269,1,0.06241429007508434,187.54874954858607,0.06440322508759067
14.273809523809524,1,-0.011170185678055103,185.4654522627616,-0.011108030796466523
14.277777777777777,1,-0.014788097722666815,182.7429509528771,-0.014679290814913596
14.281746031746032,1,-0.04512118622786485,174.68063076423618,-0.04411836487591713
14.285714285714285,1,0.03478137555265558,180.86315853427178,0.03539332176090028
14.28968253968254,1,0.02400067027411615,185.25650632237054,0.02429100444613913
14.293650793650793,1,0.06052614762297758,196.81565575025044,0.06239537632090241
14.297619047619047,1,-0.03540952283383465,189.96845084651707,-0.034789940249581416
14.3015873015873,1,0.03634562532359334,196.99998163612196,0.03701420292828455
14.305555555555555,1,0.0013704235524067577,197.2701401242762,0.0013713630118666956
14.309523809523808,1,0.019914990845540426,201.23815348962916,0.02011461725962839
14.313492063492063,1,-0.0419169066484389,192.97721853708828,-0.0410505404133847
14.317460317460316,1,0.03659535943238226,200.17009952446958,0.037273213086543674
14.321428571428571,1,0.019421533898512252,204.09570716595093,0.01961135879338174
14.325396825396824,1,-0.001377266116341624,203.81480654583612,-0.0013763181206280835
14.329365079365079,1,0.015858486404734733,207.07276575662655,0.015984899556637046
14.333333333333332,1,-0.019685493933456963,203.03629637902537,-0.019492999781271628
14.337301587301587,1,-0.014997343169312633,200.01401113842073,-0.014885443117828877
14.34126984126984,1,-0.012074532007351252,197.61345750537015,-0.012001927361925107
14.345238095238095,1,-0.04708117938837729,188.52520441812948,-0.045990051497346404
14.349206349206348,1,0.02131744761136133,192.58722269232118,0.02154628759973351
14.353174603174603,1,0.02962851143155288,198.37866770734504,0.030071802968343036
14.357142857142856,1,-0.01806903686106506,194.8263464096108,-0.017906770615954533
14.36111111111111,1,0.008377065897961736,196.46527467283832,0.008412251697117486
14.365079365079364,1,-0.007087816433882689,195.0776881586013,-0.007062757103247478
14.369047619047619,1,0.007874900941881787,196.61997031817995,0.007905989527232336
14.373015873015872,1,-0.016210285479952822,193.45839868869746,-0.016079605873025798
14.376984126984127,1,-0.02265704696774257,189.12448490405404,-0.022402303616796494
14.38095238095238,1,0.026112969927321716,194.1281326183062,0.026456900685231613
14.384920634920634,1,-0.0020062128666500523,193.73906067193866,-0.002004201766739884
14.388888888888888,1,0.05055553086827963,203.78545239300553,0.051855272169810306
14.392857142857142,1,0.0007700760324074684,203.94244312528858,0.0007703726170813431
14.396825396825395,1,-0.023731798629258175,199.15950052504363,-0.023452413960278858
14.40079365079365,1,0.03051917872154721,205.3313863141947,0.03098966292283426
14.404761904761903,1,0.015497844710880232,208.5383667073153,0.015618559104321562
14.408730158730158,1,0.017918649194623045,212.30877194605625,0.01808015138064573
14.412698412698411,1,0.029603491813357342,218.68780795056207,0.030046031287518933
14.416666666666666,1,-0.01684574587587889,215.03470472510767,-0.016704649699905365
14.42063492063492,1,-0.0036033073881123687,214.26126289605233,-0.003596823266478232
14.424603174603174,1,-0.004716955077212369,213.252982021472,-0.004705847715783149
14.428571428571427,1,-0.032920581037745186,206.34687025668518,-0.032384596451230534
14.432539682539682,1,-0.007038672876490969,204.89956167899447,-0.007013959435829141
14.436507936507935,1,0.03327677177229265,211.83267365542926,0.03383663644579416
14.44047619047619,1,0.005583532691537981,213.01875649865966,0.005599149662623659
14.444444444444443,1,-0.03431438275796083,205.83313942188747,-0.03373232101661167
14.448412698412698,1,-0.03960029361795362,197.84136924005847,-0.03882645041646342
14.45238095238095,1,0.04155158831805252,206.23517265103712,0.04242693751676259
14.456349206349206,1,-0.0026726505377450767,205.68471402538358,-0.0026690821869893777
14.460317460317459,1,-0.016710029211412545,202.27627332730077,-0.016571191078702762
14.464285714285714,1,-0.007300768932036321,200.804878687032,-0.007274183056990617
14.468253968253967,1,-0.037621481852358425,193.39064332180456,-0.036922585814177275
14.472222222222221,1,0.03546180181831773,200.37167236170012,0.0360980703098389
14.476190476190474,1,-0.010300828491454223,198.31827214852402,-0.010247956654618461
14.48015873015873,1,0.0340584544580856,205.18902546051814,0.034645084578230644
14.484126984126984,1,0.0009046754719147739,205.3747389315032,0.0009050848142008513
14.488095238095237,1,0.03562399456434796,212.82288622649259,0.03626613152980604
14.492063492063492,1,0.006071268006853761,214.11892131392955,0.006089735509261658
14.496031746031745,1,0.021102616854879266,218.68540377560612,0.021326851609630847
14.5,1,0.01772261621713315,222.59562861941683,0.017880593657833576
14.503968253968253,1,0.015308633228993635,226.0294801821833,0.01542641059064767
14.507936507936508,1,0.008370299357181551,227.92935476195254,0.008405428257578708
14.511904761904761,1,-0.006264111943921945,226.50604231678327,-0.006244533296975665
14.515873015873016,1,0.04786759218876979,237.61202908078067,0.049031746130926125
14.519841269841269,1,-0.02324948937178203,232.15139518242296,-0.02298130241756933
14.523809523809524,1,-0.0002882830122824245,232.08447952470135,-0.00028824146272761204
14.527777777777777,1,-2.1736598284067846e-05,232.07943485242916,-2.1736362045927038e-05
14.531746031746032,1,0.009743728420169304,234.35180654559642,0.00979135309689231
14.535714285714285,1,-0.01121851888198497,231.73741857868495,-0.01115582595862268
14.53968253968254,1,0.007534036038092586,233.48993009447022,0.007562488296166536
14.543650793650793,1,-0.00465125864600904,232.4064298117795,-0.004640458294078229
14.547619047619047,1,-0.0402582820354278,223.23597806482456,-0.039458683455453156
14.5515873015873,1,-0.0001561304074185799,223.20112686135587,-0.0001561182197008189
14.555555555555555,1,-0.02812846513755646,217.01029916820912,-0.02773654318059175
14.559523809523808,1,-0.04409923877673911,207.64825681990013,-0.04314100475504298
14.563492063492063,1,0.003052058104733693,208.28297947757045,0.0030567203760387203
14.567460317460316,1,0.011896679286935004,210.7756531558586,0.011967726237354486
14.571428571428571,1,0.012874717797777803,213.50687433304165,0.012957953806759046
14.575396825396824,1,0.013894533095505906,216.49415806111637,0.013991510753022037
14.579365079365079,1,-0.04909349145304115,206.12238041406124,-0.04790788693765685
14.583333333333332,1,-0.034691228457704344,199.09435212004902,-0.03409638623372347
14.587301587301587,1,0.049331240592354074,209.16221185542292,0.05056828397273335
14.59126984126984,1,-0.026784005872369614,203.63436928973886,-0.026428495456459686
14.595238095238095,1,0.014994921831574047,206.71085895557337,0.015107909713694218
14.599206349206348,1,-0.017706026474368294,203.08304289519032,-0.01755019585672862
14.603174603174603,1,0.001610738930539041,203.41042024745596,0.0016120368672757441
14.607142857142856,1,-0.016353331453039903,200.11103373441568,-0.016220341657160343
14.61111111111111,1,0.013752681708428407,202.88210826496382,0.013847684851929866
14.615079365079364,1,0.003049558414701829,203.5017534472907,0.0030542130482871742
14.619047619047619,1,-0.011692665933549966,201.13613258650255,-0.011624572372054907
14.623015873015872,1,-0.026858675515765585,195.80578592622368,-0.026501188979490935
14.626984126984127,1,0.00635045016588965,197.05319743208918,0.006370657026118129
14.63095238095238,1,-0.030954466849393097,191.04696027891052,-0.03048028264168897
14.634920634920634,1,0.010374684390283804,193.0393294255342,0.010428688023693433
14.638888888888888,1,0.0657843735705626,206.16530967341694,0.06799640408482722
14.642857142857142,1,0.03362426206304712,213.21532768945167,0.03419594706404539
14.646825396825395,1,0.01770383997032422,217.02366939725286,0.017861481860009513
14.65079365079365,1,-0.0025539265419238562,216.4701140584716,-0.0025506680461096793
14.654761904761903,1,-0.04924879972753489,206.0674818383727,-0.04805574323894495
14.658730158730158,1,-0.03371531078307097,199.23566815067292,-0.03315328370469529
14.662698412698411,1,0.031926516325632176,205.69919895839124,0.032441634912631245
14.666666666666666,1,-0.020296808105505094,201.56624654413392,-0.02009221443343246
14.67063492063492,1,-0.01801632211570342,197.96728152312934,-0.01785499845688006
14.674603174603174,1,-0.004570825046534662,197.06447257704363,-0.004560394723510236
14.678571428571427,1,-0.027157875699249358,191.7846391636999,-0.026792416432543237
14.682539682539682,1,-0.031308491947425784,185.8731737376345,-0.030823456205059892
14.686507936507935,1,-0.0016686524847893624,185.56327463328373,-0.0016672610582752427
14.69047619047619,1,-0.022861256097313393,181.36918878871919,-0.022601917609251843
14.694444444444443,1,-0.0190687385299038,177.94347299307125,-0.0188880802661505
14.698412698412698,1,-0.02008098903130477,174.40583062013022,-0.01988070881969788
14.70238095238095,1,0.012765414799370083,176.64646427348325,0.012847240515904572
14.706349206349206,1,-0.006245843015490777,175.54659656444892,-0.0062263782836405705
14.710317460317459,1,-0.0048964160461068005,174.68914831697165,-0.004884448142304904
14.714285714285714,1,0.014644797369266093,177.26626007716175,0.014752557814947529
14.718253968253967,1,-0.0039758871083054185,176.5628686679832,-0.003967993733676978
14.722222222222221,1,-0.007408161327341856,175.2596954710455,-0.007380788535942444
14.726190476190474,1,0.011457409317846817,177.2792649634043,0.011523296824925446
14.73015873015873,1,0.016440177656918742,180.21785687437938,0.016576061005112778
14.734126984126984,1,-0.004102729245851558,179.4799864785921,-0.004094324550211388
14.738095238095237,1,0.001634299632031702,179.77355037479398,0.0016356358274907672
14.742063492063492,1,-0.02009608754248673,176.19686443589805,-0.01989550705005952
14.746031746031745,1,-0.02208399958600259,172.3483842800752,-0.021841933272444432
14.75,1,0.01898386995299114,175.65147713767985,0.019165209302089068
14.753968253968253,1,0.010814660749129042,177.56139722709685,0.010873350572054222
14.757936507936508,1,0.011075616892377623,179.5389302214054,0.0111371786052081
14.761904761904761,1,0.006680038997067386,180.74227198702127,0.0067024002211218126
14.765873015873016,1,0.0007673877228211966,180.88102461926314,0.0007676822401112645
14.769841269841269,1,0.0171511048239871,184.01009080064765,0.01729902950279555
14.773809523809524,1,0.0231657006075938,188.32257143464378,0.02343610948308357
14.777777777777777,1,0.022563962121383438,192.6201779827695,0.022820453838254925
14.781746031746032,1,-0.002936190189591604,192.05543800358103,-0.0029318837990018956
14.785714285714285,1,0.034552106351682835,198.80733229305994,0.03515596517164513
14.78968253968254,1,0.0053598426814603075,199.87576908680754,0.005374232335518964
14.793650793650793,1,0.015537556894288845,203.0056022354469,0.015658892335668945
14.797619047619047,1,0.006711121336620586,204.37257930794166,0.006733691373253095
14.8015873015873,1,0.005827158604774617,205.56696730649168,0.0058441695191914595
14.805555555555555,1,-0.01893603294752221,201.71096832339734,-0.018757872598009567
14.809523809523808,1,0.017275554603813397,205.22591104572788,0.017425640021196835
14.813492063492063,1,0.0712978543716662,220.39232020114943,0.0739010443571241
14.817460317460316,1,-0.009840773592124579,218.2341258443721,-0.009792511621129308
14.821428571428571,1,0.0013920732833099757,218.53813529308812,0.0013930426670885952
14.825396825396824,1,-0.011640141236355794,216.00906843626808,-0.011572656888594001
14.829365079365079,1,-0.012693771057616834,213.28442833939167,-0.012613544961794813
14.833333333333332,1,0.038519643475607955,221.66035163607432,0.03927114305482422
14.837301587301587,1,-0.017354101134548366,217.84682137909311,-0.017204386029498083
14.84126984126984,1,-0.012342530482150846,215.17456546956203,-0.012266673861083481
14.845238095238095,1,-0.04039788463199416,206.65520878546005,-0.03959276815784797
14.849206349206348,1,-0.01948684647764022,202.66713415794447,-0.01929820521318556
14.853174603174603,1,-0.04344445641210089,194.0508898704691,-0.04251426519289724
14.857142857142856,1,0.015523156615333938,197.08667373907656,0.015644266669603366
14.86111111111111,1,0.07014891360565036,211.40854926677315,0.07266790420674178
14.865079365079364,1,-0.009636262530543983,209.38114497314461,-0.009589982527481812
14.869047619047619,1,-0.04239517764859899,200.68992868982434,-0.04150906847144728
14.873015873015872,1,0.0222810345281523,205.21169567796218,0.022531110642460002
14.876984126984127,1,-0.018713612664778122,201.40715288919034,-0.018539600173385053
14.88095238095238,1,0.03234363979402966,208.02788543003123,0.032872380379079934
14.884920634920634,1,-0.007503289424906772,206.47283329601018,-0.007475210021996034
14.888888888888888,1,-0.016317084327701063,203.1311361833397,-0.016184681826299313
14.892857142857142,1,-0.004880934315187302,202.1420821676632,-0.004869041911839986
14.896825396825395,1,0.018697354210233615,205.95715905831293,0.01887324425344195
14.90079365079365,1,-0.00612728665382458,204.69905881291302,-0.0061085531144063595
14.904761904761903,1,-0.012913111431631258,202.07275045704029,-0.012830094926196387
14.908730158730158,1,-0.005406910865991343,200.9831095570921,-0.005392319832751746
14.912698412698411,1,-0.032444563700420766,194.56694786081536,-0.03192388509868298
14.916666666666666,1,0.00960743062511149,196.44524466983387,0.009653730141062525
14.92063492063492,1,-0.04541810376043627,187.722655264107,-0.04440214076134585
14.924603174603174,1,-0.01158763416024897,185.55994833906018,-0.011520756096295683
14.928571428571427,1,0.018737883287622194,189.0697292341259,0.018914539082822465
14.932539682539682,1,0.00723927357350897,190.4434230017478,0.007265540460582315
14.936507936507935,1,0.014477854888195009,193.2206911758182,0.014583166644957176
14.94047619047619,1,-0.002035822290871754,192.82772832265482,-0.0020337514102251246
14.944444444444443,1,0.02907800785989107,198.51709132156034,0.029504900816887263
14.948412698412698,1,0.022903404243117948,203.11627595953763,0.023167701115101264
14.95238095238095,1,0.010844871240393253,205.3310334926302,0.01090389001388435
14.956349206349206,1,0.022975131330791095,210.10315105292435,0.023241092586550268
14.960317460317459,1,0.018512070821431876,214.0288194821647,0.018684481453832863
14.964285714285714,1,-0.01147026507875479,211.5878780729296,-0.01140473238669772
14.968253968253967,1,-0.03425989499249799,204.4616682024638,-0.03367966981553479
14.972222222222221,1,0.010195304560984322,206.55687969172962,0.010247453753488636
14.976190476190474,1,0.013363329826322283,209.3356931504087,0.013453018184754454
14.98015873015873,1,0.02708048603397531,215.08206151738574,0.027450494851102198
14.984126984126984,1,-0.023989903882813537,209.9836630936632,-0.02370443349740016
14.988095238095237,1,-0.023236741239417973,205.16058042692313,-0.022968847174500012
14.992063492063492,1,0.011191572055962584,207.46954622433495,0.011254431980095856
14.996031746031745,1,-0.002190064959326093,207.01567162985756,-0.002187668516837205
15.0,1,-0.04791355162086194,197.3306892658638,-0.04678381248986008
15.003968253968253,1,0.009055011898828713,199.12563536989796,0.009096132541329262
15.007936507936508,1,-0.04707349545375985,189.96929685084268,-0.04598272091911392
15.011904761904761,1,-0.024215051695981392,185.42442968216568,-0.023924219566098887
15.015873015873016,1,0.03366234378780522,191.77249655233365,0.03423533177936161
15.019841269841269,1,0.04558580368791211,200.71692043732438,0.04664080640233998
15.023809523809524,1,-0.031028486641479797,194.58460832610288,-0.03055204363369217
15.027777777777777,1,-0.008696711986951274,192.89969923446344,-0.008659004975438736
15.031746031746032,1,0.000677161234759052,193.03036766978795,0.0006773905601884913
15.035714285714285,1,0.04448587440272209,201.81135932889038,0.04549020843250811
15.03968253968254,1,-0.012815955538629548,199.24145697287477,-0.012734180893293217
15.043650793650793,1,-0.01241317329364494,196.78352516808135,-0.01233644765571082
15.047619047619047,1,0.03862739057253039,204.53347583681804,0.03938312753629669
15.0515873015873,1,-0.00984062436994081,202.53060961983354,-0.009792363860194483
15.055555555555555,1,0.017800947158899297,206.16812586470027,0.01796032832614534
15.059523809523808,1,-0.037617329554692464,198.55669001008147,-0.03691858682177571
15.063492063492063,1,-0.004711484989010727,197.6233934783806,-0.004700403354093019
15.067460317460316,1,-0.04221473502388001,189.45441307439754,-0.04133610024704204
15.071428571428571,1,-0.02699125691782933,184.40919502005704,-0.02663024826114412
15.075396825396824,1,0.020749061133091575,188.27548491397755,0.020965819483676595
15.079365079365079,1,-0.0016543230529859787,187.96427393169995,-0.0016529554148798661
15.083333333333332,1,-0.008437534267647014,186.38499092589427,-0.008402038178699734
15.087301587301587,1,-0.019263542533079037,182.8289169826798,-0.019079186180974626
15.09126984126984,1,-0.00595683582608719,181.74307244959155,-0.005939129055778278
15.095238095238095,1,0.0071905132377981405,183.05460807414525,0.007216427052082381
15.099206349206348,1,0.02437033500234451,187.57051376138904,0.024669718696261965
15.103174603174603,1,-0.06654430426526328,175.4949984854466,-0.06437853708341253
15.107142857142856,1,-0.02135523699014399,171.7869947686013,-0.021128828450075826
15.11111111111111,1,0.003612023092288999,172.40861533874565,0.0036185543089662276
15.115079365079364,1,-0.002887941765141097,171.91142756805687,-0.002883775672764048
15.119047619047619,1,0.00976730053191166,173.59876509802652,0.009815156292048662
15.123015873015872,1,0.006344556153478656,174.70367358196873,0.006364725482455871
15.126984126984127,1,-0.008078773475075561,173.29796801173185,-0.0080462278864296
15.13095238095238,1,-0.01367227810179343,170.94471382934844,-0.013579237018082214
15.134920634920634,1,-0.006582881476215985,169.8231008123601,-0.006561261777934359
15.138888888888888,1,0.028548761061450226,174.7412088558882,0.02896018280199821
15.142857142857142,1,-0.018841691570110872,171.47961238229166,-0.01866529649732667
15.146825396825395,1,-0.0019794060644615016,171.1405203087791,-0.001977448332206229
15.15079365079365,1,0.004222964156125148,171.86476875299473,0.004231893434172918
15.154761904761903,1,0.03892032239780509,178.68567591531036,0.03968764053160189
15.158730158730158,1,-0.007963882234465869,177.26829565133764,-0.007932254539779781
15.162698412698411,1,0.02376283143363609,181.5311403184677,0.024047417229726312
15.166666666666666,1,0.030646137664060363,187.18049189576757,0.031120564589573702
15.17063492063492,1,-0.002003281874777463,186.80589194895958,-0.002001276644879632
15.174603174603174,1,-0.0057064445888114585,185.74293022824767,-0.005690193760067416
15.178571428571427,1,-0.00868819857998907,184.13614889054776,-0.008650565250184419
15.182539682539682,1,-0.006842962471329826,182.8804135092178,-0.006819602717315269
15.186507936507935,1,0.02112799585160116,186.7854173167776,0.021352772189367594
15.19047619047619,1,0.0054240788907248625,187.80130880304415,0.005438815839373987
15.194444444444443,1,0.005531917998566872,188.84308910825433,0.005547247310735317
15.198412698412698,1,-0.028749792804712536,183.4911910336317,-0.028340449734725142
15.20238095238095,1,-0.024775283879277864,179.00099727550025,-0.02447089548461417
15.206349206349206,1,0.05361295790651679,188.85968559904015,0.05507616423145587
15.210317460317459,1,-0.004877612499906942,187.94074417780033,-0.004865736265127079
15.214285714285714,1,-0.01991924466423088,184.23414539291718,-0.019722167224029627
15.218253968253967,1,0.035663484066234846,190.92314445302858,0.03630705397116049
15.222222222222221,1,0.006704082576019532,192.20740907708657,0.006726605240749328
15.226190476190474,1,0.014171309167867437,194.95063131163081,0.014272198182766538
15.23015873015873,1,-0.003875284734108728,194.1966040849587,-0.0038677855085625288
15.234126984126982,1,-0.0084266325129643,192.56705611062554,-0.008391227962051022
15.238095238095237,1,-0.004670000324191055,191.66986446935138,-0.004659112827475102
15.242063492063492,1,-0.035238552319936306,185.033313873386,-0.03462490368185465
15.246031746031745,1,-0.0026123878611226045,184.55056592730256,-0.00260897854541865
15.25,1,0.007062507000355459,185.85856904485087,0.007087505318534039
15.253968253968253,1,0.046230465336688266,194.6526072135765,0.0473157531230296
15.257936507936508,1,0.0017701473554401067,194.99747615583658,0.0017717149911156786
15.261904761904761,1,-0.05921255844144238,183.78637124389883,-0.05749358982973811
15.265873015873016,1,-0.002765035701690969,183.27889728105862,-0.0027612165113519785
15.269841269841269,1,0.06863219033496666,196.29943281136877,0.07104219702033113
15.273809523809524,1,0.021433551765781864,200.55224044299348,0.02166490025323439
15.277777777777777,1,-0.020829306217866873,196.41808171262832,-0.020613874575688168
15.281746031746032,1,0.014497658751112374,199.28642593230782,0.014603259509865192
15.285714285714285,1,-0.019093806270440234,195.5173866827931,-0.018912674216932913
15.28968253968254,1,-0.034509568442255875,188.88526013387005,-0.03392090422977577
15.293650793650793,1,-0.009174908249313808,187.16018102502804,-0.009132947206253132
15.297619047619047,1,0.0019094240947297523,187.5178905851966,0.001911248205732259
15.3015873015873,1,-0.0475707099213963,178.80638052965216,-0.046456954205052615
15.305555555555555,1,-0.029352917773631595,173.6341725981422,-0.028926305180995666
15.309523809523808,1,-0.00013639368406057848,173.6104916086681,-0.00013638438286493225
15.313492063492063,1,-0.010681822687436572,171.76588454273963,-0.010624974613207168
15.317460317460316,1,0.009551483538963625,173.41436373980352,0.009597244536960023
15.321428571428571,1,-0.031003590344304062,168.12038605510637,-0.030527907668827233
15.325396825396824,1,0.01759714971254741,171.1050090695403,0.01775289174898526
15.329365079365079,1,-0.030224750949507752,166.01077654649063,-0.029772550498386095
15.333333333333332,1,0.040996188251577075,172.95801781449322,0.04184813427492806
15.337301587301587,1,-0.043629870447909815,165.57413216356005,-0.042691780029837575
15.34126984126984,1,-0.02792660533278855,161.01417710734,-0.027540262459087642
15.345238095238095,1,0.010119930310998825,162.65190221371844,0.010171309979038203
15.349206349206348,1,0.04153791086095711,169.55040527166966,0.042412679864554034
15.353174603174603,1,0.007541512944566298,170.83390553150605,0.007570021774821469
15.357142857142856,1,0.013785861081895081,173.20530636553974,0.01388132424096773
15.36111111111111,1,4.5062989779415434e-05,173.2131116903546,4.5064005131190904e-05
15.365079365079364,1,-0.02625963545063437,168.72380033292396,-0.025917849483911567
15.369047619047619,1,-0.012747150896419404,166.5867024826337,-0.01266625008489259
15.373015873015872,1,-0.030934079973324292,161.5123854060369,-0.030460516961885373
15.376984126984127,1,-0.03261728800365415,156.32927837456458,-0.032091080931298664
15.38095238095238,1,0.009726295841355571,157.85720165641698,0.009773749982978305
15.384920634920634,1,-0.028698250336521645,153.39136353333637,-0.02829036671257302
15.388888888888888,1,0.007655178719786759,154.57010782800754,0.007684554511538242
15.392857142857142,1,-0.03319967542980333,149.5226804969844,-0.032654614801973625
15.396825396825395,1,0.007071324736995429,150.58375109225352,0.007096385590081232
15.40079365079365,1,-0.012710468706617496,148.6818735188716,-0.012630031856602475
15.404761904761903,1,0.03504655453003186,153.98504709203038,0.03566792271073744
15.408730158730158,1,0.007760124054552627,155.18463862968747,0.007790311853722626
15.412698412698411,1,0.03074197659679787,160.02940851227112,0.031219390819632226
15.416666666666666,1,-0.019437332927145456,156.94889905151078,-0.01924964598318905
15.42063492063492,1,0.0010178538037322316,157.108731414592,0.001018371992713746
15.424603174603174,1,-0.025117898109728035,153.21163858741093,-0.024805068388574398
15.428571428571427,1,-0.010818697904008565,151.56302217566906,-0.010760386266616802
15.432539682539682,1,-0.00700123102503652,150.5056003889951,-0.006976779503963596
15.436507936507935,1,-0.018686733387587393,147.71925726742754,-0.01851321887269283
15.44047619047619,1,-0.031024618562480216,143.20668600755997,-0.030548293725158493
15.444444444444443,1,-0.036014114085077945,138.14098987163487,-0.03537332143596752
15.448412698412698,1,-0.05935293629867065,130.1804927199355,-0.05762588757396754
15.45238095238095,1,-0.027014254356375087,126.71083982178583,-0.026652633014795046
15.456349206349206,1,0.015414534601313284,128.67915984122922,0.015533951335274547
15.460317460317459,1,-0.04067520241405365,123.5501283000755,-0.0398590692345377
15.464285714285714,1,-0.03487028076989303,119.31614966111577,-0.03426931802673902
15.468253968253967,1,0.04472957691577639,124.77427027686723,0.04574502807250893
15.472222222222221,1,-0.01643501833371541,122.74036229610581,-0.01630070026655563
15.476190476190474,1,0.007692773647554783,123.68821726312189,0.00772243905170687
15.48015873015873,1,0.015788045388631277,125.65650930845953,0.015913335068533728
15.484126984126982,1,0.016297263903016234,127.72114485980923,0.01643078868506067
15.488095238095237,1,-0.03875553845857357,122.86593396648982,-0.03801415105265932
15.49206349206349,1,-0.006218982073284834,122.10420397335841,-0.006199684229309737
15.496031746031745,1,-0.04117231987233739,117.17897785634804,-0.0403362534355084
15.5,1,0.06124459062691471,124.57987567280416,0.06315892109529336
15.503968253968253,1,-0.040583904642099294,119.62515879505987,-0.03977140650515158
15.507936507936508,1,-0.02679991713835906,116.46179276006181,-0.026443986088390114
15.511904761904761,1,-0.026617502311033443,113.40276319131829,-0.026266378837615113
15.515873015873016,1,-0.03810912462071222,109.16239470219786,-0.0373921090614576
15.519841269841269,1,0.0336853375562828,112.90220151989334,0.03425911302054101
15.523809523809524,1,0.06064312422486342,119.96080865823033,0.06251965899082414
15.527777777777777,1,-0.012384576407865224,118.48430665521873,-0.012308203150065115
15.531746031746032,1,-0.033668361319907594,114.56154129872809,-0.033107889704800324
15.535714285714285,1,-0.05676204988261763,108.2399051223532,-0.055181137620090887
15.53968253968254,1,-0.006547786940369655,107.53348854167525,-0.006526396894744824
15.543650793650793,1,-0.00836848475972915,106.63735106786746,-0.0083335664634417
15.547619047619047,1,-0.016807945208336273,104.85997517549724,-0.016667479776752946
15.5515873015873,1,0.0051813066836018705,105.40469683206646,0.005194752865977621
15.555555555555555,1,0.00956060184795163,106.41726182395895,0.00960645039856003
15.559523809523808,1,0.007744107491481461,107.24456777704727,0.0077741706458939915
15.563492063492063,1,-0.008362423439403978,106.35148267208399,-0.00832755563731556
15.567460317460316,1,-0.028155086348191843,103.39890753989356,-0.02776242566635574
15.571428571428571,1,0.016380591664815713,105.10659107203757,0.016515489116605556
15.575396825396824,1,-8.150829781719618e-05,105.09802436184367,-8.150497610613926e-05
15.579365079365079,1,0.02198768018436861,107.43447858289568,0.022231190693059892
15.583333333333332,1,0.019511207182757777,109.55123806802153,0.019702794792200672
15.587301587301587,1,-0.036221862141618835,105.65409519705652,-0.03557369993888373
15.59126984126984,1,-0.0365358281181483,101.86360139100955,-0.035876449454962434
15.595238095238095,1,-0.01943466203654384,99.90302995536734,-0.019247026502787805
15.599206349206348,1,-0.0270122119569893,97.24054976473721,-0.02665064504870045
15.603174603174603,1,0.018633730569580596,99.06949104956853,0.018808421890417825
15.607142857142856,1,0.008455346373028983,99.91070929546066,0.008491193777015417
15.61111111111111,1,0.027300007866590783,102.67584482238148,0.027676067424800114
15.615079365079364,1,0.009593703336362832,103.66562666254445,0.00963987042790108
15.619047619047619,1,0.0048606498869321725,104.17073556334998,0.004872482008426194
15.623015873015872,1,0.02983352354859196,107.32533813777582,0.030283001817793736
15.626984126984127,1,0.011439191031240194,108.56010206890335,0.011504868771458903
15.63095238095238,1,0.0013191575869851394,108.70340444962191,0.0013200280580755565
15.634920634920634,1,0.036907084655476145,112.79028370376174,0.03759660771281464
15.638888888888888,1,0.0025054600566133817,113.07322956111548,0.002508601344570353
15.642857142857142,1,-0.008065487820366176,112.1649067625349,-0.008033049043581042
15.646825396825395,1,-0.02150798716207658,109.77822376610413,-0.02127833977059927
15.65079365079365,1,0.017317751079185865,111.69589264916378,0.017468572702956865
15.654761904761903,1,0.030773918345392455,115.1866495789676,0.031252330296229085
15.658730158730158,1,-0.001671508098404905,114.99427498400514,-0.0016701119067669438
15.662698412698411,1,0.032559550568673365,118.80005797636193,0.03309541273151323
15.666666666666666,1,-0.05003653828878491,113.00198180502942,-0.048805331159739056
15.67063492063492,1,-0.0017941191025491752,112.79942455110006,-0.001792510632944591
15.674603174603174,1,-0.0014071222184190311,112.64081359326148,-0.0014061326861356197
15.678571428571427,1,-0.01871536171999985,110.5523045837829,-0.01854131680032105
15.682539682539682,1,0.05967082666637782,117.34984251459053,0.06148707579095361
15.686507936507935,1,-0.002064722965578794,117.10779756361619,-0.0020625928913730832
15.69047619047619,1,-0.010670675144766412,115.86482178833995,-0.010613945451420966
15.694444444444443,1,0.0002573583713146367,115.89464440755378,0.00025739149082141274
15.698412698412698,1,-0.050862988011329095,110.14729907612067,-0.049591120977273466
15.70238095238095,1,-0.01954369739413244,108.0155129394078,-0.01935395742422759
15.706349206349206,1,0.024378493062710664,110.68112819809758,0.024678078047780463
15.710317460317459,1,-0.016244758705409902,108.89766516061958,-0.016113524197963965
15.714285714285714,1,-0.0212825163367082,106.60453714455616,-0.02105764171050952
15.718253968253967,1,0.03260011907632382,110.13712630862766,0.03313732472081596
15.722222222222221,1,0.033374411160111646,113.87491434484903,0.033937584550256944
15.726190476190474,1,0.012630110027253106,115.32228804658898,0.012710206721709466
15.73015873015873,1,-0.011864704284644685,113.96210822331845,-0.011794596225155538
15.734126984126982,1,-0.006430929058668701,113.2315775032781,-0.006410294890375106
15.738095238095237,1,-0.020659499826630047,110.91626865892763,-0.020447554431390343
15.74206349206349,1,-0.025462751909985867,108.12768835495962,-0.025141310086286874
15.746031746031745,1,-0.026713647237201692,105.27744315119385,-0.02635999388435132
15.75,1,-0.015970332606932165,103.60948176828246,-0.015843483019585825
15.753968253968253,1,-0.026469343660541742,100.90298441158352,-0.026122101090631074
15.757936507936508,1,-0.0397984908016249,96.96605938592977,-0.039016933429788264
15.761904761904761,1,0.005131602233198104,97.46492953967392,0.005144791454900192
15.765873015873016,1,0.005514427610020036,98.00387746706744,0.005529660052482089
15.769841269841269,1,0.04245912384565918,102.2546394741637,0.043373406409605325
15.773809523809524,1,-0.01723736934262753,100.50714287748774,-0.017089655840187356
15.777777777777777,1,0.007064208157486665,101.2196599775826,0.007089218534082684
15.781746031746032,1,0.007482790951771711,101.97990636849522,0.00751085699241673
15.785714285714285,1,-0.006792930731542705,101.28951148562435,-0.006769910931043857
15.78968253968254,1,0.018358618110830484,103.16622113344229,0.018528173552148527
15.793650793650793,1,0.019137114007801406,105.15953719354525,0.019321402278800946
15.797619047619047,1,0.007853158740088746,105.98862294220648,0.007884075670048236
15.8015873015873,1,-0.006838340490067019,105.26630917896951,-0.006815012245519911
15.805555555555555,1,-0.009405737334475174,104.28084370452548,-0.009361641745874926
15.809523809523808,1,-0.03486098416783516,100.708146546729,-0.03426033997116101
15.813492063492063,1,-0.02070404462909226,98.64451704013612,-0.020491187429760714
15.817460317460316,1,-0.016069941795443785,97.07197456723199,-0.015941509169376998
15.821428571428571,1,-0.02871825172108496,94.32388618202293,-0.028309802056264738
15.825396825396824,1,0.010688216618723394,95.33744724102178,0.010745539650931571
15.829365079365079,1,0.02975536272916326,98.21687431773027,0.030202477201104205
15.833333333333332,1,-0.02327784797647635,95.95700138127107,-0.023009008911732413
15.837301587301587,1,0.0067452274625213055,96.6064410289289,0.006768027744816545
15.84126984126984,1,-0.026453976855846623,94.08432357468202,-0.026107135584175926
15.845238095238095,1,-0.008080141906682058,93.32717195472027,-0.008047585306394775
15.849206349206348,1,-0.01779149576993271,91.6814255264283,-0.017634161561120226
15.853174603174603,1,0.01476951937864665,93.04556516325611,0.01487912768584251
15.857142857142856,1,-0.017500679690902375,91.43137048130201,-0.017348432234484637
15.86111111111111,1,0.025094620945236575,93.75483739639877,0.02541214140032932
15.865079365079364,1,-0.006588406911802241,93.13917272937202,-0.006566750944526264
15.869047619047619,1,-0.01676530031428202,91.5906832431834,-0.01662554477145735
15.873015873015872,1,-0.03197714959695745,88.70820657326846,-0.03147128690220216
15.876984126984127,1,0.005983328556330693,89.24056797721404,0.00600126442085054
15.88095238095238,1,0.02216055804487998,91.24026411976685,0.022407927110721603
15.884920634920634,1,0.0064902229157865685,91.83435959340612,0.006511330051164992
15.888888888888888,1,0.05601643000002112,97.12540175066498,0.05761506020932471
15.892857142857142,1,0.03563043200238708,100.64841226127206,0.036272802450291595
15.896825396825395,1,-0.008145796698623559,99.83188092110534,-0.008112709597913055
15.90079365079365,1,-0.00841036349158312,98.99577940176667,-0.00837509532650623
15.904761904761903,1,0.011438419473470894,100.13463559302643,0.011504088337319793
15.908730158730158,1,-0.021512923923573304,98.00345297320541,-0.021283171474081004
15.912698412698411,1,0.028990877613532966,100.88624450659518,0.029415203708974512
15.916666666666666,1,0.008714651315072717,101.76927501295594,0.008752734435496547
15.92063492063492,1,0.006065331742585652,102.38841517425966,0.006083763112441123
15.924603174603174,1,0.016912780004558096,104.13481452063976,0.01705661078363015
15.928571428571427,1,0.04301440719998359,108.71184527334863,0.04395293518097841
15.932539682539682,1,0.003910844576351753,109.13783284646996,0.003918501907959117
15.936507936507935,1,-0.003245175010503423,108.78423553151701,-0.0032399151213709696
15.94047619047619,1,0.037619335759694485,112.95457713820733,0.038335900292115574
15.944444444444443,1,0.02398315347583781,115.696330626648,0.024273062304380824
15.948412698412698,1,-0.008484757144640028,114.71882815856296,-0.008448863181662967
15.95238095238095,1,-0.00026613917454566756,114.68830104674237,-0.00026610376265712025
15.956349206349206,1,0.0045263109317658125,115.20859256983155,0.004536570150055037
15.960317460317459,1,0.008720003865543875,116.21760484421335,0.008758133849870838
15.964285714285714,1,-0.03457992857979863,112.26749916589668,-0.033988875296576494
15.968253968253967,1,-0.03926378419099615,107.94486903109511,-0.038502952029010606
15.972222222222221,1,-0.022756952198145664,105.51611316298983,-0.02249996586132944
15.976190476190474,1,-0.02470594921046036,102.94117653078936,-0.024403255152347838
15.98015873015873,1,-0.016619665673612217,101.24446701950684,-0.01648232095710505
15.984126984126982,1,0.015596379493234384,102.8358921246795,0.015718637788532455
15.988095238095237,1,-0.004653440033236937,102.35846317245286,-0.004642629556301489
15.99206349206349,1,0.00455185349547668,102.82544591304728,0.004562228917091943
15.996031746031745,1,-0.03124637160882695,99.66220114157008,-0.030763248759963224
16.0,1,-0.01202911552654765,98.4705347263356,-0.011957054947459281
16.003968253968253,1,0.014400676779309247,99.89883664304641,0.01450486605643273
16.007936507936506,1,0.01459456742453055,101.3675081940547,0.014701588130161175
16.011904761904763,1,-0.018654369738646797,99.49408926795066,-0.018481453865055585
16.015873015873016,1,0.003676683848065407,99.86057088461888,0.0036834511413155733
16.01984126984127,1,0.05500893261443595,105.50769139959894,0.05655005238759276
16.023809523809522,1,-0.000840251533969459,105.41907563503469,-0.0008398986215012918
16.02777777777778,1,-0.017863494649865728,103.55264268096882,-0.01770488825502036
16.03174603174603,1,-0.0047752260584316,103.05933417044665,-0.004763842792907078
16.035714285714285,1,0.0019258193945008916,103.25799906993427,0.001927674975651209
16.039682539682538,1,-0.0042059105530495135,102.82461718354948,-0.004197078098436284
16.043650793650794,1,-0.0011868895913291343,102.70264811191095,-0.0011861855164587254
16.047619047619047,1,-0.03676826592489804,98.99502888621375,-0.03610052217599214
16.0515873015873,1,-0.024652833411390972,96.58435795659622,-0.02435143417543165
16.055555555555554,1,-0.004159719675587836,96.18342855752063,-0.004151080025357248
16.05952380952381,1,-0.0045611868098144005,95.74571697287574,-0.004550800394717725
16.063492063492063,1,-0.014663454123221174,94.35199738882076,-0.014556469240809904
16.067460317460316,1,-0.0048571485152823285,93.8948268960725,-0.004845371644484651
16.07142857142857,1,0.0011406044479988914,94.00198485407849,0.0011412551846398061
16.075396825396826,1,0.0220142871620151,96.09431765024355,0.022258389537338122
16.07936507936508,1,-0.0028967261448950843,95.81636150370996,-0.0028925346818661126
16.083333333333332,1,0.009659630114297784,96.74639678145351,0.009706434925600372
16.087301587301585,1,-0.01404387023103277,95.39719909350569,-0.013945715115319359
16.091269841269842,1,0.014018631848556787,96.74395508970063,0.014117353643422053
16.095238095238095,1,0.009070688198551571,97.6254813220793,0.009111951558743663
16.099206349206348,1,0.021419712425127198,99.7391473035086,0.021650761182482804
16.1031746031746,1,0.0175806884498913,101.50813462290499,0.01773613838920627
16.107142857142858,1,0.014437917899443374,102.9843316997037,0.014542648057543848
16.11111111111111,1,-0.002876710996710175,102.68850125357432,-0.002872577228466464
16.115079365079364,1,0.005775062994451262,103.2832495184967,0.005791770818173174
16.119047619047617,1,0.02640108071536055,106.04635289083964,0.026752676597845592
16.123015873015873,1,-0.01682756012929513,104.27678204773534,-0.016686767577248435
16.126984126984127,1,-0.016231213057496058,102.59790534261325,-0.016100196727911156
16.13095238095238,1,0.004174816117417,103.0271280710198,0.004183542802099286
16.134920634920633,1,0.010067239222015753,104.06956524368819,0.010118084354926313
16.13888888888889,1,-0.02116235731001197,101.890347935329,-0.020940005882183962
16.142857142857142,1,-0.002280664922247399,101.65823497942561,-0.0022780661819976106
16.146825396825395,1,-0.002765371874485129,101.37750050212219,-0.0027615517558439184
16.15079365079365,1,-0.056216637494284454,95.83563038364339,-0.05466568115242441
16.154761904761905,1,-0.005930073825237465,95.26899976158995,-0.005912525641926687
16.158730158730158,1,-0.004360862182660348,94.85444933894289,-0.004351367429955779
16.16269841269841,1,-0.004435827907572106,94.43462315216037,-0.004426004153820784
16.166666666666664,1,0.03528086077763057,97.82582850968471,0.03591061460646954
16.17063492063492,1,-0.031032062942253545,94.83671036334768,-0.030555510664969053
16.174603174603174,1,-0.021175361100616425,92.84962168560368,-0.020952737290558205
16.178571428571427,1,-0.06621797261740438,86.90045261402426,-0.06407316436596575
16.18253968253968,1,-0.012514786349616301,85.8196888851753,-0.012436802068790408
16.186507936507937,1,-0.010366105892474171,84.93466793802457,-0.010312562986972557
16.19047619047619,1,-0.013247042376819458,83.81695433734079,-0.013159686472188063
16.194444444444443,1,0.027514020061990756,86.15511428921243,0.027896026172237392
16.198412698412696,1,0.021288697822681082,88.00890688602848,0.0215169187820136
16.202380952380953,1,0.001564979653702358,88.14674686489828,0.0015662048734252252
16.206349206349206,1,-0.009735396561594367,87.29276698978485,-0.009688160998412347
16.21031746031746,1,0.025460723744076246,89.5438393778658,0.025787616382287274
16.21428571428571,1,-0.0008946766688685861,89.46376242076752,-0.0008942765650277633
16.21825396825397,1,-0.021015292332762385,87.60327313550499,-0.020796009858296587
16.22222222222222,1,-0.043642227192707515,83.86229719750315,-0.042703609170119505
16.226190476190474,1,-0.011516905404599766,82.90200347400604,-0.011450839716869197
16.230158730158728,1,0.018618406408136074,84.45996504284923,0.01879280962530248
16.234126984126984,1,0.056966557675059315,89.41104257527533,0.05862040707587646
16.238095238095237,1,0.0011556094051360243,89.51442654123483,0.0011562773789654762
16.24206349206349,1,-0.01968197165930216,87.76983099310874,-0.01948954616072386
16.246031746031743,1,-0.03025514209571954,85.15411129725913,-0.02980203637460553
16.25,1,0.013511130703641825,86.31244721776461,0.013602818500000604
16.253968253968253,1,-0.04486097048369493,82.52595493708918,-0.04386959705964746
16.257936507936506,1,0.01347056768488849,83.64514755513466,0.013561704543724084
16.261904761904763,1,0.020207570358820627,85.35260645503156,0.020413125564414065
16.265873015873016,1,0.010596383511568821,86.26184421507332,0.01065272400932241
16.26984126984127,1,-0.0059317792684642386,85.75167260449788,-0.005914221000230982
16.273809523809522,1,0.013838341029795283,86.94658220850098,0.013934534076253365
16.27777777777778,1,0.003910416693878843,87.28724520808518,0.003918072348919822
16.28174603174603,1,-0.020003703251808988,85.55852510421701,-0.019804956609033537
16.285714285714285,1,0.0462291824882584,89.60667620376108,0.047314409576521915
16.289682539682538,1,-0.009258312822338783,88.78089811896106,-0.009215586603416186
16.293650793650794,1,0.01915029523152432,90.49746242562765,0.01933483827080115
16.297619047619047,1,-0.06134017691493713,85.11315733428421,-0.05949675214118103
16.3015873015873,1,0.0317672175713024,87.86037014842917,0.032277181345243454
16.305555555555554,1,0.03661254225140315,91.13677442008118,0.037291036517567315
16.30952380952381,1,0.00035491537845388864,91.16912600356318,0.0003549783683686296
16.313492063492063,1,0.01368288124833977,92.42515578513115,0.013776920286795735
16.317460317460316,1,0.013676434355438291,93.69788572669603,0.013770384596632126
16.32142857142857,1,-0.01659344894070848,92.1559430972222,-0.016456535998810272
16.325396825396826,1,0.013389360859639517,93.39814989425034,0.01347939975740458
16.32936507936508,1,-0.020772398023797677,91.47805784967312,-0.02055813789407194
16.333333333333332,1,-0.015736058052580333,90.04982070410234,-0.01561289318054655
16.337301587301585,1,0.027999472685547845,92.60679816210603,0.028395142133661094
16.341269841269842,1,0.024162239965167438,94.8716374509227,0.02445651219743218
16.345238095238095,1,-0.018195815023746988,93.16098127438345,-0.018031270699045553
16.349206349206348,1,-0.018881211802385844,91.41849098552525,-0.018704078306410486
16.3531746031746,1,-0.01666433070512284,89.90768625636528,-0.016526248824203667
16.357142857142858,1,0.0180639564461638,91.54653224273328,0.01822809655778427
16.36111111111111,1,-0.02559407344324202,89.23321347642094,-0.02526932161863511
16.365079365079364,1,0.008591488245104905,90.00316234836099,0.008628501002527588
16.369047619047617,1,0.018421945349842157,91.676562000324,0.01859267617160003
16.373015873015873,1,-0.0026204017378582997,91.43664705199267,-0.002616971482094629
16.376984126984127,1,0.025054387462594887,93.75647583062269,0.025370886328660885
16.38095238095238,1,-0.008064720919662599,93.00339678646505,-0.008032288303136723
16.384920634920633,1,-0.0057854800321411595,92.46688098866386,-0.005768776370964007
16.38888888888889,1,-0.025021115846825773,90.18196127400205,-0.02471068224894381
16.392857142857142,1,0.025233634613187568,92.48653402438637,0.025554697611668203
16.396825396825395,1,-0.019711325183036466,90.68135159399927,-0.019518327175188203
16.40079365079365,1,0.00841659598691806,91.4478008160954,0.008452115111028679
16.404761904761905,1,-0.0021938213787150375,91.2474005771675,-0.002191416711385816
16.408730158730158,1,-0.026924465106294704,88.82339212375739,-0.026565232960911803
16.41269841269841,1,-0.015744781981055063,87.4358392032608,-0.015621480865798657
16.416666666666664,1,0.034448279741049345,90.50033369032383,0.035048494015583805
16.42063492063492,1,0.00468446705851975,90.92527405476855,0.004695456327252655
16.424603174603174,1,-0.02582502386094541,88.6071878311237,-0.0254944100828177
16.428571428571427,1,0.007296724284678484,89.25609461822538,0.007323410244532525
16.43253968253968,1,-0.004078552926884452,88.89280027348882,-0.004070246925887572
16.436507936507937,1,0.0866369631480839,96.93766233668276,0.09050071590098481
16.44047619047619,1,0.006787620098861171,97.5978764684827,0.0068107082003574584
16.444444444444443,1,-0.009987670045869142,96.62795278277366,-0.009937958906536712
16.448412698412696,1,0.03538451484349415,100.1082980497161,0.0360179965187345
16.452380952380953,1,-0.04678657638094326,95.53245226957594,-0.04570895589362347
16.456349206349206,1,0.0019798191498898964,95.72177660014181,0.0019817802858409788
16.46031746031746,1,0.049858048932955805,100.61525357713377,0.05112187791325131
16.46428571428571,1,-0.0033247721486309827,100.28128627454868,-0.003319251214022242
16.46825396825397,1,-0.04407190645727568,95.95767353648212,-0.043114851221886755
16.47222222222222,1,-0.010373020381714568,94.96744733039084,-0.010319406146448636
16.476190476190474,1,0.036253584258741,98.47352767198747,0.03691875942920805
16.480158730158728,1,0.009079237722386143,99.37166326272506,0.009120579022305566
16.484126984126984,1,-0.021534012554323356,97.2546681244288,-0.02130381105425564
16.488095238095237,1,-0.01766332116341095,95.55191013776916,-0.017508239136461684
16.49206349206349,1,-0.014499946598709451,94.17640898962847,-0.01439532863505761
16.496031746031743,1,0.008704505796409046,94.99974626101542,0.008742500167718367
16.5,1,0.033322547681117524,98.21871408568911,0.03388396234058858
16.503968253968253,1,0.026121741897536063,100.81816121971382,0.026465904774082477
16.507936507936506,1,0.011093601542952237,101.94282447745675,0.01115536371757427
16.511904761904763,1,-0.0339511193948671,98.53984581174619,-0.03338124760770243
16.515873015873016,1,-0.03385757958638202,95.25937294624902,-0.033290826045783706
16.51984126984127,1,0.013039862548452293,96.50967625099793,0.013125252309338729
16.523809523809522,1,-0.034299510362115586,93.25556779389551,-0.03371795019433335
16.52777777777778,1,-0.006080580079922482,92.69024034727273,-0.00606213076598575
16.53174603174603,1,0.007267045477059917,93.36627796207796,0.007293514530466966
16.535714285714285,1,-0.02906149972720673,90.69196193589733,-0.02864327554394799
16.539682539682538,1,-0.02620581029210198,88.34617643602084,-0.025865417946681225
16.543650793650794,1,-0.0027684533013882656,88.10193241727883,-0.0027646246684927002
16.547619047619047,1,0.012293968970172924,89.19174014558104,0.012369850449369486
16.5515873015873,1,0.0263509334464305,91.57326566057115,0.02670118904623843
16.555555555555554,1,0.0148994833739408,92.94787506520139,0.015011034003367552
16.55952380952381,1,0.001459146343833196,93.08359861344863,0.0014602114158285297
16.563492063492063,1,-0.019199165849521423,91.31351757731929,-0.01901603571946149
16.567460317460316,1,-0.027381145285243293,88.84716870324452,-0.027009679831755368
16.57142857142857,1,-0.01326971802767971,87.67597968672295,-0.013182063464885046
16.575396825396826,1,0.00993258042616856,88.55116764860279,0.00998207222784376
16.57936507936508,1,0.008085294728362362,89.27003213708268,0.008118068994104138
16.583333333333332,1,-0.05330938189053378,84.63572538077348,-0.05191335373547049
16.587301587301585,1,-0.020194025659797565,82.94373095911456,-0.01999149193850057
16.591269841269842,1,0.029953912068404958,85.46580459691413,0.03040704352982031
16.595238095238095,1,0.0015992061896874235,85.60259138662026,0.0016004856018296966
16.599206349206348,1,-0.03610209386951526,82.56727883479307,-0.03545818535000089
16.6031746031746,1,0.05896428869695596,87.58219735299917,0.0607373597504691
16.607142857142858,1,-0.0011260885036470064,87.48362755700907,-0.0011254547039151709
16.61111111111111,1,0.009287480095937406,88.29991476471066,0.009330742568598976
16.615079365079364,1,0.00967025219469056,89.15793917907826,0.009717160165487335
16.619047619047617,1,-0.009659360506679794,88.30087650507116,-0.00961285873023205
16.623015873015873,1,-0.01872995894515916,86.6623969402906,-0.018555643269140675
16.626984126984127,1,0.053064359111661824,91.38528173723577,0.054497509458446544
16.63095238095238,1,0.024881586458497047,93.687616619235,0.025193716517932056
16.634920634920633,1,0.020314045340755947,95.610253259159,0.020521779817902288
16.63888888888889,1,0.014124297313087073,96.97026288290215,0.014224516486289087
16.642857142857142,1,-0.02567804731076188,94.51195325518877,-0.025351170086874736
16.646825396825395,1,0.03179390964814058,97.5651368910746,0.03230473533482118
16.65079365079365,1,-0.021641771447644054,95.47633867031666,-0.02140926859037788
16.654761904761905,1,0.0067413309614066125,96.12215063861407,0.0067641048797169295
16.658730158730158,1,-0.041705568175196245,92.19576686304185,-0.04084785608193461
16.66269841269841,1,-0.051821634728239196,87.53971553653537,-0.050501790753832675
16.666666666666664,1,0.007623359048125114,88.20961240694002,0.007652490830005788
16.67063492063492,1,-0.020784210605990422,86.39516647546279,-0.020569707563237113
16.674603174603174,1,-0.050519136917653286,82.13897204306126,-0.049264265653222415
16.678571428571427,1,0.01322525366218605,83.23249591041537,0.013313094139781219
16.68253968253968,1,0.05302418869432179,87.76493401870358,0.05445515070419769
16.686507936507937,1,0.03461680199309317,90.85627279706506,0.03522293741715448
16.69047619047619,1,-0.006880626656844645,90.23327048557097,-0.006857009343598727
16.694444444444443,1,-0.0001739446178709917,90.21757625881988,-0.0001739294903830763
16.698412698412696,1,0.021971269771996305,92.22170699183617,0.022214415595324298
16.702380952380953,1,0.027878142980893823,94.82884921539906,0.028270374823941864
16.706349206349206,1,-0.009053111858545482,93.97422736660809,-0.009012255825753532
16.71031746031746,1,0.00046437209067446333,94.01787650897724,0.00046447992808534405
16.71428571428571,1,0.007177955737676517,94.69516051443993,0.007203779011091227
16.71825396825397,1,0.013559546036939846,95.98792877081216,0.013651893606274322
16.72222222222222,1,-0.003750036548474163,95.62864461511113,-0.00374301394250231
16.726190476190474,1,-0.0034226891547315193,95.30189698706857,-0.0034168384311793667
16.730158730158728,1,0.03437168122695538,98.63452940553469,0.03496921387533625
16.734126984126984,1,0.030080231596012995,101.6465529683323,0.03053721228205755
16.738095238095237,1,0.01163279032302821,102.83589024977135,0.011700714354864609
16.74206349206349,1,0.0429206515162812,107.34576472082756,0.043855063247884095
16.746031746031743,1,-0.01013434332126252,106.26337978119373,-0.010083163899840241
16.75,1,0.0404982615511194,110.65519207240453,0.041329499402841335
16.753968253968253,1,0.013273278850860038,112.13374017623705,0.01336175986089397
16.757936507936506,1,0.08202528556865818,121.71929745495557,0.08548325654395535
16.76190476190476,1,-0.030444545598783207,118.0694496394181,-0.029985777866391027
16.765873015873016,1,-0.017766693061874755,115.99027072618964,-0.0176097959258577
16.76984126984127,1,0.010155887965389862,117.17425695998412,0.010207634022937966
16.773809523809522,1,0.009612531902876212,118.3060291265318,0.00965888067832331
16.77777777777778,1,0.04874205816640531,124.21535493488676,0.049949489911750945
16.78174603174603,1,-0.017238284393226562,122.09244554816632,-0.01709055525247507
16.785714285714285,1,0.02240497800546957,124.85879842207073,0.0226578545583567
16.789682539682538,1,0.028894489066998163,128.51915704072567,0.029315984655575167
16.793650793650794,1,0.017358631040666032,130.7695490240736,0.017510167629209938
16.797619047619047,1,-0.024611657126106783,127.5903765484449,-0.024311259764637324
16.8015873015873,1,0.03507536226664143,132.1450669832605,0.03569775838921699
16.805555555555554,1,0.03057925125795693,136.24838260607638,0.031051598947206653
16.80952380952381,1,0.014711284406311975,138.2675874442733,0.014820027948771164
16.813492063492063,1,0.0047522523302803875,138.9262336959334,0.0047635621900576075
16.817460317460316,1,0.005300560927146994,139.66457574682988,0.005314633753856405
16.82142857142857,1,-0.002380780878206757,139.33246049921672,-0.002377949067164724
16.825396825396826,1,0.015749442308504384,141.54424047994152,0.015874118441604263
16.82936507936508,1,0.0003876991555458184,141.5991277016252,0.0003877743205769164
16.833333333333332,1,-0.02177764507311397,138.5487675421707,-0.02154222422811895
16.837301587301585,1,-0.02681885129276804,134.8824319517503,-0.026462419373773423
16.841269841269842,1,-0.019346357816526872,132.298028167611,-0.019160418052544266
16.845238095238095,1,0.0052003810027453625,132.98782035653323,0.00521392645435614
16.849206349206348,1,-0.0010760486310091343,132.8447959589017,-0.0010754698982811184
16.8531746031746,1,0.005029328159587274,133.51459894975375,0.005041996459230472
16.857142857142858,1,0.012222479409631644,135.15649194797183,0.01229747916058226
16.86111111111111,1,-0.016203826941614305,132.9840877063229,-0.01607325116491724
16.865079365079364,1,0.036534339479125585,137.93241505820455,0.03720992065463699
16.869047619047617,1,-0.007142504174416266,136.95074218253333,-0.007117057112767192
16.873015873015873,1,-0.011318158856220157,135.40945067146143,-0.01125434945812579
16.876984126984127,1,0.011758165268525564,137.0110146464265,0.011827564228518321
16.88095238095238,1,-0.046672532784609644,130.76329608724907,-0.04560011890504178
16.884920634920633,1,-0.020316421175836243,128.13345878705778,-0.020111433245278247
16.88888888888889,1,0.024323885492591027,131.288376748544,0.02462212439554381
16.892857142857142,1,-0.044175742984334444,125.6148538304841,-0.043214205694129044
16.896825396825395,1,0.027763397429344645,129.15121245435031,0.028152392141764432
16.90079365079365,1,0.03768023699976817,134.110507705132,0.038399138161669184
16.904761904761905,1,-0.009706224867558668,132.81509789979364,-0.009659271503069352
16.908730158730158,1,0.006956165193684569,133.74220246885744,0.006980415507905675
16.91269841269841,1,0.027801518621651315,137.51260744329983,0.02819158728390386
16.916666666666664,1,-0.012158807361176999,135.85074176564427,-0.01208518774062762
16.92063492063492,1,0.021469062423573673,138.7988632867488,0.021701180890056012
16.924603174603174,1,-0.01730818544098154,136.4171776078337,-0.01715925925124246
16.928571428571427,1,-0.012431272004003631,134.73183574239692,-0.012354322930516335
16.93253968253968,1,-0.020538211096535242,131.9929074787111,-0.020328738553838273
16.936507936507937,1,0.008237072474624709,133.08463276115484,0.00827109049491792
16.94047619047619,1,0.028781252117436745,136.97062879869563,0.02919943465234592
16.944444444444443,1,-0.005036035220948572,136.28257387642464,-0.005023375655829407
16.948412698412696,1,-0.03242929331613969,131.93391931330606,-0.03190910209152429
16.952380952380953,1,-0.027678472964100823,128.3322639864426,-0.027298933781468176
16.956349206349206,1,0.009546145426378758,129.56320848106247,0.009591855207587749
16.96031746031746,1,0.04607054049359002,135.6718902265611,0.047148274707873666
16.96428571428571,1,0.009524112061602912,136.97021740534277,0.009569610747028293
16.96825396825397,1,-0.010145702121891299,135.58758413276516,-0.010094408103960117
16.97222222222222,1,0.018909195887087064,138.1758300251378,0.019089106933554506
16.976190476190474,1,-0.006431623769223634,137.2899868311182,-0.0064109851473907525
16.980158730158728,1,-0.00992871691870828,135.93361805937047,-0.009879589932631121
16.984126984126984,1,-0.024547724782492435,132.63738010748165,-0.02424887970280542
16.988095238095237,1,0.03509274961490988,137.3746258156342,0.03571576658339987
16.99206349206349,1,-0.0643788508899658,128.80927706943825,-0.062350297191645775
16.996031746031743,1,0.01970733674778244,131.37294341453347,0.019902808271434883
17.0,1,-0.01208209946518159,129.7952326666836,-0.012009403967386766
17.003968253968253,1,-0.01073643995131404,128.409148066832,-0.010679010094393995
17.007936507936506,1,0.04224550834634775,133.95007336444684,0.04315054948212123
17.01190476190476,1,-0.01839123752501848,131.5090809865827,-0.01822315073484701
17.015873015873016,1,-0.017532957357637335,129.2234335086301,-0.017380149422424395
17.01984126984127,1,-0.003682451383269368,128.74844958650547,-0.0036756794741332286
17.023809523809522,1,0.010031148542159201,130.04644371072501,0.010081629164376809
17.02777777777778,1,-0.01153054459018568,128.55554932309195,-0.01146432263037891
17.03174603174603,1,-0.04005434281488286,123.50810217374763,-0.03926277143166215
17.035714285714285,1,-0.02221036917829361,120.79518064518726,-0.021965534898624926
17.039682539682538,1,0.031889752990340796,124.70938897752673,0.03240367961232417
17.043650793650794,1,0.0014873725831029828,124.89501631783405,0.0014884792703208597
17.047619047619047,1,0.010969505767593197,126.27259478349148,0.011029891394158936
17.0515873015873,1,-0.0069840206503316085,125.39377678760742,-0.00695968905518209
17.055555555555554,1,-0.01701460534248735,123.27829920632585,-0.01687067441045909
17.05952380952381,1,0.04187395147374387,128.5500530260684,0.04276303172320214
17.063492063492063,1,-0.0051388144684880325,127.89115258719487,-0.0051256333495244295
17.067460317460316,1,-0.01156869625440107,126.42014392147672,-0.011502036192184699
17.07142857142857,1,0.027223366059346818,129.90899950645067,0.027597307491921654
17.075396825396826,1,-0.018598595554296566,127.5152041835914,-0.01842670894205776
17.07936507936508,1,-0.015382545868406478,125.56870514370635,-0.015264838827239618
17.083333333333332,1,-0.00013863322852280185,125.55129835531838,-0.00013862361938083044
17.087301587301585,1,-0.00039001941353563165,125.50234045945068,-0.00038994336585117674
17.091269841269842,1,0.006144765689671508,126.27589716342217,0.006163683490997674
17.095238095238095,1,0.05230828160871166,133.05697963373788,0.05370052894211375
17.099206349206348,1,0.00807583401869797,134.1358763479671,0.008108531526861635
17.1031746031746,1,-0.060318152918066116,126.2842269384481,-0.0585350438919912
17.107142857142858,1,0.007825135149679774,127.27629455084029,0.007855831535284815
17.11111111111111,1,0.0005576607468315134,127.34729133853433,0.0005578162684938904
17.115079365079364,1,0.0006980123069237221,127.43621234551024,0.0006982559742049864
17.119047619047617,1,0.005800464282105338,128.17754951480623,0.005817319548747783
17.123015873015873,1,-0.0011194503226795679,128.03414139974814,-0.0011188239719117524
17.126984126984127,1,-0.0017225255318648988,127.81378915790175,-0.0017210428362101648
17.13095238095238,1,0.015050436714999492,129.7519913113986,0.015164264875226858
17.134920634920633,1,-0.014055977586161488,127.94095796893349,-0.013957653552451058
17.13888888888889,1,-0.024276276492019175,124.87242487619852,-0.023983977777312558
17.142857142857142,1,0.07579530548554113,134.70509676905309,0.07874173903968713
17.146825396825395,1,-0.01843473749605916,132.244592724803,-0.018265857070489534
17.15079365079365,1,0.0021265388120800684,132.52611521207697,0.0021288014993528755
17.154761904761905,1,-0.038083921298355854,127.57389950417152,-0.03736784783874907
17.158730158730158,1,0.002537902810983312,127.89808085871378,0.0025411260124695704
17.16269841269841,1,-0.023911898961161426,124.87606987468901,-0.023628274667882674
17.166666666666664,1,-0.011546095574501819,123.44253065304734,-0.011479695213663916
17.17063492063492,1,0.025936328980424406,126.68605750516524,0.02627560237916893
17.174603174603174,1,0.011496697787663367,128.15093330454738,0.011563038808137232
17.178571428571427,1,0.01392574836379773,129.94801476472298,0.014023163264094068
17.18253968253968,1,-0.045026992285770326,124.22662167855793,-0.04402832237586659
17.186507936507937,1,0.04588858225901579,130.06002491777076,0.04695775479032995
17.19047619047619,1,-0.030429411502138248,126.16198323448837,-0.029971097466319253
17.194444444444443,1,0.038119286778983665,131.0640256605782,0.03885514717201908
17.198412698412696,1,0.025343660533941343,134.4281169678031,0.02566754141931437
17.202380952380953,1,0.014150592303149195,136.343877047589,0.014251185860504783
17.206349206349206,1,-0.021940416873288467,133.38501359022925,-0.0217014766004268
17.21031746031746,1,0.003422879657225371,133.8423567085308,0.003428744399325671
17.21428571428571,1,-0.01226292958370182,132.21107987187747,-0.01218804627152291
17.21825396825397,1,0.000334903025868696,132.2553651778075,0.0003349591121480442
17.22222222222222,1,-0.006693014511818646,131.3731337865587,-0.006670666177230148
17.226190476190474,1,-0.051764981782673004,124.74562228015799,-0.05044799735970633
17.230158730158728,1,0.027869478300307487,128.27111634659727,0.028261465228187076
17.234126984126984,1,-0.002440533642322476,127.95844806573731,-0.0024375579613349217
17.238095238095237,1,-0.012612647230993788,126.3546883878888,-0.01253344114508621
17.24206349206349,1,-0.014515744548106845,124.53380372969488,-0.014410899044791071
17.246031746031743,1,0.008635506928279696,125.61387301560805,0.008672900478150338
17.25,1,-0.02291736829030052,122.76786963946074,-0.02265676002039783
17.253968253968253,1,-0.057221908163620834,115.94007066718211,-0.05561552051306419
17.257936507936506,1,0.009861881370905703,117.08911444427702,0.009910669973570528
17.26190476190476,1,0.012683340673858609,118.58365341027297,0.01276411537562078
17.265873015873016,1,-0.005427074557502195,117.94183425741025,-0.0054123745929992835
17.26984126984127,1,-0.029321259082623296,114.53383870008692,-0.02889556177229963
17.273809523809522,1,0.0018441395927752242,114.74524996277134,0.0018458410639500768
17.27777777777778,1,-0.03729957238313213,110.54413810208156,-0.03661251216980938
17.28174603174603,1,-0.02628060347255908,107.67681397595622,-0.025938273845670077
17.285714285714285,1,-0.019312635394152705,105.6172428148296,-0.01912734120816801
17.289682539682538,1,0.02086844034860286,107.84446848165695,0.02108770885765456
17.293650793650794,1,-0.009533762516109691,106.82119052567707,-0.009488460283468158
17.297619047619047,1,-0.011681998217200297,105.58056616306656,-0.011614028607107143
17.3015873015873,1,0.048856796368674106,110.86698153591202,0.05006996614017722
17.305555555555554,1,0.00848439473687117,111.81162245712395,0.008520489221634198
17.30952380952381,1,0.008145033370150509,112.72605082260482,0.008178294397181917
17.313492063492063,1,-0.009712408552422277,111.63650896511535,-0.009665395439107709
17.317460317460316,1,-0.015423978935223312,109.92784090659211,-0.015305638579734103
17.32142857142857,1,-0.05548908925582959,103.99419388162147,-0.05397765457808407
17.325396825396826,1,0.02401314157858568,106.52164576316575,0.02430377877077706
17.32936507936508,1,0.010899517381916708,107.68903070188986,0.010959133520333147
17.333333333333332,1,-0.004911384077230901,107.16142520837924,-0.004899342951383926
17.337301587301585,1,-0.003854613266314381,106.7491544397821,-0.0038471937807418714
17.341269841269842,1,0.018152266479459007,108.70458761626128,0.018318020285418655
17.345238095238095,1,-0.039571836960409654,104.48694764211795,-0.038799098240748696
17.349206349206348,1,-0.015260437838073088,102.90453592986431,-0.015144587414626626
17.3531746031746,1,-0.029028966246962162,99.96026495490852,-0.028611673415081643
17.357142857142858,1,0.04424101276224509,104.48189150284482,0.04523423932475543
17.36111111111111,1,0.021667620045477762,106.7704699160989,0.02190406758851375
17.365079365079364,1,-0.055899462950694125,100.96580815726378,-0.05436579761610579
17.369047619047617,1,-0.038540033095129995,97.14861246610407,-0.03780681560250601
17.373015873015873,1,-0.003731622909199639,96.78676603533681,-0.0037246690568387875
17.376984126984127,1,-0.012301199782446835,95.60346561878538,-0.012225849307945328
17.38095238095238,1,-0.03376812028606392,92.42901554071355,-0.0332043410510848
17.384920634920633,1,0.048606576888628794,97.0326507219457,0.04980725104882591
17.38888888888889,1,0.007478440195359587,97.7610237497872,0.007506473567631
17.392857142857142,1,0.011567421352983102,98.8984324637472,0.011634582682676529
17.396825396825395,1,-0.017833963103562788,97.1503157250645,-0.01767587913310471
17.40079365079365,1,0.017802772430262785,98.8953478031569,0.017962186381677528
17.404761904761905,1,-0.009982829931492824,97.91300380963192,-0.009933166881421204
17.408730158730158,1,-0.007536402285566526,97.17786565186947,-0.007508074812941303
17.41269841269841,1,0.014998976853371895,98.6464200848801,0.015112026006741096
17.416666666666664,1,-0.041443705810914104,94.64170517033294,-0.04059665734550986
17.42063492063492,1,0.039844494165149985,98.48878965687017,0.040648934627850984
17.424603174603174,1,0.004198950831553036,98.90320869579106,0.0042077787773079165
17.428571428571427,1,0.03187993479156891,102.10703407092242,0.03239354331754507
17.43253968253968,1,-0.027494856168434938,99.33785933412564,-0.027120313130174375
17.436507936507937,1,-0.02365840003707966,97.01526725780892,-0.02338073411170041
17.44047619047619,1,-0.029673959059910555,94.17873391411467,-0.029238009891334227
17.444444444444443,1,0.005910083132788063,94.73698609434949,0.005927582130631832
17.448412698412696,1,0.0012657975323038442,94.85697986545374,0.0012665989921265192
17.452380952380953,1,-0.012098903297823375,93.71622927005936,-0.012026005856526082
17.456349206349206,1,-0.0259489672690772,91.31567061277833,-0.025615186142022704
17.46031746031746,1,-0.03231205150377679,88.4122345596363,-0.031795594706345714
17.46428571428571,1,-0.0016185048562136178,88.2692546666904,-0.001617195783570879
17.46825396825397,1,-0.01212850951597663,87.20514624031465,-0.0120552555971372
17.47222222222222,1,-0.017672497767367523,85.67755145344394,-0.017517255032874005
17.476190476190474,1,0.038586165424764604,89.0481302913328,0.039340279696489074
17.480158730158728,1,-0.002471237501708324,88.82834289757845,-0.0024681865080741776
17.484126984126984,1,0.031605248484560144,91.68062080081903,0.032109997892557154
17.488095238095237,1,-0.01383351741073777,90.42108731191557,-0.013738273998382811
17.49206349206349,1,0.005770957210582363,90.94441212788935,0.005787641263022614
17.496031746031743,1,-0.0017946896134238598,90.78134151038591,-0.001793080121010017
17.5,1,-0.0431728868358737,86.94544801549418,-0.042254205887152646
17.503968253968253,1,0.03559391695023674,90.09591315827936,0.0362349635857164
17.507936507936506,1,-0.003802376187312281,89.75398508506197,-0.0037951563087742983
17.51190476190476,1,0.018411145871711776,91.42176455218099,0.018581675961668317
17.515873015873016,1,-0.01934616804835778,89.67010234078944,-0.019160231920394965
17.51984126984127,1,-0.004550513384313911,89.26298434039143,-0.004540175485144227
17.523809523809522,1,-0.02223945175650778,87.29973620438166,-0.02199397824884741
17.52777777777778,1,0.030747408948365966,90.02566983715738,0.031224992781122896
17.53174603174603,1,0.00744995259646407,90.6988613186134,0.007477772536141045
17.535714285714285,1,0.008852054121715951,91.50529658616182,0.00889134941524257
17.539682539682538,1,0.033826198297175945,94.6535189096855,0.03440480978671288
17.543650793650794,1,0.02874023652992431,97.41335260187556,0.029157222298554355
17.547619047619047,1,0.018887993825994372,99.27078173895703,0.01906750037310302
17.5515873015873,1,-0.036220987229213485,95.73943650026102,-0.03557285614998064
17.555555555555554,1,-0.0179262915162685,94.03847496845427,-0.017766571373147175
17.55952380952381,1,-0.025692428749341824,91.65317148088418,-0.02536518683836838
17.563492063492063,1,0.017935300543690056,93.31182845066635,0.01809710392976558
17.567460317460316,1,0.0039031993519452386,93.67675484593526,0.00391082675506535
17.57142857142857,1,-0.03543444534282312,90.41549273306002,-0.03481399540621263
17.575396825396826,1,-0.005152732530447394,89.95080411861638,-0.005139479976241924
17.57936507936508,1,-0.03804491750259431,86.5929135437872,-0.0373303007986589
17.583333333333332,1,-0.0017362429968459348,86.4426976474553,-0.0017347365989242942
17.587301587301585,1,-0.04210829180372415,82.87831499710914,-0.04123405154340519
17.591269841269842,1,0.012928374926501658,83.95675313187651,0.013012307680301663
17.595238095238095,1,0.009126937587584753,84.72652868088217,0.009168715085926819
17.599206349206348,1,0.04767895772428148,88.86405392137159,0.04883388125191795
17.6031746031746,1,0.020967573339405472,90.74698879289527,0.02118893735356428
17.607142857142858,1,-0.011053262985494848,89.74946158194638,-0.010992400124983039
17.61111111111111,1,0.02021660338244797,91.58235587240534,0.02042234302191763
17.615079365079364,1,-0.035614644877190446,88.37808103173602,-0.03498790580506125
17.619047619047617,1,-0.02464885542590142,86.22629101519296,-0.024347553051874374
17.623015873015873,1,0.00799757737468984,86.91865738574897,0.00802964342318776
17.626984126984127,1,-0.05477960515701625,82.28535156449387,-0.0533062286120264
17.63095238095238,1,-0.0013331891631016858,82.17572271973775,-0.0013323008612313757
17.634920634920633,1,-0.02610504389923861,80.05828008418723,-0.025767252972902152
17.63888888888889,1,0.002155872450715935,80.23106170531989,0.002158198014633922
17.642857142857142,1,-0.027553229037639917,78.05061401784475,-0.027177101251429296
17.646825396825395,1,0.010293222849734378,78.85815535301683,0.010346380298654244
17.65079365079365,1,9.017990324600205e-05,78.8652670945,9.01839695757096e-05
17.654761904761905,1,0.034889078989450296,81.66536603548073,0.03550484318560078
17.658730158730158,1,-0.0002271310879799119,81.64681939838154,-0.00022710529566713074
17.66269841269841,1,-0.019764803577465056,80.04892906187888,-0.0195707603587838
17.666666666666664,1,-0.0066177642229048,79.52093312631256,-0.006595915045386526
17.67063492063492,1,-0.034268398823375484,76.84204090069662,-0.03368788720525646
17.674603174603174,1,0.009836871499451665,77.60165617644353,0.00988541255337816
17.678571428571427,1,0.014466003770035589,78.73240098787322,0.014571142771215023
17.68253968253968,1,0.061821066520846166,83.75332234691417,0.06377198327552921
17.686507936507937,1,-0.016065619562623038,82.41852422203559,-0.01593725583027844
17.69047619047619,1,-0.007144614391083472,81.83177419504138,-0.007119152308691197
17.694444444444443,1,-0.014904576548149428,80.62115057987586,-0.01479405313002358
17.698412698412696,1,0.0049479374875812596,81.02104750976837,0.004960198744575026
17.702380952380953,1,0.009220872050987768,81.77158721976387,0.009263515260093563
17.706349206349206,1,-0.0017417450599168346,81.62928592394645,-0.0017402291022549515
17.71031746031746,1,0.026976014782320017,83.86128866545141,0.027343161418617895
17.71428571428571,1,-0.015943247596436665,82.53486919000457,-0.015816826769003412
17.71825396825397,1,0.024452424890267232,84.57792390288175,0.0247538371712184
17.72222222222222,1,0.01317204510104472,85.69935770511778,0.01325917864245211
17.726190476190474,1,-0.0006999508858219662,85.63939335227687,-0.0006997059773453193
17.730158730158728,1,-0.008332482827163451,84.92876932067374,-0.008297863912697294
17.734126984126984,1,0.06074945464300025,90.24808262331254,0.06263264315716362
17.738095238095237,1,-0.02098350833827272,88.37409144438297,-0.02076488634945757
17.74206349206349,1,0.007110385018163383,89.00470455433403,0.007135723826341894
17.746031746031743,1,-0.019300569098528068,87.30333462268017,-0.019115505637291298
17.75,1,0.04459658828630752,91.28488745647736,0.04560596512155227
17.753968253968253,1,0.021949097670861183,93.31065896770428,0.022191751205179442
17.757936507936506,1,-0.017489635694963142,91.69287797402814,-0.017337579774633405
17.76190476190476,1,0.01251935437380144,92.84802939432336,0.012598049552141785
17.765873015873016,1,0.006096496435776334,93.41580604018579,0.0061151178928211675
17.76984126984127,1,-0.013414545790378703,92.17104306369394,-0.013324971750031266
17.773809523809522,1,0.01870711719111459,93.91152652449192,0.018883191542003252
17.77777777777778,1,0.009412748402403236,94.7996654524867,0.009457187640999133
17.78174603174603,1,0.0050382713180194055,95.2784971169191,0.005050984749227543
17.785714285714285,1,-0.0014531028347191147,95.1401482046128,-0.0014520475919822715
17.789682539682538,1,0.010464726878753739,96.14099151315939,0.010519673633408382
17.793650793650794,1,0.0053832003758957,96.65993326533587,0.0053977158338901965
17.797619047619047,1,0.0010921866348518993,96.76556162501525,0.0010927832878736207
17.8015873015873,1,-0.0165489082552765,95.17737484779293,-0.016412727323144537
17.805555555555554,1,0.042282072242548964,99.28796115907772,0.04318869182784687
17.80952380952381,1,-0.026864920085233127,96.6561085593437,-0.026507268041462338
17.813492063492063,1,0.010378594477077362,97.66448683696696,0.010432638895286426
17.817460317460316,1,-0.008466133623495053,96.84113645613276,-0.008430396836146452
17.82142857142857,1,0.043939598365323226,101.19116652753506,0.044919238152196346
17.825396825396826,1,-0.02316244546714863,98.87426775535579,-0.022896255193864398
17.82936507936508,1,-0.01892371814711136,97.02079162190715,-0.018745788722650793
17.833333333333332,1,-0.024833943609864413,94.64105418872032,-0.024528118080716938
17.837301587301585,1,0.007753727771137954,95.37772745008829,0.007783865761880985
17.841269841269842,1,-0.034994449994080974,92.09776135784543,-0.03438922461178626
17.845238095238095,1,-0.01245461008622659,90.95783306669502,-0.012377372417568474
17.849206349206348,1,-0.0546313463273715,86.12198142089625,-0.05316586249644755
17.8531746031746,1,0.005661223297387172,86.61091987757439,0.005677278304693851
17.857142857142858,1,-0.013001055095571786,85.49217472820439,-0.012916906447262833
17.86111111111111,1,-0.03789233093202736,82.31328507336299,-0.03718339912334265
17.865079365079364,1,0.02695796032910473,84.56246377119258,0.027324613467011084
17.869047619047617,1,-0.03334693407147035,81.78906405671634,-0.03279705428144122
17.873015873015873,1,0.019684268057810827,83.4149718210179,0.019879280721125617
17.876984126984127,1,-0.018061393769925726,81.9219051888775,-0.01789926435920956
17.88095238095238,1,0.03995898005870171,85.26170406112232,0.040768081071168874
17.884920634920633,1,0.018490072899108145,86.8528641858,0.01866207275821073
17.88888888888889,1,-0.025797244215690438,84.64095291236713,-0.025467338287210112
17.892857142857142,1,-0.023505133633633768,82.67465557348935,-0.02323103971801411
17.896825396825395,1,0.014860975608935303,83.91245629615612,0.014971948949536028
17.90079365079365,1,-0.007008132857026353,83.32644248385085,-0.0069836331597420455
17.904761904761905,1,-0.00466385549178485,82.93872482980471,-0.004652996605744825
17.908730158730158,1,0.031660580665277945,85.60662377943238,0.03216710836949024
17.91269841269841,1,-0.019262011761568575,83.97344761008276,-0.019077684614189534
17.916666666666664,1,0.0019035614357959436,84.13344846399755,0.001905374359020279
17.92063492063492,1,0.023657533999691616,86.14756900663055,0.023939593341343563
17.924603174603174,1,0.0199910189431888,87.88707601824471,0.02019217758170645
17.928571428571427,1,-0.004418686581161929,87.49958730085275,-0.004408938548729365
17.93253968253968,1,-0.0076765693305415016,86.83046223098155,-0.007647179724066383
17.936507936507937,1,-0.04421085672696004,83.07523564195726,-0.04324780143441859
17.94047619047619,1,-0.02701169753158112,80.86126862160675,-0.026650144332932436
17.944444444444443,1,0.007625073089837561,81.48019839857531,0.0076542179898869325
17.948412698412696,1,-0.0038711299888861306,81.16538768878068,-0.003863646824405712
17.952380952380953,1,0.0014911595208015845,81.2865085121836,0.0014922718519788543
17.956349206349206,1,0.025789904129059595,83.41014627615961,0.02612534112789039
17.96031746031746,1,-0.03031455561071872,80.91954620532968,-0.029859677533520677
17.96428571428571,1,-0.006348009628060302,80.40749511905157,-0.006327903581896062
17.96825396825397,1,0.004358243925626901,80.75869534846251,0.004367754882688526
17.97222222222222,1,-0.018139988044796218,79.3069407946633,-0.017976448821208885
17.976190476190474,1,0.03567300746919765,82.18712487176431,0.03631692318782285
17.980158730158728,1,0.022497410046831444,84.05707800192148,0.022752385280234773
17.984126984126984,1,0.006913847274875619,84.64024945776255,0.006937803094080703
17.988095238095237,1,0.044813565865197094,88.51955439744306,0.04583286278729974
17.99206349206349,1,-0.03816543636041645,85.20482339841018,-0.03744631366025742
17.996031746031743,1,-0.0005915093812540743,85.15443884897778,-0.0005913344740681321
18.0,1,0.008833998563638605,85.91002555158366,0.008873133483339374
18.003968253968253,1,-0.02344144648345166,83.91959076521192,-0.02316883010559197
18.007936507936506,1,0.007180468824797864,84.52434136855251,0.007206310205117387
18.01190476190476,1,-0.028280083337210188,82.167469296124,-0.027883944840834268
18.015873015873016,1,0.017003583462120823,83.57655653474323,0.017148967233505365
18.01984126984127,1,0.026258105314286625,85.80018493002227,0.02660588671602646
18.023809523809522,1,0.0064653312991932105,86.35670866771697,0.0064862766688513745
18.027777777777775,1,-0.04708294204773673,82.38501397210335,-0.045991733090429095
18.03174603174603,1,-0.02475773231257576,80.37038951956683,-0.024453773270206022
18.035714285714285,1,0.013832529187674693,81.48983984358914,0.013928641265944758
18.039682539682538,1,0.00013733021141872412,81.50103162899087,0.00013733964164388827
18.043650793650794,1,-0.0682793107089334,76.12192776753984,-0.06600043893846365
18.047619047619047,1,0.030919556675082276,78.51234897167735,0.031402531100333794
18.0515873015873,1,0.0030465948944753975,78.75190902913722,0.003051240481243232
18.055555555555554,1,-0.021035566979091192,77.11262010565841,-0.020815862671625402
18.05952380952381,1,0.02467369914329894,79.0389406953414,0.02498061390008019
18.063492063492063,1,-0.017469228991560136,77.67018173192314,-0.017317526669470396
18.067460317460316,1,-0.017744188184982967,76.3041428781188,-0.017587687106478116
18.07142857142857,1,0.008632812662639917,76.96571374901394,0.008670182849073813
18.075396825396826,1,0.04448112544695327,80.46651797677124,0.04548524345754076
18.07936507936508,1,0.04051372607697863,83.7934546994683,0.04134560319433126
18.083333333333332,1,0.008667052411084597,84.52285326495688,0.00870472005366744
18.087301587301585,1,0.011254198061466965,85.47946303749121,0.011317764788839087
18.091269841269842,1,0.01954707305336174,87.16677361282649,0.019739367976553818
18.095238095238095,1,-0.03206983689297057,84.41569844667174,-0.03156105304957526
18.099206349206348,1,0.015834187055935877,85.76299089719537,0.0159602120851343
18.1031746031746,1,-0.01889373816595369,84.15781900162176,-0.01871637029890612
18.107142857142858,1,0.007628067581959077,84.80223523305871,0.00765723540702173
18.11111111111111,1,-0.006128470863176491,84.28411646481916,-0.006109730089255653
18.115079365079364,1,0.012232437351545299,85.3214482524088,0.012307559610269261
18.119047619047617,1,0.0025791021972899637,85.54178500043227,0.002582430942471505
18.123015873015873,1,-0.07782990985365043,79.13656731408003,-0.07487823274110847
18.126984126984127,1,0.004110822039199083,79.46255323508991,0.004119283058059536
18.13095238095238,1,0.015783908083648622,80.72673347831356,0.015909131933925433
18.134920634920633,1,0.010839512815149189,81.60653161767051,0.010898473175473652
18.13888888888889,1,-0.0029817482699506462,81.36356389750773,-0.0029773072736522087
18.142857142857142,1,0.0409817598356024,84.76725417854954,0.04183310216510933
18.146825396825395,1,0.007449039980354784,85.4010464854037,0.007476853096115629
18.15079365079365,1,0.01063150515368772,86.31383169399197,0.010688220415943951
18.154761904761905,1,0.025921896489656794,88.58050116891488,0.02626079077289701
18.158730158730158,1,0.008739659406318594,89.35805741832087,0.008777961731365781
18.16269841269841,1,-0.023024745858300708,87.32411620084059,-0.022761699126454437
18.166666666666664,1,-0.061837153104685204,82.08780907778929,-0.05996404373573167
18.17063492063492,1,-0.012419142083022151,81.07465319895617,-0.012342342793836874
18.174603174603174,1,0.01877719958173364,82.61139080540364,0.018954599814030058
18.178571428571427,1,-0.009294016651880226,81.84715606993049,-0.009250960769724056
18.18253968253968,1,0.019790972020898228,83.4831261668419,0.019988111688493793
18.186507936507937,1,0.0033507723787299113,83.76332830471556,0.003356392491983835
18.19047619047619,1,0.03205938883302213,86.49223929786848,0.03257882713573137
18.194444444444443,1,-0.007835587205517401,85.81717005012948,-0.0078049690147816535
18.198412698412696,1,0.01138596070283843,86.79986482161004,0.011451027468122058
18.202380952380953,1,0.012350280057864335,87.8785145638926,0.012426859701905726
18.206349206349206,1,0.037439985300422446,91.23105273744127,0.038149690970382365
18.21031746031746,1,-0.0434000434039269,87.35631123794502,-0.04247173942678917
18.21428571428571,1,-0.011947628191128955,86.31882062857638,-0.011876538680104222
18.21825396825397,1,0.020983770777375125,88.14925249179494,0.021205478131991116
18.22222222222222,1,0.038556104490265024,91.614314686551,0.039309036626018645
18.226190476190474,1,0.005652408120527399,92.13362246996387,0.005668413120695879
18.230158730158728,1,-0.007772277080370298,91.42031004942613,-0.007742151034713538
18.234126984126984,1,0.018680764284617426,93.14416262316696,0.0188563413623167
18.238095238095237,1,0.021492424526217867,95.16772423727659,0.02172505025673387
18.24206349206349,1,-0.009459447852765583,94.27173457749181,-0.009414848016654135
18.246031746031743,1,0.007926136548393308,95.02191430446848,0.007957631524855598
18.25,1,0.02934966557721232,97.85210513065365,0.02978461175931211
18.253968253968253,1,0.047238263745743435,102.58538448854617,0.04837176830863824
18.257936507936506,1,0.018315060741268322,104.48155325552129,0.018483810110268072
18.26190476190476,1,0.0007153702576692461,104.55632299202958,0.0007156261959986094
18.265873015873016,1,-0.0017593917577620082,104.37252918919694,-0.001757844935371877
18.26984126984127,1,0.013648247669630955,105.80679667248977,0.013741810172031774
18.273809523809522,1,-0.0033115070601070465,105.45699622129487,-0.00330603006796985
18.277777777777775,1,0.00438166602145486,105.92008737283733,0.004391279555987401
18.28174603174603,1,-0.027052801718984196,103.09306411287531,-0.02669015226555612
18.285714285714285,1,0.03228594391881505,106.47583513711865,0.03281278962219593
18.289682539682538,1,-0.029126780032153386,103.41926699086132,-0.02870668393745032
18.293650793650794,1,-0.011285018318206221,102.25873927292453,-0.011221581352334564
18.297619047619047,1,0.002062293630315127,102.4698444251564,0.0020644216204193226
18.3015873015873,1,0.04977132839153427,107.69895518496077,0.05103072800724038
18.305555555555554,1,-0.01104743550480387,106.5157058929358,-0.010986636685498386
18.30952380952381,1,-0.017178846472782245,104.70151639157334,-0.01703213142281593
18.313492063492063,1,-0.014276107122467695,103.21740519883123,-0.014174686708372455
18.317460317460316,1,0.04140345418535523,107.58066605076569,0.042272529943271596
18.32142857142857,1,-0.07126130868479794,100.18110914152875,-0.06878147515600194
18.325396825396826,1,-0.02566344835202945,97.64282627737624,-0.02533694112496446
18.32936507936508,1,0.06842518110941077,104.55794048065506,0.07082050435159379
18.333333333333332,1,0.014492003371032338,106.08422727098889,0.014597521559027384
18.337301587301585,1,-0.028265026632367744,103.12773328143352,-0.027869307866127107
18.341269841269842,1,-0.0014530592663119105,102.97799139124263,-0.0014520040868375205
18.345238095238095,1,0.0013028699042349657,103.11224575601945,0.0013037190079458294
18.349206349206348,1,0.020923526781075615,105.29244679968899,0.02114395848605876
18.3531746031746,1,0.04595426827625782,110.24398494825178,0.047026527534141875
18.357142857142858,1,0.009393756699944463,111.28446949859647,0.009438016512493347
18.36111111111111,1,-0.013998212162481316,109.7375382798741,-0.013900692753375417
18.365079365079364,1,0.019435838361268564,111.89124104882605,0.019625943890405256
18.369047619047617,1,-0.017991139569961595,109.8961905435605,-0.017830265234032142
18.373015873015873,1,-0.026434482870969927,107.02920220216818,-0.026088150346357114
18.376984126984127,1,-0.04474236068571082,102.3460127479521,-0.04375618389988521
18.38095238095238,1,-0.03983435398476686,98.34925800106184,-0.0390513967235156
18.384920634920633,1,-0.022985120131237723,96.11447031144061,-0.02272297458102946
18.38888888888889,1,-0.030074337987806725,93.26692488988375,-0.029626604738391075
18.392857142857142,1,0.007495993202936299,93.96868001477992,0.007524158491606467
18.396825396825395,1,-0.030618910665084497,91.13506389252255,-0.030154899715646832
18.40079365079365,1,-0.0796097705409353,84.16110294270149,-0.07652335612608535
18.404761904761905,1,-0.02670092964688104,81.94365890308833,-0.026347611450896553
18.408730158730158,1,-0.012286570935848456,80.9430121718448,-0.012211399205727102
18.41269841269841,1,-0.01565271850464099,79.68589827911303,-0.015530851385451327
18.416666666666664,1,0.037891597579148666,82.76325913854889,0.03861863800112871
18.42063492063492,1,-0.015856644736189144,81.46126147868658,-0.015731590000373417
18.424603174603174,1,0.02180035943847782,83.25664515905493,0.022039723517393382
18.428571428571427,1,-0.0008751419491401984,83.18381564905941,-0.0008747591241081847
18.43253968253968,1,-0.0014628042864683107,83.06222296179718,-0.0014617349097712175
18.436507936507937,1,-0.021446430105941685,81.2998011819096,-0.021218090692061157
18.44047619047619,1,-0.001878008991946042,81.14726270339621,-0.0018762466364715725
18.444444444444443,1,-0.0196754356904376,79.56625942201673,-0.019483137553982986
18.448412698412696,1,0.003887384625573536,79.87616604846637,0.0038949503055798118
18.452380952380953,1,-0.006349756589707788,79.37057871374212,-0.006329639487422401
18.456349206349206,1,-0.024199211994062643,77.47292669985315,-0.023908758694239224
18.46031746031746,1,0.02459656269555933,79.40212293551652,0.024901553585777076
18.46428571428571,1,0.010358543742528177,80.22888794735904,0.010412379181775852
18.46825396825397,1,-0.011686945075835287,79.29671507701212,-0.01161891800069085
18.47222222222222,1,0.003269254793121781,79.55638046774219,0.003274604634983013
18.476190476190474,1,-0.0025089544078783508,79.35702732484101,-0.002505809612367262
18.480158730158728,1,-0.022258062156178388,77.61020622156883,-0.022012179162428796
18.484126984126984,1,0.0013795126065827355,77.71734436166763,0.001380464571797606
18.488095238095237,1,-0.01604485077271238,76.48033154956961,-0.015916817825650294
18.49206349206349,1,-0.024206920010741304,74.65120634273435,-0.02391628239281067
18.496031746031743,1,-0.04128671865021058,71.63186129829423,-0.04044603151592575
18.5,1,-0.00943288135665621,70.95934332709857,-0.009388531290497914
18.503968253968253,1,0.013889492373925004,71.9518090523363,0.013986399517013103
18.507936507936506,1,-0.017900595824876814,70.6752881284415,-0.017741331881818877
18.51190476190476,1,0.0631190634325923,75.28004129375046,0.06515365253185089
18.515873015873016,1,0.021920355358820465,76.94842553341464,0.022162371473123593
18.51984126984127,1,0.03246920468457948,79.48788370793987,0.03300208102922772
18.523809523809522,1,0.019641415001356518,81.06457172299581,0.019835576713164143
18.527777777777775,1,0.046290983523835455,84.90534114751281,0.047379136691689284
18.53174603174603,1,-0.02022741139285313,83.20517879216767,-0.020024209694786715
18.535714285714285,1,-0.06492134249585788,77.97499890823,-0.06285882633581892
18.539682539682538,1,-0.011638134093959954,77.07277569585702,-0.011570672972177433
18.543650793650794,1,0.013668960585227041,78.13351350501098,0.013762807938043816
18.547619047619047,1,0.003421043428419847,78.40126938903954,0.0034269018762525614
18.5515873015873,1,0.006544431952035553,78.91604377718963,0.006565893539244439
18.555555555555554,1,0.03288697813995695,81.55450163832894,0.03343373203791996
18.55952380952381,1,0.009230120589234754,82.31074425933107,0.009272849515479777
18.563492063492063,1,0.019733888180321228,83.95118821572252,0.019929888511552817
18.567460317460316,1,-0.024071581169057575,81.95447876484018,-0.023784171413411555
18.57142857142857,1,-0.02799815196230357,79.69172903137368,-0.027609836186735216
18.575396825396826,1,0.04027502248936173,82.96682479515509,0.041097059928164495
18.57936507936508,1,0.0021456543070201713,83.14503403946242,0.002147957870478442
18.583333333333332,1,-0.01610072472250469,81.81705810963717,-0.01597180090388738
18.587301587301585,1,-0.01605449488245021,80.51401441094076,-0.01592630838608626
18.591269841269842,1,-0.016753190636032634,79.17638385434995,-0.016613636351102443
18.595238095238095,1,-0.018260913581807346,77.74367187842752,-0.018095193366724088
18.599206349206348,1,-0.03272911093042808,75.2403793424168,-0.032199309288160935
18.6031746031746,1,-0.03820386583799655,72.42012137673647,-0.03748330338481381
18.607142857142858,1,-0.005310473852468388,72.03655557526785,-0.005296398213326507
18.61111111111111,1,-0.015337153004104544,70.94014926822575,-0.015220137863150438
18.615079365079364,1,0.02750096632716445,72.91814566852439,0.02788260837765908
18.619047619047617,1,0.006988012123397146,73.42948308970679,0.007012485253079047
18.623015873015873,1,0.006288551745221646,73.89270315889232,0.006308366199713369
18.626984126984127,1,-0.01912169961174007,72.49317243203758,-0.01894003963889762
18.63095238095238,1,-0.003446454822786741,72.24375803289915,-0.003440522614350302
18.634920634920633,1,0.00869954739582839,72.87498775534092,0.00873749843072012
18.63888888888889,1,0.017649610958638273,74.17262061020669,0.01780628573444425
18.642857142857142,1,-0.0027626770454845843,73.96798841033669,-0.0027588643651321044
18.646825396825395,1,0.026794537974107958,75.97671779382947,0.027156739376895347
18.65079365079365,1,-0.00019551373475216406,75.96186475401333,-0.00019549462318747045
18.654761904761905,1,0.019581044158335885,77.46393544536312,0.019774010238084234
18.658730158730158,1,-0.01273994085494568,76.48330931229644,-0.01265913134194411
18.66269841269841,1,-0.04606975918034358,73.03967443491162,-0.04502465843003455
18.666666666666664,1,0.006365185502088633,73.50606827868432,0.006385486345347435
18.67063492063492,1,0.017879623089049657,74.83214865623852,0.01804042045245252
18.674603174603174,1,0.014100564674102138,75.89479858327442,0.01420044654761236
18.678571428571427,1,0.010241278536623074,76.67605204380533,0.010293899912965731
18.68253968253968,1,-0.009180391322496212,75.97535712892008,-0.009138380187922901
18.686507936507937,1,-0.020724920182145588,74.41697833415391,-0.020511635004515767
18.69047619047619,1,0.01350542023340298,75.42882824844318,0.013597030367798045
18.694444444444443,1,0.010348639465143111,76.21346696634758,0.010402371826857023
18.698412698412696,1,-0.01453015401563483,75.1140800263469,-0.014425100756617423
18.702380952380953,1,0.027558036537285606,77.2128629319422,0.027941271528042315
18.706349206349206,1,-0.02264294532642567,75.48418137676434,-0.022388517787528688
18.71031746031746,1,-0.015100232487046684,74.35291537427888,-0.014986795668339568
18.71428571428571,1,0.040837214136623286,77.45213229764401,0.04168252055436157
18.71825396825397,1,0.02148938222723672,79.1345430129957,0.021721941868382787
18.72222222222222,1,-0.009417811972392037,78.39276720159054,-0.0093736032731417
18.726190476190474,1,0.006844487834737425,78.93116597309118,0.006867964873802041
18.730158730158728,1,0.0035035725449991365,79.20819204623635,0.0035097172293082606
18.734126984126984,1,-0.06957979190102556,73.884268995915,-0.06721429832931426
18.738095238095237,1,-0.023237821970778703,72.18715449778432,-0.022969903082136707
18.74206349206349,1,-0.0016780397194928335,72.06612316139494,-0.0016766325980213574
18.746031746031743,1,-0.009382589983944102,71.3931184767567,-0.00933871082715291
18.75,1,0.0058295739828651575,71.81052541299886,0.005846599016095089
18.753968253968253,1,0.02806345374894818,73.8543206156026,0.028460942053402518
18.757936507936506,1,-0.008498765623514069,73.22930972692322,-0.008462753207526322
18.76190476190476,1,-0.02704722123964275,71.27520604871515,-0.026684720714902698
18.765873015873016,1,0.007788666997527982,71.83251241331789,0.007819077565652066
18.76984126984127,1,-0.008626959806456856,71.21548159281807,-0.00858985436774747
18.773809523809522,1,-0.004329255986433766,70.9078379573306,-0.004319898266594386
18.777777777777775,1,-0.00774883206333444,70.36050835029951,-0.007718887259831849
18.78174603174603,1,0.05609217744672911,74.41997018449288,0.05769517488393821
18.785714285714285,1,-0.05685726574199995,70.30669693677767,-0.05527109507727676
18.789682539682538,1,-0.010181920000101858,69.59447183570602,-0.010130259734888439
18.79365079365079,1,-0.0004897801058328652,69.56039419388165,-0.0004896601831362132
18.797619047619047,1,-0.020079766092877052,68.17756762844606,-0.019879510193420026
18.8015873015873,1,0.022276654365871663,69.71337859143631,0.022526631800067424
18.805555555555554,1,0.020095341933706334,71.12846345875197,0.02029861263228922
18.80952380952381,1,-0.0016001286775439271,71.01473977511068,-0.001598849154209898
18.813492063492063,1,-0.007217162949885922,70.50405987300987,-0.007191181770405344
18.817460317460316,1,-0.0032178724535017883,70.27755143396998,-0.0032127006508259905
18.82142857142857,1,-0.0030372008851184103,70.06442820541109,-0.0030325932564551597
18.825396825396826,1,-0.0023716400817381457,69.89845748837183,-0.0023688299653666853
18.82936507936508,1,-0.005133957485559086,69.54052137989409,-0.005120801249974459
18.833333333333332,1,0.00596429941327156,69.9565212113426,0.005982121261011749
18.837301587301585,1,0.018582334679631666,71.2686299674779,0.018756060670474577
18.841269841269842,1,-0.03139646728691541,69.06580811768363,-0.03090871609008698
18.845238095238095,1,-0.026871067195723863,67.23464892932193,-0.026513252190454986
18.849206349206348,1,-0.044455338434216896,64.31117335531816,-0.04348168125451186
18.8531746031746,1,0.021434337059356243,65.7045201085468,0.02166570256043075
18.857142857142858,1,0.005910728709352449,66.09403171658812,0.005928231534113945
18.86111111111111,1,0.012334719295722003,66.91433172976222,0.012411105690927925
18.865079365079364,1,-0.036416795285536534,64.52136279314654,-0.035761680267238104
18.869047619047617,1,0.044579639710721326,67.46277840659718,0.04558824373999554
18.873015873015873,1,-0.015738426239382035,66.40933198378235,-0.015615224390340313
18.876984126984127,1,0.0038415625526344406,66.66493823603564,0.003848950811847847
18.88095238095238,1,0.021131644471205822,68.08866790440332,0.02135649872391383
18.884920634920633,1,-0.02526637761484127,66.38986557430549,-0.02494985410028759
18.88888888888889,1,-0.014162905280648347,65.45621937438683,-0.01406308315045073
18.892857142857142,1,0.004117878960851102,65.7263158937255,0.0041263690741720595
18.896825396825395,1,0.07160472827691285,70.60522285632362,0.07423064713511364
18.90079365079365,1,0.007190804919314899,71.11476103942069,0.007216720838540374
18.904761904761905,1,0.04007967098721696,74.0229067370798,0.040893699917617515
18.908730158730158,1,0.029983282266098272,76.27596469170241,0.03043730723281666
18.91269841269841,1,0.008876155903558421,76.95601570051139,0.008915665787481703
18.916666666666664,1,-0.02532221596531509,75.031784568587,-0.02500429777202733
18.92063492063492,1,0.02630645560534393,77.03179614864551,0.026655524609443947
18.924603174603174,1,-0.038145657782870566,74.14870588967656,-0.03742727552925712
18.928571428571427,1,0.039941436101454175,77.17025245922304,0.04074982204061826
18.93253968253968,1,0.004642834664491999,77.5293742087625,0.004653629320822196
18.936507936507937,1,-0.06717618182423873,72.49232576733273,-0.06496954854642063
18.94047619047619,1,-0.008976772514501321,71.84449073407087,-0.008936601583746604
18.944444444444443,1,0.016081110837219383,73.00916951799014,0.016211107797120126
18.948412698412696,1,-0.006369265614430825,72.5456324873218,-0.006349024837956934
18.952380952380953,1,0.017619627573222676,73.835186886122,0.01777576891380174
18.956349206349206,1,-0.021815421169791047,72.24188366636817,-0.021579185845513736
18.96031746031746,1,-0.033304488016159275,69.8755285639737,-0.03275599946040877
18.96428571428571,1,-0.0021970803376133974,69.72217494088898,-0.002194668523248421
18.96825396825397,1,0.0003985546566690861,69.74996857665832,0.0003986340901287703
18.97222222222222,1,-0.009175285907087527,69.11291969497358,-0.009133321414827679
18.976190476190474,1,0.030528004701141708,71.25533467528828,0.03099876245671745
18.980158730158728,1,-0.021820037563024884,69.71738072225838,-0.02158370261031445
18.984126984126984,1,0.00749420618584034,70.24181982098736,0.007522358030319379
18.988095238095237,1,0.0013158568919287353,70.33430884151268,0.0013167230114635455
18.99206349206349,1,-0.03962238036177021,67.60198416250671,-0.03884767937597619
18.996031746031743,1,-0.03363326194706096,65.3661193965611,-0.033073951802522546
19.0,1,-9.669599819750932e-05,65.35979905997829,-9.669132329015844e-05
19.003968253968253,1,0.049524722165147944,68.67821862359429,0.05077156924198639
19.007936507936506,1,0.01419940188214049,69.66036469186331,0.014300692242061047
19.01190476190476,1,-0.04387873588296947,66.66984584071292,-0.04292999131397976
19.015873015873016,1,-0.07877375755244682,61.6195386917697,-0.07575099485019653
19.01984126984127,1,0.018074388934336,62.743400159255046,0.018238719265768755
19.023809523809522,1,-0.0028211772882479986,62.56663935775481,-0.0028172015072752813
19.027777777777775,1,0.02836037398513138,64.3664537205882,0.028766358259104344
19.03174603174603,1,-0.022588831048257558,62.92878948042613,-0.022335613616417296
19.035714285714285,1,0.008427700082797468,63.46137553019849,0.008463313122176444
19.039682539682538,1,0.020924741738355866,64.80327895304492,0.021145199133098973
19.04365079365079,1,-0.011671849277192359,64.05130186697133,-0.011603997486276253
19.047619047619047,1,-0.011133172597440111,63.342162478457524,-0.011071428180907273
19.0515873015873,1,0.00023973811269622166,63.35734982936493,0.00023976685217416474
19.055555555555554,1,0.013277333225991101,64.20417583049367,0.01336586841794073
19.05952380952381,1,-0.0007580083609224838,64.1555269688593,-0.0007577211451601032
19.063492063492063,1,0.024145575437453378,65.72345213729031,0.024439440255741136
19.067460317460316,1,-0.012036498088540773,64.93711380471011,-0.0119643492088278
19.07142857142857,1,-0.033869238315548625,62.774571769125075,-0.033302096580525534
19.075396825396826,1,0.04941827148058268,65.9547139881785,0.05065971984244706
19.07936507936508,1,-0.015632163503216442,64.93171578485162,-0.015510615412724617
19.083333333333332,1,-0.01472021957073509,63.98290713983089,-0.014612406796157943
19.087301587301585,1,-0.002054913234912406,63.85156281395647,-0.0020528033461711115
19.091269841269842,1,0.0012959794502774102,63.93436677175581,0.0012968195945425487
19.095238095238095,1,-0.010140337340450214,63.289326714188036,-0.010089097462567085
19.099206349206348,1,-0.0008361183083473553,63.236431465823664,-0.0008357688588350758
19.1031746031746,1,-0.0013987394533201104,63.14804200556887,-0.0013977616732306364
19.107142857142858,1,0.004008207590457741,63.40166040490785,0.004016251197727165
19.11111111111111,1,-0.05979992573429228,59.721382656241836,-0.05804702471768627
19.115079365079364,1,0.04699680274809216,62.59509544206683,0.048118657974919626
19.119047619047617,1,-0.004108142050525856,62.33847337918226,-0.004099715178517399
19.123015873015873,1,0.014233489428275731,63.232112092619836,0.014335267852998374
19.126984126984127,1,-0.035121715217239835,61.049838771418095,-0.0345121054632053
19.13095238095238,1,-0.012264916432177479,60.305640693313734,-0.012190008902247687
19.134920634920633,1,-0.017337592870794567,59.269097592889224,-0.017188161646368754
19.13888888888889,1,0.036636732477948596,61.480790891860636,0.03731612912623095
19.142857142857142,1,-0.015157940809449336,60.555896161222265,-0.015043637487767212
19.146825396825395,1,0.018704994787351503,61.69925379656489,0.0188810290627782
19.15079365079365,1,-0.016785880305428547,60.67222144357594,-0.01664578240079384
19.154761904761905,1,-0.011801750663511943,59.960391694533676,-0.011732383158316595
19.158730158730158,1,-0.006584107982652461,59.56690280908387,-0.006562480236193809
19.16269841269841,1,0.03195303105567467,61.50098118318739,0.03246901018678799
19.166666666666664,1,-0.048016636352519106,58.61768791148202,-0.04688206946027711
19.17063492063492,1,-0.03354843088527522,56.683777667816706,-0.03299192295993795
19.174603174603174,1,-0.0494643034460319,53.94816931848796,-0.048260868662639185
19.178571428571427,1,-0.027799303102962337,52.469101584762875,-0.027416458285976015
19.18253968253968,1,-0.02084722443969784,51.38658934103936,-0.02063142327632047
19.186507936507937,1,-0.04107792915586208,49.318501839219564,-0.0402456658116467
19.19047619047619,1,-0.0188956098075004,48.39534791738086,-0.01871820690839784
19.194444444444443,1,-0.051162858533495864,45.981577776742846,-0.049876077856878476
19.198412698412696,1,-0.026047730164037896,44.79932637322682,-0.02571141445507345
19.202380952380953,1,0.029850925525946922,46.15678766760818,0.030300930935261167
19.206349206349206,1,0.009772638089615137,46.61007253579244,0.009820546253099817
19.21031746031746,1,0.0043269159311050045,46.81218735277218,0.004336290548025416
19.21428571428571,1,-0.025664469968091345,45.626063105541455,-0.025337936855891717
19.21825396825397,1,-0.039102528199674705,43.87639974841404,-0.038347892367573695
19.22222222222222,1,-0.02910086044779699,42.617958433976035,-0.028681508092137518
19.226190476190474,1,-0.0014856106935968794,42.55469174565762,-0.0014845077202943386
19.230158730158728,1,0.021479173205057146,43.4786184095383,0.021711511139660758
19.234126984126984,1,0.0223406962883912,44.460892507485426,0.02259211846831901
19.238095238095237,1,0.015493112553782386,45.15509390344075,0.015613753049119907
19.24206349206349,1,-0.018981511492943984,44.306065383622084,-0.01880249704793515
19.246031746031743,1,0.00022177223431048236,44.31589232836717,0.00022179682759043982
19.25,1,-0.008493896064890693,43.94107184152523,-0.008457924847019823
19.253968253968253,1,-0.005466330925768354,43.701530703644075,-0.005451417724744432
19.257936507936506,1,0.05093397273829534,45.985084861490364,0.05225341357793389
19.26190476190476,1,-0.04479505813157233,43.97063583038323,-0.04380657417888339
19.265873015873016,1,-0.006310125333994781,43.694049173266805,-0.0062902583029127495
19.26984126984127,1,0.030136377078368096,45.03087183737928,0.03059507391524546
19.273809523809522,1,-0.037333819157429365,43.38069281998062,-0.036645504518721894
19.277777777777775,1,-0.016617735819612414,42.66576065618952,-0.016480422909746793
19.28174603174603,1,-0.01372734252580848,42.08407478054182,-0.013633552213801092
19.285714285714285,1,-0.006023197538459469,41.83135593670423,-0.006005094448563996
19.289682539682538,1,-0.04061116584854987,40.16656907102653,-0.03979758313827367
19.29365079365079,1,0.014602973408868345,40.75742403093851,0.014710117731668332
19.297619047619047,1,0.016392036043696646,41.43102697359929,0.01652712257157005
19.3015873015873,1,0.012413028723928151,41.94851666398788,0.012490390130043166
19.305555555555554,1,-0.022328180538460956,41.022261884094036,-0.02208075168219281
19.30952380952381,1,0.0017830416331433706,41.09547153344957,0.0017846321970828906
19.313492063492063,1,-0.023060589140293613,40.15862933207278,-0.022796725926705428
19.317460317460316,1,-0.008777473504367632,39.80768050237261,-0.008739063945588491
19.32142857142857,1,0.05386546595220219,42.01074156244805,0.055342613090559815
19.325396825396826,1,0.00201447146734713,42.09545630171186,0.0020165018781661535
19.32936507936508,1,-0.030319682495321666,40.83829017717851,-0.029864651318252607
19.333333333333332,1,0.004147198069772981,41.008006335386824,0.004155809596141102
19.337301587301585,1,-0.03445888105086134,39.618985811976714,-0.03387193495947858
19.341269841269842,1,-0.030609047472793607,38.42465825590498,-0.030145333899755686
19.345238095238095,1,-0.026630662557931985,37.414889233029506,-0.026279193328161907
19.349206349206348,1,-0.011592371260302728,36.98366622406363,-0.011525438610284341
19.3531746031746,1,0.023212574112765106,37.852193698191314,0.023484082645180274
19.357142857142858,1,0.014177439276702689,38.39266305878603,0.014278415800787286
19.36111111111111,1,0.012781418178327222,38.88652514596703,0.012863449623820142
19.365079365079364,1,-0.02808712168418029,37.80951050553441,-0.027696345620748134
19.369047619047617,1,-0.014036665069129695,37.28249846884442,-0.013938610408956296
19.373015873015873,1,0.006456958271243322,37.524008877928885,0.006477849366406716
19.376984126984127,1,-0.01622900087405852,36.91994662657846,-0.016098020158654674
19.38095238095238,1,-0.007411000390949342,36.647344263480285,-0.007383606641021412
19.384920634920633,1,0.010724368311849532,37.04247887848795,0.010782080474011975
19.38888888888889,1,-0.009185070906843087,36.70379886446871,-0.009143016997599713
19.392857142857142,1,0.005299340834083232,36.898821092785425,0.005313407177193133
19.396825396825395,1,0.03973615937159036,38.394559167274025,0.0405362022468799
19.40079365079365,1,-0.00472726008956668,38.21348642623946,-0.004716104181472018
19.404761904761905,1,0.02931969418653301,39.35048087710482,0.029753748144912565
19.408730158730158,1,0.013697975450305377,39.89321146704221,0.013792222555866094
19.41269841269841,1,-0.037367848519840985,38.42999683541943,-0.03667828630020476
19.416666666666664,1,-0.028168068160128276,37.362601867498576,-0.027775046989779274
19.42063492063492,1,-0.021401467306637053,36.571483111871174,-0.021174080928116262
19.424603174603174,1,-0.02193664065605113,35.77796303198163,-0.02169778232570429
19.428571428571427,1,-0.0026719131505186606,35.682495019972535,-0.002668346767638928
19.43253968253968,1,0.015090748851274876,36.22505410574836,0.015205189140281142
19.436507936507937,1,0.031230193904034375,37.374220515175345,0.0317229728925274
19.44047619047619,1,0.007368456936811108,37.65062794710998,0.007395670815994877
19.444444444444443,1,-0.011626894632467917,37.21540312267654,-0.011559563496386559
19.448412698412696,1,-0.052864373018601626,35.29913166804847,-0.051491352876423424
19.452380952380953,1,0.0013818647146785525,35.34794401081892,0.0013828199296653455
19.456349206349206,1,0.00025252244845947597,35.356871287309964,0.0002525543349369246
19.46031746031746,1,0.004212545931813734,35.50612788603196,0.004221431175545617
19.46428571428571,1,0.05267544154665715,37.426564747026354,0.05408747659442435
19.46825396825397,1,0.030863269256436735,38.59968087292831,0.031344477748125675
19.47222222222222,1,0.019384850352940998,39.35522934800794,0.019573956519664676
19.476190476190474,1,-0.024638890427608195,38.39740844179176,-0.02433783062846387
19.480158730158728,1,-0.013323078065935254,37.88922954214529,-0.013234718702874565
19.484126984126984,1,-0.0027866848551919717,37.78379117998157,-0.0027828056531587118
19.488095238095237,1,-0.019935248396436987,37.03802018067264,-0.019737855202419517
19.49206349206349,1,0.012213695299562163,37.49316511645794,0.012288587067156876
19.496031746031743,1,0.008596432276917504,37.81686189655932,0.00863348770625084
19.5,1,-0.027819604161742197,36.77931081333605,-0.027436202561209152
19.503968253968253,1,0.029760121052651557,37.89031740360649,0.030207379249411928
19.507936507936506,1,0.002181152696605537,37.97305216736275,0.0021835331405377694
19.51190476190476,1,-0.043965323048418416,36.339722677843184,-0.04301285770553333
19.515873015873016,1,-0.0016905438233016494,36.278340683224414,-0.0016891156589972107
19.51984126984127,1,0.0066889112644874845,36.52181667172833,0.006711331993651508
19.523809523809522,1,0.02411523808567203,37.41325439203148,0.02440836194748258
19.527777777777775,1,-0.008900431454212135,37.08173779470651,-0.008860939865086537
19.53174603174603,1,0.020465257999165026,37.8484437841103,0.020676107297033047
19.535714285714285,1,0.004318709430341561,38.01225368427993,0.004328048495309532
19.539682539682538,1,-0.033533086882375,36.75872036077919,-0.0329770850713633
19.54365079365079,1,-0.03605567631412452,35.45696862860611,-0.035413412637780806
19.547619047619047,1,0.027889024585994945,36.459747160269664,0.028281564116976503
19.5515873015873,1,0.029739143250470536,37.56031262900481,0.030185767989483768
19.555555555555554,1,0.007739722409823687,37.8521469237767,0.0077697514835523155
19.55952380952381,1,0.037291441446319185,39.29035785680138,0.037995491667112455
19.563492063492063,1,0.02622724025446594,40.33446772199996,0.026574200952914705
19.567460317460316,1,0.01682899943462596,41.01900029991186,0.016971404770479464
19.57142857142857,1,-0.023359716502590507,40.07191299371168,-0.02308899045016961
19.575396825396826,1,0.04323107829897222,41.842256213640084,0.04417915411740425
19.57936507936508,1,0.013116700483087518,42.39470377996663,0.013203101752109866
19.583333333333332,1,-0.010119048670999236,41.96787291229787,-0.010068023352257958
19.587301587301585,1,-0.017235646755698095,41.250727465784735,-0.0170879626902174
19.591269841269842,1,0.006073517713654701,41.50202685290304,0.006091998918727992
19.595238095238095,1,-0.04250355648804194,39.77500537603405,-0.04161294297722206
19.599206349206348,1,0.017233283989666916,40.466399725836,0.017382633723502475
19.6031746031746,1,-0.024424551427012553,39.48999868297181,-0.02412868576101156
19.607142857142858,1,0.008941621172822461,39.84468667093958,0.008981716885210048
19.61111111111111,1,-0.013540422458190203,39.30880897333543,-0.013449163298227077
19.615079365079364,1,-0.007059550690743454,39.03228366445068,-0.007034690597527926
19.619047619047617,1,-0.019469161475167328,38.27970761509254,-0.019280861346156867
19.623015873015873,1,-0.004459425196147338,38.10938218148198,-0.004449496723517201
19.626984126984127,1,0.047211064231498755,39.95171370476542,0.048343253493588735
19.63095238095238,1,0.034503396738094355,41.35424036218952,0.03510554435257709
19.634920634920633,1,0.008535204697689227,41.7087178859482,0.008571733410022335
19.63888888888889,1,-0.0010341809804529079,41.66560581987334,-0.0010336463996030727
19.642857142857142,1,0.0208750451467745,42.544518981813845,0.02109445295815879
19.646825396825395,1,0.028075752238167367,43.755914199575095,0.02847359064698985
19.65079365079365,1,-0.021306283231787952,42.833499804251225,-0.021080907854345018
19.654761904761905,1,-0.0023481014498278377,42.73304039186318,-0.002345346816093471
19.658730158730158,1,-0.04630585753572701,40.79936604410149,-0.04525009992338082
19.66269841269841,1,0.027902687752528615,41.95380914877488,0.028295613795211866
19.666666666666664,1,0.05163689495738624,44.17708102984269,0.05299332590239271
19.67063492063492,1,0.0016210670706986218,44.248753118115516,0.0016223817101994344
19.674603174603174,1,-0.05394204753004145,41.92511897057069,-0.052512985876511105
19.678571428571427,1,0.014945773484398184,42.55642825320395,0.015058020063733604
19.68253968253968,1,-0.023177731079284652,41.58140980961902,-0.022911190708574624
19.686507936507937,1,-0.017111660206136914,40.8759359822751,-0.016966087262888483
19.69047619047619,1,0.015391415600999998,41.50994110317282,0.015510473476928827
19.694444444444443,1,0.0060173356632907075,41.76047336456392,0.006035476195170047
19.698412698412696,1,-0.012696010466294323,41.233633417094296,-0.012615756121114414
19.702380952380953,1,-0.016765348769499647,40.54809983386149,-0.016625592421079433
19.706349206349206,1,0.002773945156314741,40.660734187528654,0.0027777961021274227
19.71031746031746,1,-0.010714387514876666,40.22740489920274,-0.010657192915587851
19.71428571428571,1,-0.028346973973127163,39.10309044183493,-0.027948968127200234
19.71825396825397,1,-0.008776629905474755,38.76139873305288,-0.008738227718607564
19.72222222222222,1,0.008160104395605718,39.07898981915057,0.008193488792417436
19.726190476190474,1,-0.0048846109286653375,38.888569601346774,-0.004872700617007076
19.730158730158728,1,-0.036013894225551187,37.512959976234065,-0.03537310935357915
19.734126984126984,1,0.024525260495859715,38.444349694816175,0.02482847845577057
19.738095238095237,1,-0.0694083868258875,35.8664868763871,-0.06705440042276682
19.74206349206349,1,-0.0116441701028257,35.45127350123257,-0.011576639122352652
19.746031746031743,1,-0.016024357532599263,34.88771699426161,-0.015896650566061175
19.75,1,0.003336931368892467,35.00432936702353,0.0033425051223927218
19.753968253968253,1,0.013755721882879322,35.48916618164351,0.013850767130443802
19.757936507936506,1,0.027994979067156284,36.49672209686627,0.028390520928719583
19.76190476190476,1,-0.018347740898542363,35.833195417986865,-0.018180445825198604
19.765873015873016,1,0.01438366020362595,36.35233252041796,0.01448760280447954
19.76984126984127,1,0.004537334188583464,36.51764996823027,0.004547643475682468
19.773809523809522,1,-0.04352356392853667,34.96236301815234,-0.04259000651550706
19.777777777777775,1,0.047492287675039636,36.66286640417873,0.048638113652200346
19.78174603174603,1,-0.03665055091323379,35.343477995579164,-0.035987050059162175
19.785714285714285,1,0.01017351230033125,35.70488055328446,0.010225438417535178
19.789682539682538,1,0.009429241590068561,36.0431427697918,0.00947383694513468
19.79365079365079,1,0.006548568681505851,36.27994828805888,0.006570057438652497
19.797619047619047,1,-0.012858991438742641,35.81641143908625,-0.012776667852230545
19.8015873015873,1,0.02044798209209501,36.556323855886454,0.020658474343767868
19.805555555555554,1,-0.03971439006280148,35.13296278544777,-0.03893611064531261
19.80952380952381,1,-0.002055554958157068,35.060819222531,-0.0020534437518786677
19.813492063492063,1,-0.014605131727918627,34.55247261016289,-0.014498994137634077
19.817460317460316,1,-0.017463129379732045,33.954316351758244,-0.017311532669552293
19.82142857142857,1,0.01040660337242471,34.30951043122179,0.010460940393669791
19.825396825396826,1,0.02675308190836095,35.23978393106973,0.027114158382201613
19.82936507936508,1,-0.009046057605495523,34.922440333900994,-0.009005265122779655
19.833333333333332,1,0.019274489052645644,35.60208135374811,0.019461441220857426
19.837301587301585,1,0.0008565215633009994,35.63258836721835,0.0008568884826458318
19.841269841269842,1,-0.02289156266369254,34.82616806317009,-0.022631538740255013
19.845238095238095,2,-0.0030117956613542867,34.721436555413696,-0.003007264754664536
19.849206349206348,2,-0.003535072324796486,34.59891046286688,-0.003528831312934427
19.8531746031746,2,-0.008538994651797279,34.30472834872402,-0.008502640985142747
19.857142857142858,2,0.005636472715523656,34.4986319669451,0.005652387514920928
19.86111111111111,2,0.0031943593274103566,34.60900919215427,0.003199466730011746
19.865079365079364,2,-0.019802207260194327,33.93041542077118,-0.019607431337182745
19.869047619047617,2,-0.020569176510294208,33.239623582025615,-0.02035907401011932
19.873015873015873,2,0.005588616423132731,33.4259071370989,0.005604261871786992
19.876984126984127,2,-0.010033548275601467,33.09220359901066,-0.009983380158375972
19.88095238095238,2,0.004043456105248313,33.22628135777962,0.00405164190313872
19.884920634920633,2,0.010076908317305356,33.56279219562515,0.010127851330156524
19.88888888888889,2,-0.015774405408890572,33.03751298066064,-0.015650641099907877
19.892857142857142,2,-0.01754560258053074,32.462905565239375,-0.017392574790893487
19.896825396825395,2,0.021333951518978288,33.162907977924185,0.02156314724441513
19.90079365079365,2,0.004667470761690146,33.31805667562579,0.004678380370167992
19.904761904761905,2,-0.005043840557356603,33.15042880956317,-0.005031141752792001
19.908730158730158,2,-0.011528448462119568,32.77045028934351,-0.01146225053082953
19.91269841269841,2,-0.0061928549772255126,32.56813474516643,-0.006173718773796313
19.916666666666664,2,-0.014761706281852492,32.09090453797494,-0.01465328643858904
19.92063492063492,2,0.01136804246576476,32.457796775608145,0.011432904211192368
19.924603174603174,2,-0.009548049442975508,32.14936294113566,-0.009502611548306552
19.928571428571427,2,0.014015336049846028,32.603119413690386,0.014114011322263168
19.93253968253968,2,-0.004809354713009038,32.44669589727213,-0.004797808284337816
19.936507936507937,2,-0.012906881505738058,32.030601256519255,-0.012823944911686733
19.94047619047619,2,-0.0051327999304592005,31.866615800909734,-0.0051196496218176395
19.944444444444443,2,-0.0328232985334596,30.837628123703812,-0.03229045982273876
19.948412698412696,2,-0.001283445809860278,30.798075086621687,-0.0012826225455295724
19.952380952380953,2,-0.0019052051093803085,30.739454296653697,-0.0019033913581647853
19.956349206349206,2,0.010628877157001414,31.06792271313694,0.010685564334139898
19.96031746031746,2,-0.023527113029902975,30.345515583189954,-0.023252508274121793
19.96428571428571,2,0.014876235464459889,30.80031709815173,0.01498743739301391
19.96825396825397,2,0.010576674574279655,31.127810873479778,0.010632805314452584
19.97222222222222,2,0.016012361429360567,31.630252535154316,0.016141246286695773
19.976190476190474,2,-0.0004261316651622658,31.61677675440437,-0.00042604088395961176
19.980158730158728,2,0.013011994657674301,32.03086228150436,0.013097019038865624
19.984126984126984,2,-0.01829783730595668,31.45009635869603,-0.0181314482796078
19.988095238095237,2,0.009221650145196703,31.74145950408243,0.009264300562495597
19.99206349206349,2,-0.00947764232795296,31.442046410287155,-0.00943287102966275
19.996031746031743,2,-0.020567612205845007,30.801963644001603,-0.02035754155226156
20.0,2,-0.013924744046448504,30.3760265986562,-0.013828243233718476
20.003968253968253,2,0.00030778103466701245,30.38537720244725,0.0003078284041093435
20.007936507936506,2,-0.010147098623101087,30.078612799724485,-0.010095790507351512
20.01190476190476,2,0.00497617637876597,30.228662309025257,0.004988578106971316
20.015873015873016,2,-0.02254355658032433,29.55482463622003,-0.022291349379494188
20.01984126984127,2,-0.02656081483230446,28.780157844190178,-0.026211178769116203
20.023809523809522,2,0.01752855168178065,29.289079628817053,0.017683078299364063
20.027777777777775,2,0.01162490655859139,29.631549174196284,0.011692738376192481
20.03174603174603,2,-0.012981802282451825,29.249364352750586,-0.012897902137986169
20.035714285714285,2,0.0002003032826433035,29.25522368324764,0.0002003233446852976
20.039682539682538,2,0.013082676862701235,29.640474884896538,0.013168629500840367
20.04365079365079,2,0.005519526471352111,29.804528603575125,0.005534787121855082
20.047619047619047,2,0.0021055307193213854,29.86734906612342,0.002107748905673024
20.0515873015873,2,0.014035739745002577,30.289515180737972,0.014134703206498903
20.055555555555554,2,-0.008968016615594673,30.01909269439306,-0.008927923894829564
20.059523809523807,2,0.0006309067687209592,30.038037918871566,0.0006311058322576779
20.063492063492063,2,1.322353255803412e-05,30.03843513047024,1.322361998932616e-05
20.067460317460316,2,-0.003198383548734873,29.94251417149765,-0.0031932741687762892
20.07142857142857,2,-0.004672992585245991,29.80291944138577,-0.004662091142792224
20.075396825396826,2,0.001156148741760456,29.83739597535907,0.0011568173393582569
20.07936507936508,2,0.0006715889410198054,29.857441170837326,0.0006718145073657837
20.083333333333332,2,-0.012970851475200381,29.472665564237808,-0.012887092513988039
20.087301587301585,2,0.010339774189644454,29.778987190069873,0.010393414371171496
20.091269841269842,2,-0.012063202112150718,29.42191529423146,-0.011990733383890608
20.095238095238095,2,-0.002511387723946795,29.348118162738526,-0.0025082368280558197
20.099206349206348,2,-0.003482089037289754,29.24610311803058,-0.0034760335958257498
20.1031746031746,2,0.004749776679476603,29.385346001104658,0.004761074749416277
20.107142857142858,2,-0.026460104895772135,28.61800341606103,-0.026113103620246037
20.11111111111111,2,0.0114625038613806,28.947924640047667,0.011528450087523305
20.115079365079364,2,-0.008291181427490269,28.708904394278537,-0.008256904380580823
20.119047619047617,2,0.015608188031462234,29.16051360476437,0.015730632011712504
20.123015873015873,2,-0.005786216552112936,28.992271769520986,-0.005769508641847107
20.126984126984127,2,-0.00037727609996597166,28.981335741379358,-0.0003772049402873989
20.13095238095238,2,0.024349532974324493,29.695679404780982,0.024648403709760625
20.134920634920633,2,-0.003256037759638826,29.599146394189813,-0.0032507426173128966
20.13888888888889,2,0.015846136698033433,30.07191439464718,0.01597235251859085
20.142857142857142,2,0.0007300170777288762,30.09387542070201,0.0007302836050483167
20.146825396825395,2,0.005471880547094851,30.258996862608065,0.005486878628881111
20.15079365079365,2,0.0011194906174065405,30.292890493949244,0.001120117480928557
20.154761904761905,2,0.010920021675579995,30.62550227344363,0.010979862735806666
20.158730158730158,2,-0.008398791254677067,30.36936221190212,-0.008363619941789599
20.16269841269841,2,-0.012159750809186591,30.002314462370954,-0.012086119786451225
20.166666666666664,2,-0.007807208537641129,29.768992119973703,-0.007776811441993523
20.17063492063492,2,0.0014943278994581316,29.813510009315273,0.0014954449637444942
20.174603174603174,2,-0.0025439599589403565,29.737762024388132,-0.0025407268350310544
20.178571428571427,2,0.009186717550665979,30.012213167052547,0.00922904495769817
20.18253968253968,2,0.016676169549477707,30.516898334291636,0.016815993023571545
20.186507936507937,2,-0.012056312191079116,30.151186081238514,-0.011983926054574658
20.19047619047619,2,-0.009008790369842068,29.88078021013864,-0.008968332800285143
20.194444444444443,2,-0.01785682059049466,29.351940231483358,-0.017698332337247397
20.198412698412696,2,0.025818390486909683,30.119627669067892,0.026154572117897047
20.202380952380953,2,0.004076570127347455,30.2426630542706,0.004084890641894078
20.206349206349206,2,0.006283036272991877,30.433276993314472,0.00630281594917115
20.21031746031746,2,-0.01664694329426502,29.93084950064028,-0.016509148613360326
20.21428571428571,2,0.0002233547621482394,29.937535445052355,0.00022337970768032643
20.21825396825397,2,0.00665401677341867,30.137404536754108,0.00667620392695995
20.22222222222222,2,-0.0029463523386338716,30.04873980732483,-0.0029420161023209477
20.226190476190474,2,0.013790712224780897,30.466003902202374,0.013886242736071036
20.230158730158728,2,0.02936442967442593,31.37388520395888,0.02979981571166524
20.234126984126984,2,-0.011693774840211243,31.00914281854882,-0.011625668387542757
20.238095238095237,2,-0.012638993671739249,30.619684821733983,-0.012559457031552694
20.24206349206349,2,-0.010820591719843469,30.29014782167415,-0.010762259702487833
20.246031746031743,2,0.020474302540211785,30.916709794264293,0.02068533888572862
20.25,2,0.013370537841078261,31.332858700233214,0.0134603231953913
20.253968253968253,2,-0.0014693947695869926,31.28685217069762,-0.001468315737665211
20.257936507936506,2,0.0006987037143842598,31.308720049215022,0.0006989478646841031
20.26190476190476,2,-0.010049387474054337,30.99566224435795,-0.009999061103902153
20.265873015873016,2,0.011451383426105336,31.35264553246781,0.011517201513409655
20.26984126984127,2,-0.004548217853385884,31.21037066411578,-0.004537890373706673
20.273809523809522,2,-0.003038561167810506,31.1156799783586,-0.0030339494130407576
20.277777777777775,2,0.007908125410410687,31.362722210867364,0.007939477224363863
20.28174603174603,2,-0.0021304183519389955,31.29597761410386,-0.0021281506214526004
20.285714285714285,2,-0.002722198025488196,31.210899617752098,-0.002718496204235236
20.289682539682538,2,0.0003713303042539423,31.222491322645645,0.000371399255885717
20.29365079365079,2,0.010258631565739775,31.544439910189215,0.010311431724541924
20.297619047619047,2,0.020981958157714867,32.213296450383254,0.02120362707654192
20.3015873015873,2,0.007614528412263519,32.45952176659151,0.007643592657072559
20.305555555555554,2,0.010358903144527325,32.79751440277448,0.010412742326070151
20.309523809523807,2,-0.002279829270598257,32.72282683923274,-0.002277232433669869
20.313492063492063,2,-0.008679319640225471,32.440043922406666,-0.008641763079191683
20.317460317460316,2,0.008477547292163084,32.71622494368852,0.00851358345699073
20.32142857142857,2,0.0023955268390225873,32.794691485442314,0.002398398405954899
20.325396825396826,2,-0.017685341012322362,32.219804701465904,-0.017529873218402124
20.32936507936508,2,-0.0038951935061844888,32.09454643838242,-0.0038876170803663853
20.333333333333332,2,-0.0008063090883793933,32.06867874398175,-0.0008059841085569884
20.337301587301585,2,-0.006193069385399201,31.870688906632243,-0.0061739318582513915
20.341269841269842,2,0.018906209009099544,32.478974884336964,0.01908606304327955
20.345238095238095,2,0.006283498861828622,32.683699004361515,0.006303281453727862
20.349206349206348,2,0.017538473044404295,33.26197741547096,0.017693175152307006
20.3531746031746,2,0.0035569415780177813,33.38049898810236,0.003563275001692152
20.357142857142858,2,0.0012634855948874277,33.42270142319406,0.0012642841290884117
20.36111111111111,2,-0.011561928113726435,33.0384959102152,-0.011495345876268584
20.365079365079364,2,0.00038839322902478547,33.05133033056354,0.00038846866344071767
20.369047619047617,2,0.0004025592427158839,33.064638127480755,0.000402640280561645
20.373015873015873,2,-0.016985920719324653,32.50774784225543,-0.016842473311767348
20.376984126984127,2,-0.006559311954763732,32.29521717269497,-0.0065378466263414595
20.38095238095238,2,-0.003834882661281112,32.17160597302911,-0.003827538889268764
20.384920634920633,2,0.005447447837065782,32.3473373275311,0.0054623121596514695
20.38888888888889,2,0.006050560303076085,32.54365014504003,0.006068901916753648
20.392857142857142,2,-0.007085829218121517,32.31386646337348,-0.007060783920747969
20.396825396825395,2,0.0061452969792548835,32.513056182467565,0.006164218055423888
20.40079365079365,2,-0.002055883647814647,32.4462817856362,-0.0020537717665366157
20.404761904761905,2,-0.03591571877627241,31.301628812543512,-0.03527840202631242
20.408730158730158,2,-0.0058685763643403065,31.11847077765224,-0.0058513899065170145
20.41269841269841,2,0.013832074329907133,31.55189444223142,0.013928180072731415
20.416666666666664,2,-0.020950665645493617,30.89773768827125,-0.020732725103333363
20.42063492063492,2,0.0016578709106898004,30.949004634037365,0.0016592459384358975
20.424603174603174,2,0.020210509218145566,31.580863363304005,0.020416124419450024
20.428571428571427,2,-0.009344727226858045,31.28712340700961,-0.009301200949297183
20.43253968253968,2,0.0002651711064720624,31.295420948227253,0.0002652062674377383
20.436507936507937,2,-0.016190965343858634,30.792797829047164,-0.016060596213471404
20.44047619047619,2,0.020739280602197745,31.43808658704754,0.020955833944769606
20.444444444444443,2,-0.0008117971768130894,31.41257559338909,-0.0008114677586312285
20.448412698412696,2,0.0008255382402527433,31.438518582757784,0.0008258790907343857
20.452380952380953,2,0.01730067729612803,31.98715848382698,0.017451200813580724
20.456349206349206,2,0.008571939666067535,32.26252902010964,0.008608783941277289
20.46031746031746,2,-0.010793789842900359,31.916166705845477,-0.010735745918996906
20.46428571428571,2,-0.007916840077510394,31.664489078430158,-0.007885584435464797
20.46825396825397,2,0.0064736435610925035,31.870138627008707,0.006494642881152116
20.47222222222222,2,-0.00762509095093233,31.628050067957943,-0.007596093693976243
20.476190476190474,2,-0.026436663185169625,30.802865582624506,-0.026090273777877294
20.480158730158728,2,-0.00043267577524507597,30.789540811739435,-0.0004325821845804585
20.484126984126984,2,-0.018410831375358913,30.227866082383688,-0.01824238733503906
20.488095238095237,2,0.020601331278766684,30.857059220449674,0.02081500349218009
20.49206349206349,2,0.0024654101161517773,30.933228381935848,0.0024684517387742843
20.496031746031743,2,-0.011166038538677524,30.589747988120557,-0.011103929715136995
20.5,2,-0.00856384584307337,30.328900624475594,-0.008527280569498585
20.503968253968253,2,-0.023566076882093813,29.622523381650904,-0.02329056537758668
20.507936507936506,2,-0.013613822516262222,29.221980253618305,-0.013521573529441888
20.51190476190476,2,0.013042564026606755,29.605606096215645,0.013127989248772466
20.515873015873016,2,0.02835595771643945,30.457117060547777,0.028761814960477274
20.51984126984127,2,0.009389831081661389,30.744451143071764,0.009434053851938046
20.523809523809522,2,-0.0009215317487157198,30.716132205650634,-0.0009211072687343801
20.527777777777775,2,-0.005204081354585676,30.556698168426454,-0.00519056358257396
20.53174603174603,2,-0.01181261929903549,30.19786706606711,-0.01174312422047332
20.535714285714285,2,0.02618870632697264,30.999156711558058,0.026534643779240214
20.539682539682538,2,-0.002139914882949569,30.93289208037413,-0.002137626897418857
20.54365079365079,2,0.026892525698167753,31.776042078272013,0.027257393059371665
20.547619047619047,2,0.01779479080735669,32.346551089550516,0.017954061423798386
20.5515873015873,2,-0.021693878288242686,31.652385740512788,-0.021460258533156792
20.555555555555554,2,-0.008152116305651198,31.39540071969693,-0.008118977915997432
20.559523809523807,2,-0.008191081021163154,31.139288797421678,-0.00815762552489321
20.563492063492063,2,-0.0007678743929357185,31.115386912936874,-0.0007675796528400065
20.567460317460316,2,-0.0005217929250075946,31.09915535931002,-0.0005216568147541191
20.57142857142857,2,0.037987159594822,32.30324919838474,0.038717895234227084
20.575396825396826,2,-0.013333700291461503,31.8753861927161,-0.013245200290564984
20.57936507936508,2,0.0031228452737068323,31.975083680728062,0.003127726434722909
20.583333333333332,2,0.008005362704360293,32.23208313752728,0.0080374912968285
20.587301587301585,2,0.00021828984340297524,32.23911984190053,0.00021831367036453806
20.591269841269842,2,0.0016262400386613434,32.29159104321882,0.0016275630840922952
20.595238095238095,2,-0.012925259532969517,31.876899618657347,-0.012842087093400125
20.599206349206348,2,0.0015796951856205926,31.927295197864463,0.0015809435613248152
20.6031746031746,2,0.006681116974311715,32.141319355850655,0.006703485423985973
20.607142857142858,2,0.004365474644480307,32.281938181178354,0.004375017209805401
20.61111111111111,2,0.007421951376645861,32.522424491615745,0.007449562324532312
20.615079365079364,2,0.01803528192918338,33.11429683546138,0.01819889977754337
20.619047619047617,2,0.012042764079492979,33.51549542112097,0.012115570131326603
20.623015873015873,2,0.0011363229387270815,33.55360149367266,0.0011369687982494498
20.626984126984127,2,-0.014524672360695556,33.06976868794307,-0.01441969816029539
20.63095238095238,2,-0.007321260677202924,32.82854041587765,-0.007294525533024592
20.634920634920633,2,-0.0025289971816006094,32.74562202407371,-0.0025258019623627262
20.63888888888889,2,0.0034173538767300875,32.8577168271588,0.0034231996876609065
20.642857142857142,2,-0.00578833109934367,32.66807486771285,-0.005771610986956565
20.646825396825395,2,-0.01155103494546982,32.29289581802834,-0.011484577870100023
20.65079365079365,2,-0.014731801140692192,31.820650352487135,-0.014623819065417367
20.654761904761905,2,-0.020564789146770783,31.172948143666282,-0.02035477595982603
20.658730158730158,2,-0.002722005393081495,31.08821059105917,-0.002718304095480498
20.66269841269841,2,-0.01827794890563729,30.525143398856496,-0.018111920290600575
20.666666666666664,2,-0.012367343526729606,30.149953298803123,-0.012291182228072033
20.67063492063492,2,-0.0047246018881362435,30.007842744763945,-0.004713458512880104
20.674603174603174,2,-0.016592880822839367,29.514034367833652,-0.0164559772300346
20.678571428571427,2,0.005022523098095596,29.662642167823087,0.0050351571099139705
20.68253968253968,2,0.009564029242928547,29.947697510910654,0.009609910724566737
20.686507936507937,2,-0.006684034561452722,29.748193554140844,-0.006661746089064489
20.69047619047619,2,-0.005267931295619954,29.591894163012345,-0.005254080078645713
20.694444444444443,2,0.00700907389976479,29.80003451949437,0.007033694948199016
20.698412698412696,2,-0.008757397450487344,29.54020315700495,-0.008719163137862663
20.702380952380953,2,-0.009623425108682186,29.257288710617942,-0.00957726813466153
20.706349206349206,2,0.01531255913022936,29.708740292388338,0.015430397062273038
20.71031746031746,2,0.011377813661555202,30.04869108459577,0.011442787168412388
20.71428571428571,2,0.007816912892249204,30.284499531637167,0.007847544719253243
20.71825396825397,2,0.011900121288730038,30.64704161825781,0.0119712094380793
20.72222222222222,2,-0.024673275142765825,29.900130984926278,-0.024371377917487492
20.726190476190474,2,0.017294819870922434,30.421745981473006,0.017445241186725666
20.730158730158728,2,0.005177613614143783,30.57966650055738,0.005191040618791179
20.734126984126984,2,0.012972743675870738,30.978952996732957,0.013057254766604553
20.738095238095237,2,0.005115875165196266,31.137843538558695,0.005128983598719229
20.74206349206349,2,0.0008544900906720405,31.164461888245683,0.0008548552713365815
20.746031746031743,2,-0.003230474807405075,31.063948319917532,-0.0032252624379844803
20.75,2,0.004863679602365096,31.215401422857177,0.00487552649070501
20.753968253968253,2,-0.003689559231932683,31.100442554545698,-0.0036827611714552607
20.757936507936506,2,0.01117230633137569,31.44985445975576,0.011234949618393563
20.76190476190476,2,-0.019749379748910074,30.834832482307277,-0.019555638269661328
20.765873015873016,2,-0.0065851192684911715,30.632448525378734,-0.0065634848849811965
20.76984126984127,2,0.0260004466216783,31.439350315093364,0.026341406859661392
20.773809523809522,2,-0.007649777177755162,31.199763850468152,-0.007620592099519336
20.777777777777775,2,-0.0027690370153570223,31.113490052291933,-0.0027652067685415295
20.78174603174603,2,-0.010881379340626546,30.776767688751903,-0.01082239128346296
20.785714285714285,2,0.00446935299691923,30.914627770861824,0.00447935545097244
20.789682539682538,2,-0.009037970468497804,30.63648111203121,-0.008997250780188185
20.79365079365079,2,-0.002100382733874653,30.572200306855294,-0.0020981784735937675
20.797619047619047,2,0.010932808336350694,30.908274080845096,0.010992789875004773
20.8015873015873,2,-0.00856549634025369,30.64465997687216,-0.008528916991075915
20.805555555555554,2,0.010173661441505107,30.95801967740702,0.01022558908375416
20.809523809523807,2,0.010597210903045497,31.28783280418107,0.010653560215118069
20.813492063492063,2,0.013529292717710249,31.714011500167214,0.01362122773582389
20.817460317460316,2,0.0020087453407748907,31.777780899804892,0.002010764221276217
20.82142857142857,2,0.041074121201958746,33.11020201704456,0.041929331737819577
20.825396825396822,2,0.013523971000895252,33.56102501635146,0.0136158335450454
20.82936507936508,2,0.0043311685748091,33.706698714187176,0.004340561641509924
20.833333333333332,2,-0.010797515080715402,33.344707943825156,-0.01073943115674108
20.837301587301585,2,-0.0009847348072966268,33.311888411193905,-0.000984250115087094
20.841269841269842,2,0.018208126043524092,33.92399118528934,0.018374904674865224
20.845238095238095,2,0.021776206907635723,34.670829173236065,0.022015038969547634
20.849206349206348,2,0.018863291217498447,35.33104244174343,0.019042327058534928
20.8531746031746,2,0.010130588452227245,35.69078582170963,0.010182076584900758
20.857142857142858,2,-0.015581736366943544,35.13897168208805,-0.015460969180620678
20.86111111111111,2,0.006375757229585124,35.36372495964096,0.006396125634703236
20.865079365079364,2,-0.015402104615678189,34.82322229253644,-0.015284098825035236
20.869047619047617,2,-0.018502280285990255,34.184837274146396,-0.01833216389417447
20.873015873015873,2,0.0032512114441557707,34.296160277559565,0.003256502364496131
20.876984126984127,2,0.006829788683629578,34.53119751863136,0.0068531648782146634
20.88095238095238,2,0.011619576869958643,34.93477558506086,0.01168734638327376
20.884920634920633,2,0.006501423141805855,35.1626412664827,0.0065226032686837125
20.88888888888889,2,0.00693544913677352,35.4073576044453,0.006959555060383557
20.892857142857142,2,-0.01216736127469866,34.97915383045942,-0.012093638242355972
20.896825396825395,2,-0.00108448667207462,34.94123996658577,-0.0010838988289255565
20.90079365079365,2,-0.018749791483428088,34.29220267421838,-0.01857510760889009
20.904761904761905,2,-0.025001983336461406,33.44545883978593,-0.024692022337458777
20.908730158730158,2,0.009569316288560689,33.76704524081555,0.009615248592346165
20.91269841269841,2,-0.00925038024889121,33.45612750319339,-0.009207727102113213
20.916666666666664,2,0.01123054312355655,33.833975734958614,0.011293842412847581
20.92063492063492,2,0.01420196217757798,34.31791287315288,0.014303289154820069
20.924603174603174,2,-0.0075645696361278094,34.05929204234698,-0.007536030287209619
20.928571428571427,2,0.007675315963598363,34.3217136664281,0.0077048467054113695
20.93253968253968,2,-0.008091696578803419,34.0451133654409,-0.008059046925088801
20.936507936507937,2,-0.023017792631477862,33.27042007426369,-0.02275490414326499
20.94047619047619,2,0.0017916477070010865,33.330082377055035,0.0017932536667155524
20.944444444444443,2,-0.005694358021924021,33.14082830670795,-0.005678175895460246
20.948412698412696,2,-0.005306505127362011,32.96543211335459,-0.005292450500335004
20.952380952380953,2,0.025125079256391503,33.80418393821479,0.025443374198040856
20.956349206349206,2,-0.01898589577410489,33.16843544944318,-0.018806798884232236
20.96031746031746,2,0.005061818135132657,33.336753676254276,0.005074650779583677
20.96428571428571,2,-0.01229529786634414,32.929377895244436,-0.012220019530576122
20.96825396825397,2,0.011681113401706649,33.31628504644553,0.011749604029323691
20.97222222222222,2,0.003997975401775271,33.44974935026934,0.004005977966563553
20.976190476190474,2,0.005017384805664535,33.61800135396949,0.005029992958640713
20.980158730158728,2,-0.011666394974202375,33.22807938628289,-0.011598606460302323
20.984126984126984,2,-0.0094074058348466,32.91695508916741,-0.009363294624964708
20.988095238095237,2,0.011920353549979452,33.31168481649562,0.011991684111089307
20.99206349206349,2,0.022548049494718524,34.071330413450454,0.02280417820772212
20.996031746031743,2,0.00628940493874031,34.28629409544136,0.006309224775855452
21.0,2,-0.011068343088369278,33.90889407847474,-0.01100731434887845
21.003968253968253,2,0.004508319238925296,34.06211131461524,0.0045184969992216086
21.007936507936506,2,0.03082136830418511,35.1282984647761,0.031301264337756415
21.01190476190476,2,0.0015285013606784813,35.18203317310345,0.0015296701142879163
21.015873015873016,2,0.018655558906230496,35.84453411400408,0.018830661026353394
21.01984126984127,2,-0.009089178048987569,35.52021290074861,-0.009047996333944833
21.023809523809522,2,-0.00029213917283096386,35.509837570726965,-0.0002920965043379599
21.027777777777775,2,0.00804388312569837,35.79662645572944,0.008076322073601972
21.03174603174603,2,0.0052439613929026125,35.984835632388666,0.0052577350240528686
21.035714285714285,2,-0.009417494548519834,35.647539374699626,-0.009373288824625039
21.039682539682538,2,-0.009960866064442657,35.29422160625659,-0.009911420946316267
21.04365079365079,2,0.01268930835815974,35.74493443677919,0.012770159250166805
21.047619047619047,2,0.015250224403662856,36.294230506654806,0.015367102458871237
21.0515873015873,2,0.019289313340090215,37.0011170514456,0.019476554122319464
21.055555555555554,2,0.022965483053026932,37.86069814634975,0.023231220119895514
21.059523809523807,2,0.0019341407149775513,37.93399692635918,0.0019360123716181397
21.063492063492063,2,-0.003682646706800229,37.794556330318215,-0.003675874079698391
21.067460317460316,2,0.017258981178616746,38.4525133685562,0.017408777933190452
21.07142857142857,2,0.009221923749232008,38.80875962801766,0.009264576701318696
21.075396825396822,2,-0.01213967756515277,38.3404819205155,-0.012066288951015365
21.07936507936508,2,-0.012784490081951337,37.85343834518932,-0.012703115634693524
21.083333333333332,2,0.006435833215193919,38.0978423892332,0.0064565876900042115
21.087301587301585,2,-0.001995355562094398,38.0218994393087,-0.0019933661635905867
21.091269841269842,2,-9.489089241227772e-05,38.01829167851421,-9.488639041394699e-05
21.095238095238095,2,0.013750745504011974,38.54468236983055,0.013845721837465266
21.099206349206348,2,0.00980106438805182,38.92431866442697,0.009849252121313956
21.1031746031746,2,0.016992923288346628,39.59140847624585,0.017138124306554255
21.107142857142858,2,-0.024096972313361567,38.64877828138318,-0.023808958335701545
21.11111111111111,2,0.0034306089129001365,38.781594815159615,0.0034365001866157353
21.115079365079364,2,0.008990347947209206,39.131826841389575,0.009030882507520429
21.119047619047617,2,-0.018995078722781434,38.39552985821198,-0.018815809089669667
21.123015873015873,2,-0.008012814293363547,38.08910291835958,-0.007980797269473587
21.126984126984127,2,-0.010351022476962252,37.69687523874126,-0.010297635007550989
21.13095238095238,2,0.0005114664977594143,37.71616085905002,0.0005115973190511981
21.134920634920633,2,0.020747127485209602,38.506836620503094,0.020963845297190874
21.13888888888889,2,0.025720326519702436,39.510091749603006,0.02605394826345513
21.142857142857142,2,-0.010020963624415305,39.11613974345136,-0.009970921066150263
21.146825396825395,2,0.006872093027828286,39.385875256892845,0.006895760042033112
21.15079365079365,2,0.00727828642821718,39.6735826766727,0.0073048375313053615
21.154761904761905,2,0.005121720919940797,39.87730094376361,0.00513485935341806
21.158730158730158,2,0.005264766150949524,40.08779923388833,0.0052786493855631915
21.16269841269841,2,0.0040648910670792425,40.2510834122588,0.004073163942420417
21.166666666666664,2,0.021499480283985788,41.12583039515169,0.021732259326626594
21.17063492063492,2,0.014127867741876658,41.71097437341772,0.014228137709166507
21.174603174603174,2,-0.013118588402385006,41.167358799443946,-0.013032914769793081
21.178571428571427,2,0.010263238538006888,41.59204482193978,0.010316086212010566
21.18253968253968,2,0.011480942978918132,42.072312403868764,0.011547101951468453
21.186507936507937,2,0.0042063100615443,42.24965431089308,0.004215169000504097
21.19047619047619,2,0.014492702436323932,42.86642451697688,0.014598230829187556
21.194444444444443,2,0.002607605346780402,42.97834909889358,0.0026110081066448017
21.198412698412696,2,0.0027637511231601007,43.09729485200445,0.0027675738041305314
21.202380952380953,2,0.0017655825239689163,43.1734538953794,0.0017671420825014254
21.206349206349206,2,-0.025189390171680145,42.09952352959891,-0.02487478459293325
21.21031746031746,2,-0.0007748293146854931,42.06691621881536,-0.000774529211966511
21.21428571428571,2,-0.008181070635632602,41.72416774222972,-0.00814769675064383
21.21825396825397,2,-0.014709744256251864,41.11490791928373,-0.014602084497166693
21.22222222222222,2,0.018305027414000894,41.87444792781701,0.018473591380148674
21.226190476190474,2,0.006590512872434122,42.151333422413366,0.006612278090773741
21.230158730158728,2,-0.0001377410548548157,42.145527853126005,-0.0001377315689912554
21.234126984126984,2,-0.006877758127013899,41.85665564173934,-0.006854160479217808
21.238095238095237,2,0.003969481270614022,42.023135052212425,0.003977370096120838
21.24206349206349,2,0.012729015922531268,42.56146715766467,0.012810374684881993
21.246031746031743,2,-0.010180695070333114,42.13036004736018,-0.010129047213233783
21.25,2,0.0001772634653278626,42.137828882933974,0.00017727917742431246
21.253968253968253,2,0.011174705130603518,42.61134748340706,0.011237375370919305
21.257936507936506,2,-0.024153226311889833,41.594475765153696,-0.023863871440567293
21.26190476190476,2,-0.0004872155921989273,41.57421522403813,-0.0004870969219557332
21.265873015873016,2,-0.005170467649785073,41.359811849662684,-0.005157123789830858
21.26984126984127,2,-0.001448002483880804,41.299966078240985,-0.001446954634108189
21.273809523809522,2,-0.00608183052708762,41.049548952919686,-0.006063373631999588
21.277777777777775,2,0.0019720022841045195,41.130578626307845,0.0019739479593572536
21.28174603174603,2,0.024473520192537814,42.14960742171215,0.024775454891181835
21.285714285714285,2,-0.0038429443337130932,41.987939665758034,-0.0038355696729651823
21.289682539682538,2,0.0039133084988700354,42.152573347996295,0.003920975488409843
21.29365079365079,2,0.02536953786546337,43.235645078981996,0.02569408330173012
21.297619047619047,2,-0.0066914497027863685,42.94730172797599,-0.006669111805300408
21.3015873015873,2,0.023100855636121017,43.95096930151924,0.023369746949421476
21.305555555555554,2,0.0003051588179165451,43.96438337396473,0.00030520538360514425
21.309523809523807,2,0.022687877503634168,44.97324308661746,0.022947204878805787
21.313492063492063,2,0.009689740999470736,45.41114029307572,0.00973683853785835
21.317460317460316,2,0.004107296918768295,45.598040895063264,0.004115743422898704
21.32142857142857,2,-0.0005887736316547592,45.57120187275878,-0.0005886003384719141
21.325396825396822,2,-0.007624087893900269,45.2250841169021,-0.007595098255760137
21.32936507936508,2,0.0011929790127895418,45.279068888052116,0.0011936908953108438
21.333333333333332,2,0.011543786936671728,45.804789376570525,0.011610673572334472
21.337301587301585,2,7.290673452679003e-05,45.80812897592782,7.290939228734886e-05
21.341269841269842,2,-0.0037509771505017065,45.63662558456824,-0.0037439510234026398
21.345238095238095,2,-0.002921467707585444,45.50349422081916,-0.002917204373543687
21.349206349206348,2,0.012742125245658611,46.08701519687331,0.012823652030378777
21.3531746031746,2,0.015673678695696407,46.81505892236516,0.015797155063781602
21.357142857142858,2,-0.008167211173714673,46.43426756840564,-0.008133950116158478
21.36111111111111,2,-0.008185320001921723,46.05573952929721,-0.008151911485430062
21.365079365079364,2,0.005017568376539568,46.2874080718538,0.005030177452892889
21.369047619047617,2,0.019483190300117657,47.19807701304773,0.019674226298873106
21.373015873015873,2,0.014676216003263192,47.895874172238145,0.014784440455011014
21.376984126984127,2,-0.015533760150638617,47.15761992768548,-0.015413733590034048
21.38095238095238,2,-0.003088949256317251,47.012177180958794,-0.0030841833610290165
21.384920634920633,2,-0.011486407499529266,46.47526565194494,-0.011420690578680918
21.38888888888889,2,-0.00313224574087376,46.32992144476813,-0.003127345376899746
21.392857142857142,2,0.02045176119283654,47.287205641059906,0.020662331522253437
21.396825396825395,2,-0.017684988245900025,46.4582833102391,-0.017529526635869316
21.40079365079365,2,-0.020157690343490603,45.53116727327457,-0.019955882372438134
21.404761904761905,2,-0.010200705893976028,45.06907805189365,-0.010148855148112035
21.408730158730158,2,0.0038578685878485263,45.243284449025374,0.003865319741645218
21.41269841269841,2,0.008058870859809273,45.60936736185164,0.008091430966704463
21.416666666666664,2,0.005749427476466927,45.87235038823669,0.005765987155634053
21.42063492063492,2,0.015050339033323638,46.56796631113591,0.01516416571228504
21.424603174603174,2,-0.02197469534506434,45.555811069556704,-0.02173501060399905
21.428571428571427,2,0.015209728354043406,46.25399874370416,0.01532598493486237
21.43253968253968,2,-0.0036939362009028513,46.08345460681403,-0.003687122011550419
21.436507936507937,2,0.009454057281916745,46.521196182972176,0.009498888047630048
21.44047619047619,2,-0.016435497895023635,45.762846161856295,-0.016301172010565596
21.444444444444443,2,0.0003005437505252255,45.77660196628347,0.0003005889183230685
21.448412698412696,2,0.0032148271478672566,45.92400263590876,0.0032200002467166837
21.452380952380953,2,0.014799189632027147,46.60869460623694,0.014909239853427137
21.456349206349206,2,-0.019734235695884277,45.69792388083846,-0.01954079025582917
21.46031746031746,2,0.0006255409314514293,45.72651874540495,0.0006257366229821168
21.46428571428571,2,-0.013434584258823275,45.11631010408074,-0.01334474300835637
21.46825396825397,2,0.006606746770009563,45.415368955382135,0.006628619464036179
21.47222222222222,2,0.010030103191951792,45.87318190998836,0.010080573275888148
21.476190476190474,2,0.01645491598418619,46.63426587783445,0.016591043746202124
21.480158730158728,2,-0.006502642286640735,46.33200374487376,-0.006481545860559228
21.484126984126984,2,0.011920050905547286,46.887588307746405,0.011991377837487058
21.488095238095237,2,0.01738384361570141,47.70980071051096,0.017535822004065615
21.49206349206349,2,-0.020464870594752466,46.74334870035078,-0.02025688633713504
21.496031746031743,2,0.00795291607225818,47.11657678814402,0.00798462451173185
21.5,2,0.012314201935042287,47.700366906783934,0.012390333900208203
21.503968253968253,2,-0.003021550838055078,47.556455350712554,-0.0030169905475277686
21.507936507936506,2,-0.01501621800066391,46.847672189447174,-0.01490403681347473
21.51190476190476,2,0.01211822108572878,47.4188363957891,0.012191944223657296
21.515873015873016,2,-0.014874295491164216,46.71873428202199,-0.014764219600911123
21.51984126984127,2,-0.0020089216270831925,46.624974216177705,-0.002006905094609243
21.523809523809522,2,-0.00026742037399232955,46.612507415148016,-0.0002673846203512715
21.527777777777775,2,0.009253027325773617,47.045815835713675,0.009295968927533585
21.53174603174603,2,-0.007656720333974915,46.68697470715644,-0.007627482320857686
21.535714285714285,2,-0.008386848534522531,46.297055503950055,-0.008351777035289389
21.539682539682538,2,0.0014843131315337257,46.36582585712892,0.0014854152695084465
21.54365079365079,2,0.012917423455263673,46.96863787052984,0.01300121376589783
21.547619047619047,2,0.02905725637248935,48.35343945620326,0.029483537280571296
21.5515873015873,2,-0.018754382670094834,47.45505123954567,-0.018579613503426743
21.555555555555554,2,0.0042110312237742505,47.65530728835364,0.004219910074422407
21.559523809523807,2,-0.01345095938179513,47.01858951811707,-0.013360899477237993
21.563492063492063,2,0.013073910392578977,47.63734228996486,0.013159747627252437
21.567460317460316,2,-0.011586454602552029,47.08857963203022,-0.011519590127307605
21.57142857142857,2,-0.0082616733703013,46.701151772516724,-0.008227639536826302
21.575396825396822,2,-0.007186019752098694,46.366759287903236,-0.007160262047547293
21.57936507936508,2,-0.0007219211524745313,46.333298223180044,-0.000721660630095313
21.583333333333332,2,0.0043100022172469065,46.53342580661911,0.004319303635046082
21.587301587301585,2,0.006332159982397593,46.82901778352245,0.006352250490470071
21.591269841269842,2,0.00016543098631083644,46.83676539495217,0.00016544467077105317
21.595238095238095,2,-0.016516956743786653,46.06951830305421,-0.016381299721023312
21.599206349206348,2,0.009407338863608736,46.504954811139,0.009451726957951104
21.6031746031746,2,-0.00042912120866040403,46.48500282993706,-0.0004290291493232185
21.607142857142858,2,0.014874577827574936,47.18161568951354,0.014985754913794393
21.61111111111111,2,-0.008678575255715694,46.77391816279847,-0.008641025127201819
21.615079365079364,2,-0.019948668859878827,45.85008600531929,-0.019751010686420652
21.619047619047617,2,-0.0001905921009953985,45.84134817380401,-0.00019057393947475004
21.623015873015873,2,0.01656556440050369,46.60706069889974,0.016703534158563415
21.626984126984127,2,0.0022657755664640617,46.71278156290266,0.002268344375671523
21.63095238095238,2,-0.0022775077759123272,46.606513898309444,-0.002274916222878398
21.634920634920633,2,-0.01072724649070624,46.10922636733258,-0.010669914769036134
21.63888888888889,2,0.022383871113172187,47.15296724905731,0.022636269656959356
21.642857142857142,2,-0.012733678168056713,46.556343210376326,-0.012652947915868613
21.646825396825395,2,-0.008901013372184007,46.14378340094619,-0.00886151662655044
21.65079365079365,2,0.007419851055433112,46.48743675262919,0.0074474463590678925
21.654761904761905,2,-0.02314556749348086,45.42381519291926,-0.02287976352341628
21.658730158730158,2,0.016296428209539852,46.170125717534376,0.0164299392608363
21.66269841269841,2,0.008102189287133611,46.545724346408655,0.008135100847941541
21.666666666666664,2,0.011567341843782194,47.08726068097139,0.011634502248422447
21.67063492063492,2,0.007269708648063092,47.43081861716055,0.007296197128918657
21.674603174603174,2,-0.0017918702740644268,47.34590484315974,-0.0017902658329847292
21.678571428571427,2,-0.013156319494049232,46.72708660339068,-0.013070153412823731
21.68253968253968,2,-0.0015266894393756697,46.655803281333476,-0.001525524641890265
21.686507936507937,2,-0.012048727382939665,46.097033220620006,-0.011976432113795073
21.69047619047619,2,0.0063630764238838304,46.391287353855056,0.0063833638018908605
21.694444444444443,2,0.010402565687681468,46.87639457316405,0.010456860479183833
21.698412698412696,2,0.018844135105638864,47.76811514982959,0.019022806356699118
21.702380952380953,2,0.004921927249543464,48.00380588797041,0.00493405983052833
21.706349206349206,2,0.011886649818522502,48.577815083083564,0.011957576789906586
21.71031746031746,2,-0.0035055765623932954,48.40781997260363,-0.0034994392026319837
21.71428571428571,2,-0.005787630309225722,48.128462594934284,-0.005770914241282424
21.71825396825397,2,0.006205800124490458,48.428066894769756,0.006225095996874628
21.72222222222222,2,-0.0046310052841983815,48.204314759622804,-0.004620298712999412
21.726190476190474,2,0.003629517398622531,48.37959105048986,0.003636112072977328
21.730158730158728,2,-0.01313166964869378,47.74843935055002,-0.013045825444889586
21.734126984126984,2,-0.010869369508488144,47.23225430476312,-0.010810511355089378
21.738095238095237,2,0.008243499958246555,47.623222650896686,0.008277571161665623
21.74206349206349,2,0.011409340140541142,48.169683648545984,0.011474674900838856
21.746031746031743,2,-0.012180005244297604,47.58653523374308,-0.012106129221392694
21.75,2,0.008687041386862092,48.00172219694936,0.008724883229403181
21.753968253968253,2,-0.006473743358971215,47.69197506016696,-0.0064528338277432375
21.757936507936506,2,0.0004460409122443907,47.713252377153715,0.00044614040328389676
21.76190476190476,2,0.01808991688468455,48.58423540025519,0.018254530548802574
21.765873015873016,2,0.010411478133733982,49.09271150551658,0.010465866161572517
21.76984126984127,2,0.010265139789282377,49.599250450337394,0.010318007078584148
21.773809523809522,2,0.024286593302071283,50.8185941928174,0.024583914704536074
21.777777777777775,2,-0.008629950901970393,50.38191917216968,-0.008592819765751249
21.78174603174603,2,-0.012182761941106183,49.7718519421551,-0.0121088525415198
21.785714285714285,2,-0.008859790205743965,49.33283146224152,-0.008820657917728313
21.789682539682538,2,-0.0029683166462755772,49.18661311593954,-0.00296391555011191
21.79365079365079,2,-0.029426454165384357,47.76031388383879,-0.028997711811113536
21.797619047619047,2,-0.0023752549009162017,47.647005585534565,-0.0023724362151347784
21.8015873015873,2,-0.00662285108513508,47.33248921006131,-0.006600968342252964
21.805555555555554,2,0.010112540153106692,47.813569278764305,0.010163844681144254
21.809523809523807,2,0.004678162066954202,48.03777292645486,0.004689121750844315
21.813492063492063,2,-0.007329970907013342,47.68694479923607,-0.0073031721881840275
21.817460317460316,2,0.007670903238550845,48.05415334852962,0.007700399990804879
21.82142857142857,2,0.009350353279872981,48.50558388740419,0.009394204401031147
21.825396825396822,2,-0.009444671575970459,48.04962117640212,-0.00940021074811739
21.82936507936508,2,-0.005973426524117511,47.76345583950797,-0.005955621082704374
21.833333333333332,2,-0.027798845570758877,46.4539722990735,-0.02741601329758333
21.837301587301585,2,-0.01350292884339623,45.83092357455261,-0.01341217324774009
21.841269841269842,2,-0.009116141966267775,45.41502096269052,-0.009074715921566345
21.845238095238095,2,0.0011725012332953813,45.46830136034141,0.0011731888815963195
21.849206349206348,2,-0.011672606968447557,44.94065325449789,-0.011604746385000314
21.8531746031746,2,-0.00623079175192333,44.6615079540902,-0.006211420622368172
21.857142857142858,2,-0.015199620272784906,43.98780299254196,-0.015084689084855468
21.86111111111111,2,0.002393927720859441,44.09323275877497,0.002396795453750954
21.865079365079364,2,0.00560159498458262,44.340918259526724,0.005617313253187859
21.869047619047617,2,0.005307422133850981,44.576879850523426,0.005321531449024362
21.873015873015873,2,0.00039383086164086767,44.59443905897635,0.0003939084231963686
21.876984126984127,2,-0.01917759952828477,43.747373072668935,-0.018994879276027304
21.88095238095238,2,-0.007572586757351462,43.417343460706405,-0.0075439869592700695
21.884920634920633,2,-0.004893486487104696,43.20540027067984,-0.004881532888311623
21.88888888888889,2,-0.004842948109075947,42.99666461508759,-0.004831239944186137
21.892857142857142,2,0.0011827697895325211,43.047549857876774,0.0011834695375731233
21.896825396825395,2,0.018198228356797328,43.83811058496922,0.018364825168970332
21.90079365079365,2,0.010469545806766041,44.299486676551275,0.010524543266703832
21.904761904761905,2,-0.012203459336829894,43.76216495250062,-0.012129299103934671
21.908730158730158,2,0.008785168079743126,44.148316647344174,0.008823870922809358
21.91269841269841,2,0.008305146803473254,44.51650169736345,0.008339730208975478
21.916666666666664,2,-0.00991740034937202,44.077195715177325,-0.009868385102959353
21.92063492063492,2,0.010932800608241745,44.56172672157585,0.010992782061942374
21.924603174603174,2,-0.001782460451506234,44.4823679539875,-0.001780872812317097
21.928571428571427,2,-0.017525649022599107,43.70957719535115,-0.01737296808109937
21.93253968253968,2,0.005973110502423295,43.971440620977866,0.005990985098217203
21.936507936507937,2,0.002971557282281391,44.10229860527431,0.0029759767350904967
21.94047619047619,2,-0.0026303732662784833,43.98644553325093,-0.0026269168657238836
21.944444444444443,2,-0.000233769279514182,43.9761640553639,-0.00023374195760520884
21.948412698412696,2,-0.00882153023112694,43.58993307352695,-0.008782734695793198
21.952380952380953,2,0.007925017049246199,43.93675651193022,0.007956503117778409
21.956349206349206,2,-0.0003093313010408534,43.92316759972117,-0.0003092834630466751
21.96031746031746,2,0.0023351535576248074,44.025854789319595,0.002337882152176043
21.96428571428571,2,0.00473766054663724,44.23492921535311,0.004748901004512296
21.96825396825397,2,-0.014308316205260787,43.60650840389946,-0.014206438726153361
21.97222222222222,2,-0.01102881179812973,43.12822273883305,-0.010968217419206238
21.976190476190474,2,-0.02760458786385483,41.95396790078661,-0.027227063010624376
21.980158730158728,2,0.007353178908640822,42.26359992740281,0.007380279914129141
21.984126984126984,2,-0.015034315521969743,41.632948218229565,-0.014921864447338309
21.988095238095237,2,0.0019083165893517837,41.712472918997335,0.00191013858425108
21.99206349206349,2,0.004912107535825463,41.91787313252413,0.0049241917142064445
21.996031746031743,2,0.007827027682016017,42.24725283638711,0.007857738936841175
22.0,2,-0.014931092039646173,41.62114111368334,-0.014820176003598409
22.003968253968253,2,-0.0005828639839372551,41.596888718168344,-0.0005826941517233324
22.007936507936506,2,0.0212816505387843,42.49162614269381,0.021509719887647934
22.01190476190476,2,0.021836430057837045,43.42969634247627,0.022076589788121
22.015873015873016,2,0.01267719700221978,43.98376777466309,0.012757893304561523
22.01984126984127,2,0.00449010911669166,44.18170373581628,0.004500204761157755
22.023809523809522,2,-0.012425054981176447,43.63613998627869,-0.012348182695709855
22.027777777777775,2,0.009291876702560695,44.04349121665753,0.009335180208582114
22.03174603174603,2,-0.0017527851101571041,43.96636005797409,-0.0017512498794434238
22.035714285714285,2,0.007300087710437629,44.28849271044416,0.007326798307736078
22.039682539682538,2,-0.007734982858922062,43.94724345844785,-0.0077051448607065405
22.04365079365079,2,-0.0019406571905843937,43.86203962687892,-0.0019387753329623977
22.047619047619047,2,0.0023061575863332962,43.96330912914963,0.0023088188130826735
22.0515873015873,2,0.003340907540268386,44.11043210539997,0.003346494592073235
22.055555555555554,2,0.006458416757550334,44.39623759132326,0.006479317301638809
22.059523809523807,2,-0.007059075665089466,44.08394473717368,-0.007034218913420409
22.063492063492063,2,-0.01668569809668214,43.354476115330534,-0.01654726286842488
22.067460317460316,2,0.020708462616728644,44.261641241930334,0.02092437062753502
22.07142857142857,2,0.03159974991079308,45.68263125892139,0.03210432277520056
22.075396825396822,2,0.005875066348862595,45.95180969488813,0.005892358398558202
22.07936507936508,2,-0.016442637240339734,45.20241862402731,-0.016308194951116024
22.083333333333332,2,-0.009503247590932289,44.77488355157184,-0.009458234436778975
22.087301587301585,2,0.0066523736942981845,45.07373574519308,0.006674549879667054
22.09126984126984,2,0.017134563751880726,45.85270917040888,0.017282202425364133
22.095238095238095,2,-0.015042890411986093,45.16811394635489,-0.014930311347792512
22.099206349206348,2,-0.0013283510655682825,45.108154666367874,-0.001327469197811463
22.1031746031746,2,0.0027066072208677284,45.230410097590244,0.002710273389071361
22.107142857142858,2,0.011130759861941886,45.7366712395685,0.011192937249207696
22.11111111111111,2,-0.004090871647585866,45.5499505734801,-0.004082515430787623
22.115079365079364,2,-0.019464117951557385,44.67193359553218,-0.019275915053552983
22.119047619047617,2,0.008064448844536384,45.033644658651156,0.00809705410099279
22.123015873015873,2,0.014409192378723642,45.68724069504148,0.014513505210259755
22.126984126984127,2,-0.0008024593723571423,45.650593246559424,-0.0008021374879404801
22.13095238095238,2,0.0053436404898567855,45.89518653229079,0.005357943201533611
22.134920634920633,2,-0.005739932344501532,45.632505872472336,-0.005723490406420932
22.13888888888889,2,-0.010417640383375228,45.15959044493766,-0.010363564711004965
22.142857142857142,2,0.013169843285800804,45.75826877070243,0.013256947635402671
22.146825396825395,2,0.00512008403517712,45.99315575953836,0.005133214064827919
22.15079365079365,2,0.006416158879868752,46.289203884561836,0.006436786520395838
22.154761904761905,2,0.019162967248460616,47.18479607810056,0.019347755380978222
22.158730158730158,2,-0.013051668995189515,46.572957182791285,-0.012966865307557232
22.16269841269841,2,-0.006716782012975641,46.26118500670384,-0.006694274852760335
22.166666666666664,2,0.0022278684035248433,46.36436373072304,0.0022303519463296078
22.17063492063492,2,-0.00687158327932338,46.046859272660626,-0.006848027935990555
22.174603174603174,2,0.010104688166379362,46.51450716563567,0.010155912919183475
22.178571428571427,2,-0.002122913020948565,46.4158656534322,-0.002120661234831854
22.18253968253968,2,-0.012266642746239564,45.849976686383506,-0.012191714171054071
22.186507936507937,2,0.0010667404564698574,45.89891280787284,0.0010673096264381438
22.19047619047619,2,0.00238416202946281,46.00847380667214,0.0023870064037880795
22.194444444444443,2,0.012013982349221535,46.56455247003584,0.012086440113191727
22.198412698412696,2,0.005191205047311501,46.80690712193034,0.005204702698483949
22.202380952380953,2,0.00604799366444281,47.09085278492279,0.0060663197047560544
22.206349206349206,2,0.004273391156596193,47.29252101548379,0.004282535113179416
22.21031746031746,2,-0.00213328563085718,47.19174009541915,-0.002131011794267481
22.21428571428571,2,-0.008785417441976903,46.77895685043101,-0.00874693842934177
22.21825396825397,2,0.003877116417088235,46.96067635821915,0.003884642155855939
22.22222222222222,2,-0.003958882314689177,46.7751320834052,-0.003951056270966627
22.226190476190474,2,0.021527859111897234,47.79301767445786,0.02176125530201955
22.230158730158728,2,0.017148002695637737,48.61963967263942,0.01729587371553118
22.234126984126984,2,0.008211118876724979,49.020504837220756,0.008244922572038633
22.238095238095237,2,0.0050063304801381886,49.26653302007728,0.005018883091340965
22.24206349206349,2,-0.0008700846402545073,49.223685609557926,-0.0008697062263725633
22.246031746031743,2,-0.015650570312506436,48.45930396349553,-0.015528736554298029
22.25,2,-0.0024854187774754188,48.33901184954409,-0.0024823326815021267
22.253968253968253,2,0.0015156155777331008,48.41233075651925,0.0015167647034938047
22.257936507936506,2,0.0031289750861629717,48.564048970792875,0.003133875438401608
22.26190476190476,2,0.006153697422022032,48.863818834292545,0.00617267031585333
22.265873015873016,2,0.011845764661706115,49.44609004777859,0.011916203591468614
22.26984126984127,2,-0.008482226393524276,49.028450876746476,-0.008446353809341842
22.273809523809522,2,-0.008367848492045157,48.619899958026835,-0.008332935497936008
22.277777777777775,2,0.018517171250463246,49.52859019349488,0.01868967719498612
22.28174603174603,2,0.009951550240068737,50.02393709392624,0.010001231581520548
22.285714285714285,2,-0.004685155868929428,49.79011532489259,-0.004674197646510964
22.289682539682538,2,-0.0011126385276959416,49.734747732054124,-0.0011120197749532744
22.29365079365079,2,-0.001055978852760625,49.6822566098369,-0.001055421503292233
22.297619047619047,2,0.0006358917877222988,49.71385919565808,0.0006360940097666528
22.3015873015873,2,0.006193342433373218,50.02270957017986,0.006212560833514042
22.305555555555554,2,0.032176001816823126,51.658414468750195,0.032699246254853334
22.309523809523807,2,0.002628803192758076,51.79439292563148,0.0026322615256327217
22.313492063492063,2,0.008586047262840858,52.24101665369723,0.008623013087672458
22.317460317460316,2,-0.021009514078487918,51.154907541568676,-0.020790351752308006
22.32142857142857,2,-0.005871070436332444,50.85545339459101,-0.005853869381629476
22.325396825396822,2,0.015719709069015698,51.66120280742672,0.015843913662195477
22.32936507936508,2,0.005306792734015383,51.936086834286066,0.005320898700016871
22.333333333333332,2,-0.05505955079675647,49.153807595909534,-0.05357121431296934
22.337301587301585,2,0.008729989386743006,49.584798349648324,0.008768206875893315
22.34126984126984,2,0.024404695056792776,50.80978717360581,0.024704927008464158
22.345238095238095,2,-0.024907976727334313,49.55984950817538,-0.02460033263197249
22.349206349206348,2,0.019380580642164264,50.529716099835554,0.01956960324304847
22.3531746031746,2,-0.034685263066387736,48.807126536155565,-0.03409062422350693
22.357142857142858,2,0.012055771136439387,49.39909523327897,0.01212873486180066
22.36111111111111,2,0.00012913279232956265,49.405474688274545,0.0001291411303274892
22.365079365079364,2,-0.029368759160464254,47.97559684382168,-0.02894168821319371
22.369047619047617,2,0.005858903530167491,48.2575062711823,0.005876100474129913
22.373015873015873,2,0.014737313214972875,48.97395858006673,0.01484644284887659
22.376984126984127,2,0.00482264055923949,49.21071281047227,0.004834288206833135
22.38095238095238,2,0.007606230892844181,49.58644800733745,0.00763523174948216
22.384920634920633,2,-0.0049485362569287915,49.34167380802341,-0.004936312423059605
22.38888888888889,2,-0.023213211358467697,48.20948679313221,-0.02294585747731796
22.392857142857142,2,0.008954762591317661,48.643129990217275,0.00899497642333002
22.396825396825395,2,0.022282922506740205,49.73920764049278,0.02253304116112475
22.40079365079365,2,0.014469476314408381,50.464139975010546,0.014574665920644794
22.404761904761905,2,-0.024806786106673202,49.22768647376089,-0.024501626340247645
22.408730158730158,2,-0.018847780304774974,48.308542971055076,-0.01867127156576265
22.41269841269841,2,-0.01042009648561269,47.80777683894832,-0.010365995356282994
22.416666666666664,2,-0.01983150899389594,46.86901577365537,-0.01963615811827844
22.42063492063492,2,0.0007948358933391869,46.906283758681774,0.0007951518590959535
22.424603174603174,2,0.005194668487380476,47.150580323262815,0.0052081841707577285
22.428571428571427,2,-0.017781402377585378,46.31958689154625,-0.017624246107244047
22.43253968253968,2,0.010028993523780163,46.78646296383772,0.010079452422247092
22.436507936507937,2,0.007811293085604992,47.15335683070952,0.007841880826840083
22.44047619047619,2,-0.006668060586796411,46.83998135495535,-0.0066458784022366945
22.444444444444443,2,-0.0019354774790694904,46.749411302344846,-0.0019336056503556907
22.448412698412696,2,-0.02432709055618709,45.625855966488615,-0.02403357185804562
22.452380952380953,2,-0.0039480144553032115,45.446079541072265,-0.003940231292282575
22.456349206349206,2,0.0003311371666070832,45.46113091898268,0.0003311919985707708
22.46031746031746,2,0.0023641151014951404,45.568733407336914,0.002366911825092934
22.46428571428571,2,0.005011495650997518,45.79767410512962,0.005024074198995452
22.46825396825397,2,0.003315251963661846,45.94975689122162,0.003320753489421152
22.47222222222222,2,-0.003092322302915758,45.80788490318343,-0.003087545998862158
22.476190476190474,2,0.003843812592776851,45.98430066537659,0.0038512095148251755
22.480158730158728,2,0.012862511714425017,46.57959455135111,0.012945589633001235
22.484126984126984,2,-0.0009650673936339715,46.53466378753567,-0.0009646018658641105
22.488095238095237,2,0.00423941475621583,46.73236229475961,0.004248413787334601
22.49206349206349,2,-0.0021074396815518068,46.63398036345196,-0.0021052205896872644
22.496031746031743,2,-0.007910301196278762,46.26654670419894,-0.007879097095923283
22.5,2,0.0068257598298869905,46.583431298898844,0.006849108422244547
22.503968253968253,2,-0.006757094141549504,46.26972373755073,-0.006734316313781939
22.507936507936506,2,0.00510308890268389,46.50644574429244,0.005116131837839307
22.51190476190476,2,0.0005940794581777143,46.534082476776696,0.000594255958329003
22.515873015873016,2,-0.0035911217565769583,46.36727261729691,-0.003584681390527782
22.51984126984127,2,-0.003896115849373693,46.18697181604137,-0.0038885358374147485
22.523809523809522,2,-0.006163627532682117,45.90316805372848,-0.006144671346787042
22.527777777777775,2,-0.02049705051812452,44.971865581475875,-0.020288413888177197
22.53174603174603,2,0.005062120000115467,45.20009573853232,0.00507495417647165
22.535714285714285,2,0.0031553110312045724,45.342941341867515,0.0031602942648953757
22.539682539682538,2,0.010942934211372305,45.84185095485671,0.011003027113473207
22.54365079365079,2,-0.0064576323621548986,45.546774906323236,-0.0064368266635668366
22.547619047619047,2,0.024117684343215477,46.65861121261732,0.024410867917230687
22.5515873015873,2,-0.004546128008959628,46.44697661679885,-0.0045358100105915055
22.555555555555554,2,-0.010787249919818484,45.94863417668591,-0.010729276185711812
22.559523809523807,2,-0.012281157997423063,45.38778274240481,-0.012206052352382616
22.563492063492063,2,-0.021607273674424502,44.41759579266726,-0.021375508806935627
22.567460317460316,2,0.01954739169368228,45.294385493267754,0.01973969290668466
22.57142857142857,2,0.01751192069849569,46.09456305418442,0.01766615336983898
22.575396825396822,2,0.007806772868181236,46.45582113353389,0.00783732517270626
22.57936507936508,2,-0.011051562561919408,45.94523828579938,-0.010990718391714092
22.583333333333332,2,0.023057923062733156,47.01694827615545,0.023325811995784713
22.587301587301585,2,-0.004193149679630761,46.82021193527615,-0.00418437070232131
22.59126984126984,2,-0.003151311646086461,46.672899092381755,-0.003146351475257113
22.595238095238095,2,0.018345857601920174,47.537056066049566,0.01851517669723793
22.599206349206348,2,0.008539588298879065,47.94474120790897,0.0085761545959633
22.6031746031746,2,0.027969388167373103,49.30465561994853,0.028364203826701122
22.607142857142858,2,0.0033717011729999737,49.47117675713736,0.0033773917512456733
22.61111111111111,2,-0.00476402265961159,49.23605545636188,-0.004752692702858456
22.615079365079364,2,-0.007469921773949876,48.869636238929935,-0.007442091248693219
22.619047619047617,2,-0.023031869320635185,47.756940086464525,-0.02276866042188823
22.623015873015873,2,-0.0032718815769479446,47.60094037947531,-0.003266534805345266
22.626984126984127,2,0.014658615842087332,48.30384348520596,0.014766580242472021
22.63095238095238,2,0.007782696654357498,48.681244339533606,0.007813060557867058
22.634920634920633,2,0.0004939520713442951,48.705296480824195,0.0004940740857576182
22.63888888888889,2,-0.01229690051976368,48.11003970280459,-0.012221602598271018
22.642857142857142,2,0.003096426594535143,48.259239783544366,0.003101225475211719
22.646825396825395,2,0.012998348516118308,48.89062479285181,0.01308319426786147
22.65079365079365,2,0.005664647797648701,49.168358853060646,0.005680722252693315
22.654761904761905,2,0.0023387609221811284,49.2834864648566,0.0023414979568473354
22.658730158730158,2,-0.009802627409674813,48.80273895359717,-0.009754738265164398
22.66269841269841,2,0.01116355915056299,49.35060358643967,0.011226104202131411
22.666666666666664,2,-0.03922019657296155,47.45252796153541,-0.03846104174956426
22.67063492063492,2,0.005061497791263857,47.69331769128427,0.005074328810133185
22.674603174603174,2,0.03262110833782052,49.27478087704052,0.03315900973786197
22.678571428571427,2,-0.018765623176705583,48.358730913189504,-0.018590645103768576
22.68253968253968,2,-0.002802874053462307,48.22337725928951,-0.0027989496693568883
22.686507936507937,2,0.00013842613097945746,48.23005309687078,0.00013843571231842388
22.69047619047619,2,-0.005589900413172079,47.96120402297183,-0.005574305990477916
22.694444444444443,2,0.013295183385733296,48.60311473072768,0.013383957322013713
22.698412698412696,2,0.006190418526877779,48.90492154406378,0.006209618766372796
22.702380952380953,2,0.0021568995730604553,49.0105183884187,0.0021592273542404756
22.706349206349206,2,0.0102827853523307,49.51708301317685,0.01033583486596712
22.71031746031746,2,0.0004491343356563022,49.53932783044127,0.00044923521158375055
22.71428571428571,2,0.04030062209672641,51.57656887810245,0.04112371194526632
22.71825396825397,2,0.0021448873721329927,51.68731353433729,0.0021471892885421627
22.72222222222222,2,0.002698418419555142,51.82697588221617,0.0027020624274875014
22.726190476190474,2,-0.021311776593774222,50.73413747752608,-0.02108628539650304
22.730158730158728,2,-0.00660873531410245,50.3999544713616,-0.006586945650007723
22.734126984126984,2,0.014693695266229033,51.145983583462275,0.014802178294121096
22.738095238095237,2,-0.016587079584332486,50.3046182704472,-0.016450271440026188
22.74206349206349,2,-0.026944570107648624,48.96727986995833,-0.026584803671485833
22.746031746031743,2,0.0006452319060104575,48.99888531660575,0.0006454401128948915
22.75,2,0.017507852751364333,49.864304293793865,0.017662013566149957
22.753968253968253,2,0.000772048530415727,49.902816821501325,0.0007723466365949286
22.757936507936506,2,-0.003996676705141491,49.703769424991954,-0.003988700622278401
22.76190476190476,2,-0.023176651894647265,48.56504929538779,-0.022910136248773298
22.765873015873016,2,0.005935961609874735,48.85418686936128,0.005953614341352383
22.76984126984127,2,0.008569378506198553,49.274635808365005,0.008606200736244357
22.773809523809522,2,-0.022209624264110123,48.192327975034594,-0.021964806346608582
22.777777777777775,2,0.014531860540885655,48.89776540933241,0.014637961350679385
22.78174603174603,2,0.009884952102406376,49.38351432540665,0.009933969620246065
22.785714285714285,2,0.014503935188257034,50.1049890804374,0.014609627623434785
22.789682539682538,2,0.007589820365510238,50.48672376331327,0.007618696059648958
22.79365079365079,2,0.00847372325646571,50.9163519932224,0.008509726872420168
22.797619047619047,2,0.006798561906851703,51.26368932365167,0.0068217245900788984
22.8015873015873,2,0.011179818015405225,51.84002369487142,0.011242545724344456
22.805555555555554,2,-0.022676098819850086,50.67772223089051,-0.022420928486108944
22.809523809523807,2,-0.018673476021380926,49.74017388658981,-0.01850020685675628
22.813492063492063,2,-0.009034732699433261,49.292808666754624,-0.008994042136949465
22.817460317460316,2,-0.0013974851876442287,49.22397080793262,-0.0013965091599337524
22.82142857142857,2,0.0051281608272152005,49.47704760142093,0.005141332349553292
22.825396825396822,2,0.004328699570042138,49.69168308722093,0.004338081922936797
22.82936507936508,2,0.01431230554884604,50.407999480744685,0.014415216974366601
22.833333333333332,2,0.014707775914145153,51.15486796512256,0.014816467466898336
22.837301587301585,2,-0.010752924019150132,50.607750385279516,-0.010695317994292635
22.84126984126984,2,0.003243871695022497,50.772181987624684,0.0032491387404760597
22.845238095238095,2,-0.010443578233080833,50.24469793775164,-0.010389233419229696
22.849206349206348,2,-0.0021335945167998823,50.13761040704143,-0.002131320021922993
22.8531746031746,2,0.004292285412139641,50.353277862812064,0.004301510463297658
22.857142857142854,2,-0.04270764021603181,48.24808212908266,-0.041808514223543196
22.86111111111111,2,0.03061691466273036,49.74813587422075,0.03109043259221915
22.865079365079364,2,0.007374173813441575,50.11634321898827,0.0074014299892252245
22.869047619047617,2,-0.0072670605806213805,49.75346484327748,-0.007240719342294259
22.873015873015873,2,0.024520671699079122,50.98853369668264,0.024823775736937892
22.876984126984127,2,-0.004139126070564544,50.77792190263233,-0.004130571694866914
22.88095238095238,2,0.001907682565695515,50.87488251459739,0.001909503349723139
22.884920634920633,2,-0.005898987114284823,50.5756556735515,-0.005881622251609783
22.88888888888889,2,0.02105123604658913,51.65162120693304,0.021274376358588677
22.892857142857142,2,-0.0010845877350024477,51.59563086078895,-0.0010839997823062937
22.896825396825395,2,0.002121417883404133,51.70520293779108,0.002123669682376142
22.90079365079365,2,0.01540432480763443,52.50785294692539,0.015523582996086934
22.904761904761905,2,0.007610159460634603,52.90897042891166,0.007639190320573859
22.908730158730158,2,-0.0004466260218204505,52.88534518214809,-0.0004465262992655488
22.91269841269841,2,0.014227706528138302,53.643160556894934,0.014329402070399141
22.916666666666664,2,0.03221997777321181,55.3996876745151,0.03274466119044456
22.92063492063492,2,0.004237091005031758,55.634919189585986,0.004246080166605338
22.924603174603174,2,0.0017091340741374255,55.73008803067251,0.001710595476237894
22.928571428571427,2,0.002387794429468155,55.86331902523721,0.002390647480968419
22.93253968253968,2,0.016747955094679547,56.80679396855147,0.016888988333973422
22.936507936507937,2,-0.007311086633572799,56.39298910131151,-0.007284425652837276
22.94047619047619,2,-0.0032683764214258317,56.20897646049356,-0.003263041093412666
22.944444444444443,2,-0.01913186523018487,55.14381564443122,-0.018950012669435023
22.948412698412696,2,-0.01467723785574736,54.34036736993086,-0.014570052237245138
22.952380952380953,2,-0.006285571600035257,53.999878305266826,-0.006265858718732908
22.956349206349206,2,-0.0004666446446303601,53.97468542976236,-0.0004665357829520772
22.96031746031746,2,0.02252645013589905,55.204341383753075,0.022782086531858828
22.96428571428571,2,0.0069909698397719044,55.59162543763029,0.007015463714800986
22.96825396825397,2,-0.011253013876802312,54.9695587321429,-0.011189935544973013
22.97222222222222,2,-0.008933596778959739,54.48066987873503,-0.008893810768795835
22.976190476190474,2,0.017558300624008684,55.4457052565505,0.017713353744795844
22.980158730158728,2,0.014432051461641053,56.2517026363161,0.014536696323658973
22.984126984126984,2,0.000592750770866837,56.28505576048477,0.0005929264823210036
22.988095238095237,2,-0.005337214173238785,55.98545060279417,-0.005322996551084125
22.99206349206349,2,0.014410916785357938,56.798093674741644,0.01451525464558709
22.996031746031743,2,-0.012276650227846964,56.10506607797214,-0.012201599594841961
23.0,2,0.005177213998275548,56.396287218047036,0.005190638928581001
23.003968253968253,2,0.02887090716551791,58.04823100495745,0.029291711713635156
23.007936507936506,2,0.002825333645482653,58.212468528725076,0.0028293286621191
23.01190476190476,2,-0.009533665698240544,57.660127415618064,-0.009488364384246875
23.015873015873016,2,0.005408254919586173,57.972812862530695,0.005422905930449728
23.01984126984127,2,-0.00568345802165069,57.64426135298278,-0.005667337728237821
23.023809523809522,2,-0.01732611343517388,56.654112824370145,-0.01717687945638666
23.027777777777775,2,0.009070318986668515,57.170321248063544,0.009111578982688592
23.03174603174603,2,0.014321484908607279,57.99497618765606,0.014424528699328254
23.035714285714285,2,-0.0036789606440701807,57.782006945644866,-0.003672201559702223
23.039682539682538,2,-0.004514627520574048,57.52173067417923,-0.004504451908541311
23.04365079365079,2,-0.011876489972547222,56.842615153435545,-0.011806242836996227
23.047619047619047,2,-0.0016509157691062906,56.74885020403485,-0.0016495537572933138
23.0515873015873,2,-0.006847080411525268,56.36161349674729,-0.006823692566373682
23.055555555555554,2,-0.012499719316068067,55.66149391268873,-0.012421922308859537
23.059523809523807,2,0.024077181732311007,57.01792986687065,0.02436937744268307
23.063492063492063,2,0.0061153522929391566,57.3676829366481,0.006134089234633404
23.067460317460316,2,0.007449595750074367,57.79664479604611,0.007477413021399356
23.07142857142857,2,0.01136788365569935,58.45741901610035,0.011432743585479447
23.075396825396822,2,0.009952238482716844,59.04210583661962,0.010001926707681972
23.07936507936508,2,-0.004966600948693997,58.74959425319717,-0.004954287779502306
23.083333333333332,2,0.003671935521718345,58.96571552407562,0.0036786853360552176
23.087301587301585,2,-0.0031513702688046844,58.78018521219251,-0.0031464099135259473
23.09126984126984,2,0.0057622176671761,59.11986715467177,0.005778851176685039
23.095238095238095,2,0.004542995759536355,59.3890594672431,0.004553330809541172
23.099206349206348,2,-0.004582970889875145,59.117503877513094,-0.004572485103586757
23.1031746031746,2,-0.01650949447127065,58.14951625365474,-0.016373959662843274
23.107142857142854,2,0.0020805089771081865,58.27062278216051,0.00208267473761105
23.11111111111111,2,-0.002335458405603112,58.134692957394364,-0.0023327333444560917
23.115079365079364,2,-0.023578356441788403,56.78000585261202,-0.023302558865755867
23.119047619047617,2,0.0066340323362604455,57.157938470014734,0.006656086270644581
23.123015873015873,2,0.012400262662343736,57.87112462947748,0.012477464697872743
23.126984126984127,2,0.032092392662489186,59.75847022074632,0.0326129067536293
23.13095238095238,2,-0.004690530034742065,59.47882766994022,-0.004679546678037104
23.134920634920633,2,-0.006549036698003753,59.09057138479324,-0.00652763849518873
23.13888888888889,2,-0.013739295932415487,58.28426029484927,-0.013645342582547312
23.142857142857142,2,0.0028667361791953083,58.451585616698644,0.002870849196728808
23.146825396825395,2,0.002787064721259384,58.614721197984935,0.0027909521968493612
23.15079365079365,2,-0.00998327781630447,58.03246539875168,-0.009933610317218969
23.154761904761905,2,-0.0019658141174096863,57.91849641662181,-0.0019638831703391703
23.158730158730158,2,-0.024690748963480995,56.505955468477815,-0.02438842572816872
23.16269841269841,2,0.011909345214855066,57.18292754455645,0.011980543828805612
23.166666666666664,2,-0.009471550769942492,56.643873412320005,-0.009426836914154803
23.17063492063492,2,-0.0001985337485124055,56.63262880805481,-0.00019851404199191434
23.174603174603174,2,-0.017736552332789646,55.63701668697534,-0.017580185522623505
23.178571428571427,2,-0.007098870472755436,55.24345528548857,-0.007073733009464497
23.18253968253968,2,-0.0032844221951479,55.06231009629309,-0.003279034380803025
23.186507936507937,2,9.584393738263814e-05,55.067587737805056,9.584853055954619e-05
23.19047619047619,2,0.006282156818590475,55.41461987342846,0.006301930952119677
23.194444444444443,2,0.018368737089781203,56.44192269950781,0.01853848006944304
23.198412698412696,2,0.009469385416492365,56.97893157846099,0.009514361901032331
23.202380952380953,2,0.012360229054709716,57.68757469779466,0.012436932383645537
23.206349206349206,2,0.018457294499133102,58.76221825098828,0.01862868319258171
23.21031746031746,2,0.0074157398783928925,59.19960333880205,0.007443304572771007
23.21428571428571,2,-0.00022437195683076825,59.18632209798202,-0.0002243467873257411
23.21825396825397,2,0.012951710233262862,59.957871850594266,0.013035946909067512
23.22222222222222,2,0.013756741548178731,60.78839635502064,0.013851800919416884
23.226190476190474,2,0.008409256743382585,61.30173696840034,0.00844471386252183
23.230158730158728,2,-0.01808848986651907,60.20284968839327,-0.017925875095081718
23.234126984126984,2,-0.010363306205994167,59.58217082015103,-0.010309792168557012
23.238095238095237,2,-0.003224740981381602,59.39034321555042,-0.003219547088669313
23.24206349206349,2,0.010060396846407239,59.99084923674552,0.010111172771230057
23.246031746031743,2,-3.084436305936972e-05,59.988998885748025,-3.084388737689418e-05
23.25,2,0.014561293702190656,60.86890707089836,0.014667825792962315
23.253968253968253,2,0.016808519213620737,61.90067017834777,0.01695057718463128
23.257936507936506,2,0.015346223046155516,62.85793810634743,0.015464581001168
23.26190476190476,2,0.015426478709596503,63.835132707111036,0.01554608105519378
23.265873015873016,2,-0.012826799918175204,63.021561146437,-0.012744887120496762
23.26984126984127,2,0.006318730978340154,63.42103820204167,0.006338736272756467
23.273809523809522,2,-0.0074160512219886,62.95244424023026,-0.007388620166049821
23.277777777777775,2,-0.020538187658219402,61.672701905449756,-0.02032871559199356
23.28174603174603,2,-0.0033837005929997655,61.464372608194644,-0.0033779823295968787
23.285714285714285,2,0.016928212207733467,62.513711205681375,0.01707230632899673
23.289682539682538,2,0.006042898939683142,62.89261894238664,0.006061194086824004
23.29365079365079,2,0.02566010376383194,64.5273338515757,0.025992158327617684
23.297619047619047,2,0.002470985186682257,64.68697709447453,0.0024740405866764048
23.3015873015873,2,0.031077511164504527,66.72885119370443,0.031565458627751015
23.305555555555554,2,0.0024746524531120534,66.89418639821426,0.002477716932813257
23.309523809523807,2,0.0005213203477231822,66.92906879038844,0.0005214562587923666
23.313492063492063,2,-0.015880704773720673,65.87458315706102,-0.015755271250372082
23.317460317460316,2,0.014229870600709882,66.81867114563553,0.01433159715521187
23.32142857142857,2,-0.006088086753394042,66.41310908014601,-0.006069591905016905
23.325396825396822,2,-0.007913938763270895,65.88959406701296,-0.00788270599560808
23.32936507936508,2,0.016380083065956428,66.97775887590386,0.016514972118118816
23.333333333333332,2,0.014830329259388729,67.97846313888226,0.014940844241033873
23.337301587301585,2,0.014500601852333888,68.97137326661537,0.01460624559435178
23.34126984126984,2,-0.00432508413229494,68.6737104469018,-0.00431574442577642
23.345238095238095,2,-0.0004041402974477215,68.64596224059684,-0.0004040586437579302
23.349206349206348,2,-0.000515999291318002,68.61055010983175,-0.0005158661865786498
23.3531746031746,2,0.010096897630694646,69.30681294278182,0.010148043294151088
23.357142857142854,2,0.019811170278534452,70.69355313283481,0.02000871387922304
23.36111111111111,2,0.004876305862286181,71.03911837656659,0.0048882143903910096
23.365079365079364,2,0.0251193841823524,72.84617838255976,0.025437534238731404
23.369047619047617,2,0.011541682418051452,73.69181649478858,0.011608544621075677
23.373015873015873,2,-0.0027200990705494935,73.49163982684274,-0.0027164029531007478
23.376984126984127,2,0.01067887756790436,74.28065344257743,0.010736100291049058
23.38095238095238,2,0.021730922519007764,75.9125071934846,0.02196875869123428
23.384920634920633,2,0.02541416998838697,77.86648474592107,0.0257398632277581
23.38888888888889,2,0.015191520624115395,79.05842583049687,0.015307498321839924
23.392857142857142,2,0.0005615629496500882,79.10283458128843,0.0005617206556425306
23.396825396825395,2,-0.002491983147701448,78.90595706019255,-0.002488880735285462
23.40079365079365,2,0.007495888782437513,79.49964968565189,0.0075240532854367916
23.404761904761905,2,0.021328191502628845,81.21344454558736,0.021557263040931585
23.408730158730158,2,0.005703072494277248,81.67793395677265,0.00571936597178289
23.41269841269841,2,0.005964658551988329,82.16657077124248,0.005982482548204746
23.416666666666664,2,0.0008856473354540658,82.2393736097707,0.0008860396368604814
23.42063492063492,2,-0.0038929438516328197,81.91984270738644,-0.003885376169089539
23.424603174603174,2,-0.0018046075405807433,81.77214285173352,-0.0018029802154345851
23.428571428571427,2,0.0019443022762646426,81.9312872775152,0.0019461936575423907
23.43253968253968,2,0.021884120559959898,83.74404439784922,0.0221253342962118
23.436507936507937,2,-0.0027820144944195988,83.51139102509441,-0.0027781482782168964
23.44047619047619,2,0.000900945089620786,83.5866641061306,0.0009013510625586628
23.444444444444443,2,-0.010664638474221564,82.69997904386261,-0.01060797283574065
23.448412698412696,2,0.009266798017480793,83.46990490977512,0.009309867726860802
23.452380952380953,2,0.017456634423326546,84.93980091665608,0.017609891954109835
23.456349206349206,2,0.020704844313150908,86.71679902379346,0.020920676619915205
23.46031746031746,2,0.0028002474182747773,86.95996782388488,0.002804171773276594
23.46428571428571,2,0.0074742790381028615,87.61236595420604,0.007502281183479907
23.46825396825397,2,-0.0016964569818846116,87.46386134573943,-0.0016950188121182589
23.47222222222222,2,0.006890505305087511,88.06861267471567,0.006914299456614041
23.476190476190474,2,0.004193684351682813,88.4387201521094,0.004202490151181698
23.480158730158728,2,0.0009721575188523697,88.52473832369449,0.0009726302171397547
23.484126984126984,2,0.0019736286283152547,88.6996258062668,0.001975577515211934
23.488095238095237,2,0.005931780827562141,89.22733612969107,0.005949408677065744
23.49206349206349,2,-0.00346787709593092,88.9184426063505,-0.003461870955013469
23.496031746031743,2,-0.0028170771693781624,88.66830498566047,-0.002813112930884686
23.5,2,0.021748834695873298,90.61786073006265,0.021987064540339323
23.503968253968253,2,0.03438777460655813,93.78820543990469,0.034985870161799916
23.507936507936506,2,-0.014935502062318128,92.39784025075481,-0.014824520659378162
23.51190476190476,2,-0.015629750429647888,90.9649123904199,-0.015508239764545843
23.515873015873016,2,-0.011820896900298061,89.89595599855605,-0.011751304582979082
23.51984126984127,2,-0.001063216473838289,89.80042792971417,-0.0010626514594651057
23.523809523809522,2,0.011523868864299675,90.84126198421167,0.011590524438392535
23.527777777777775,2,0.007687182126642915,91.54226623133785,0.007716804366368798
23.53174603174603,2,0.002405483836575505,91.76273473352104,0.0024083793340448313
23.535714285714285,2,0.00690205674682156,92.39827708757596,0.006925930835654864
23.539682539682538,2,-0.008481370744138869,91.61792694071,-0.008445505386710904
23.54365079365079,2,-0.002837562587739111,91.35832383307833,-0.00283354051221586
23.547619047619047,2,-1.5072274811977525e-05,91.35694686569217,-1.5072161225814189e-05
23.5515873015873,2,-0.01972115455038167,89.5729316374649,-0.01952796464236046
23.555555555555554,2,-0.01439303807951189,88.29293861250972,-0.014289953466476534
23.559523809523807,2,-0.013892308938432931,87.07482661716044,-0.013796256127516036
23.563492063492063,2,0.009864953974317055,87.93806668515755,0.009913773033307484
23.567460317460316,2,0.0033292770326745517,88.23132476869661,0.003334825230909063
23.57142857142857,2,0.007936742720173034,88.93438038846917,0.007968322153335457
23.575396825396822,2,-0.02293937905322089,86.91750233285252,-0.022678271853998046
23.57936507936508,2,-0.018453088117489427,85.32831381636554,-0.01828387233679543
23.583333333333332,2,0.008593824383699536,86.06477031667082,0.008630857301248743
23.587301587301585,2,-0.03476985165453967,83.12373695597866,-0.034172325678332505
23.59126984126984,2,0.015666974897323195,84.43628947239586,0.01579034538729135
23.595238095238095,2,-0.022733541537914126,82.5384080978199,-0.02247708167228796
23.599206349206348,2,0.010863242159476844,83.4399306757744,0.010922461418035441
23.6031746031746,2,-0.010957018742583674,82.5306682908454,-0.010897209256586618
23.607142857142854,2,0.013453039902836831,83.6484586452004,0.01354393921076483
23.61111111111111,2,0.040657123543336865,87.11944643638327,0.041494940222452446
23.615079365079364,2,-0.02840125092940794,84.67995150991223,-0.02800172666676045
23.619047619047617,2,0.008999023812555554,85.44542751254858,0.009039636761562681
23.623015873015873,2,-0.0225426136671845,83.54081240667865,-0.022290427484725962
23.626984126984127,2,0.005614878264183733,84.01120325628358,0.0056306712378502485
23.63095238095238,2,-0.00236698915623374,83.81258480576537,-0.0023641900463240305
23.634920634920633,2,0.0018731988086020447,83.96972957551705,0.0018749543414732154
23.63888888888889,2,-0.011248072194642989,83.0305240232836,-0.011185049147845036
23.642857142857142,2,0.010071988875191316,83.87103222675346,0.010122882076887113
23.646825396825395,2,-0.01800949832714672,82.3740771771352,-0.017848296484191114
23.65079365079365,2,0.01588125436276663,83.69272401761825,0.01600803172152627
23.654761904761905,2,-0.004917973977464174,83.2821358373457,-0.004905900543828977
23.658730158730158,2,-0.017434146184558588,81.84276645250638,-0.017283050805163225
23.66269841269841,2,0.02033241043532784,83.5238595948279,0.02054052196900148
23.666666666666664,2,-0.0006103424379065925,83.4728969926409,-0.0006101562168489693
23.67063492063492,2,0.02427204938014745,85.52374371275206,0.024569013344438565
23.674603174603174,2,0.015625736097178804,86.87061065117078,0.0157484562759836
23.678571428571427,2,-0.009817595451710869,86.0219229919379,-0.0097695601869402
23.68253968253968,2,-0.0008326756059786763,85.95032444840038,-0.000832329027848673
23.686507936507937,2,0.0017630299407307554,86.101991100958,0.0017645849917496
23.69047619047619,2,0.01946770805926763,87.79462189065815,0.019658439579120196
23.694444444444443,2,0.005750300303595363,88.30092162421964,0.005766865015855611
23.698412698412696,2,0.002459173492366525,88.51833613045626,0.0024621997396799085
23.702380952380953,2,-0.0022801508553352222,88.31673090312826,-0.0022775532860320503
23.706349206349206,2,-0.00039886354236167115,88.2815116033047,-0.0003987840068739121
23.71031746031746,2,0.016674410576609122,89.76589499062355,0.016814204473400478
23.71428571428571,2,0.00028477827014462847,89.79146200720959,0.0002848188233256653
23.71825396825397,2,-0.004738402611448008,89.36700033847244,-0.0047271940922744065
23.72222222222222,2,-0.006874026540608419,88.75479577217759,-0.006850454462789739
23.726190476190474,2,-0.006738689913256716,88.15871538127624,-0.006716035857165654
23.730158730158728,2,-0.017426653903659804,86.6357129210892,-0.017275687986153743
23.734126984126984,2,-0.009215745027596565,85.8409679886504,-0.00917341019820102
23.738095238095237,2,0.01911641623251242,87.49772483617183,0.019300304811805395
23.74206349206349,2,-0.0023648107833877576,87.29105373829218,-0.002362016821198401
23.746031746031743,2,0.009112848074340445,88.09015938335797,0.009154496490116655
23.75,2,-0.030991301462123963,85.40200061984557,-0.030515993867304178
23.753968253968253,2,0.007398144718044326,86.03615988823599,0.007425578602231064
23.757936507936506,2,-0.0017947577577542857,85.8818843078887,-0.0017931481431498809
23.76190476190476,2,-0.005827478913150144,85.38286486291318,-0.0058105320929676815
23.765873015873016,2,0.00251797640284358,85.59812780161091,0.00252114916784982
23.76984126984127,2,-0.006008715787295743,85.08533513527105,-0.005990699557452425
23.773809523809522,2,-0.026520213589675337,82.85851229567831,-0.026171640930278618
23.777777777777775,2,0.011857327140391775,83.8468406691832,0.011927903918646577
23.78174603174603,2,0.003299828721660483,84.12397788343769,0.0033052791499676424
23.785714285714285,2,-0.003717207910704595,83.81185204509048,-0.0037103076459329824
23.789682539682538,2,-0.01193469626139086,82.81752832595822,-0.011863760254305196
23.79365079365079,2,-0.01828036881104093,81.3173470737282,-0.0181142963639955
23.797619047619047,2,0.0030588782060148277,81.56646775512813,0.003063561347790441
23.8015873015873,2,0.02056554064686455,83.26129403864107,0.020778468531958486
23.805555555555554,2,0.0027977522485808357,83.49456467582343,0.0028016696098198896
23.809523809523807,2,-0.017183063486713685,82.07212817713632,-0.017036276603271727
23.813492063492063,2,0.0030742994081163007,82.32483071481423,0.003079029912962237
23.817460317460316,2,-0.00043396291571594944,82.28911254198314,-0.0004338687674292886
23.82142857142857,2,0.011124021697632849,83.20960873305383,0.011186123688003846
23.825396825396822,2,0.007882214760016479,83.86807642187757,0.007913361195294092
23.82936507936508,2,-0.03737973278203585,80.79097895654631,-0.036689734600000946
23.833333333333332,2,0.007107501320068273,81.3672464311282,0.007132819555161101
23.837301587301585,2,-0.012404556968198815,80.36415609538116,-0.012327937588449843
23.84126984126984,2,-0.017674003246029076,78.95627781047578,-0.017518734138568515
23.845238095238095,2,-0.002136446536174623,78.78777201014913,-0.002134165958673402
23.849206349206348,2,0.005415844526313438,79.21563189944114,0.005430536723857647
23.8531746031746,2,-0.020433217839406742,77.61342648785008,-0.02022587427725063
23.857142857142854,2,0.009114923710358137,78.3241009003752,0.009156591129710841
23.86111111111111,2,0.009855260745920306,79.09982152338713,0.009903983755889377
23.865079365079364,2,0.0008299396807058273,79.16549685351765,0.000830284175939462
23.869047619047617,2,-0.010692935034208732,78.32349509653329,-0.01063596883049109
23.873015873015873,2,-0.01210090780291258,77.3814211741908,-0.012027986253440487
23.876984126984127,2,0.0131636251532937,78.40677507741736,0.013250647089027368
23.88095238095238,2,-0.01880152097193854,76.94638029323929,-0.0186258749034905
23.884920634920633,2,0.01364916246334224,78.00383420203829,0.01374273753708876
23.88888888888889,2,-0.0018432185326481946,77.8601885150848,-0.0018415208485964118
23.892857142857142,2,-0.0009693059670252776,77.78475473487622,-0.00096883634174554
23.896825396825395,2,-0.021281787076241017,76.14684676999416,-0.021056927806287658
23.90079365079365,2,-0.0016103605548461269,76.02432157293035,-0.0016090646200219415
23.904761904761905,2,0.007968546111606387,76.63254499478236,0.008000379474200379
23.908730158730158,2,-0.016599089247877733,75.37101364252779,-0.016462083470416815
23.91269841269841,2,0.006520316664406664,75.86406218830976,0.0065416202058846944
23.916666666666664,2,0.0013595442232004198,75.96727287965847,0.0013604688224115344
23.92063492063492,2,-0.00787246313953341,75.37157122036118,-0.007841556458673047
23.924603174603174,2,0.011005963995790423,76.20568973890954,0.011066752424593448
23.928571428571427,2,-0.027507732065837547,74.13801297129513,-0.027132839748561694
23.93253968253968,2,0.004605862121473915,74.48027002635153,0.004616485407950547
23.936507936507937,2,0.020641060441221454,76.03359779820232,0.02085556042293121
23.94047619047619,2,0.01837967356254304,77.44399209507107,0.018549619348699305
23.944444444444443,2,0.005149198294888497,77.84379501600354,0.0051624782002664855
23.948412698412696,2,-0.0035627252808150896,77.56695240945247,-0.0035563863053456844
23.952380952380953,2,-0.007772264036019586,76.96641835257297,-0.0077421380913540745
23.956349206349206,2,-0.003578411030386355,76.69149306338323,-0.0035720161477487684
23.96031746031746,2,0.007089422567358224,77.23712328134614,0.0071146120145554985
23.96428571428571,2,-0.009932220745919143,76.4737842243549,-0.009883059137388196
23.96825396825397,2,0.009780738379230207,77.22542410524707,0.009828726125113336
23.97222222222222,2,0.027113391605802457,79.34791115745467,0.02748430425341517
23.976190476190474,2,-0.0005415602403391607,79.30495111739265,-0.0005414136230607599
23.980158730158728,2,-0.016699687206548703,77.9915802040701,-0.016561020400585148
23.984126984126984,2,-0.016704096074351762,76.6996218939977,-0.01656535624348049
23.988095238095237,2,0.010021901555088086,77.47216265158224,0.010072288995795431
23.99206349206349,2,-0.0005146358634080636,77.43230295576025,-0.0005145034610860792
23.996031746031743,2,0.011285126156397181,78.31108552290502,0.011349043404364592
24.0,2,-0.006485064354011036,77.80487626755131,-0.0064640817066145915
24.003968253968253,2,0.010702968285260147,78.64209174387659,0.010760449942061562
24.007936507936506,2,-0.0017562868842621534,78.50409488610299,-0.001754745514946527
24.01190476190476,2,-0.008990588403492705,77.80146016365089,-0.008950293911056492
24.015873015873016,2,-0.00481401071917293,77.42782316828297,-0.0048024419410895875
24.01984126984127,2,-0.014843372048936222,76.2870208046118,-0.014733752248099715
24.023809523809522,2,0.025301669810934162,78.24183557064549,0.0256244738019117
24.027777777777775,2,-0.0009762014742150005,78.1654930443222,-0.0009757251445663808
24.03174603174603,2,0.008358209500621524,78.8215545412758,0.008393236854293027
24.035714285714285,2,-0.006525820057919177,78.30885397497516,-0.006504573137188677
24.039682539682538,2,-0.013014949591183031,77.2962718340169,-0.012930621373692922
24.04365079365079,2,-0.0027085222304456353,77.08719643392476,-0.0027048574935296947
24.047619047619047,2,0.014111817090107394,78.18274878625417,0.014211858817157311
24.0515873015873,2,-0.0063225086657382,77.6899970345937,-0.006302563664110009
24.055555555555554,2,-0.010729576705583312,76.86087228527118,-0.010672220118033093
24.059523809523807,2,0.0021967606112539397,77.02990281388271,0.0021991752576551583
24.063492063492063,2,0.006525189048094445,77.53418095794555,0.006546524474803789
24.067460317460316,2,0.02093603665058748,79.17455091847637,0.021156732943635483
24.07142857142857,2,0.0046949323425893065,79.54714404364714,0.004705970805624919
24.075396825396822,2,0.008351640350190537,80.21427512331728,0.008386612589184462
24.07936507936508,2,0.00930011143380112,80.96375654892455,0.009343491846744644
24.083333333333332,2,-0.014288533135361412,79.81512887512811,-0.014186936510318113
24.087301587301585,2,-0.011898748040168399,78.87105654471489,-0.011828237875681548
24.09126984126984,2,-0.013417714425153309,77.81985536127092,-0.01332809815788379
24.095238095238095,2,-0.016545363712620484,76.54289060395975,-0.016409240949921824
24.099206349206348,2,0.010259947651607837,77.33225917024807,0.010312761382014531
24.1031746031746,2,0.003892382906160883,77.63385251154254,0.0038999680667617387
24.107142857142854,2,0.0012396514911841715,77.73015110859247,0.0012404201766952
24.11111111111111,2,-0.03242706247544938,75.25001965189729,-0.03190694243254839
24.115079365079364,2,0.026134669493110173,77.24257806060807,0.02647917459594327
24.119047619047617,2,-0.011028672987798234,76.39537527488592,-0.01096808013136711
24.12301587301587,2,0.02608850613849785,78.4146417886423,0.02643178996752935
24.126984126984127,2,-0.018020631178487657,77.01421662069956,-0.017859230572236703
24.13095238095238,2,-0.009997197287435,76.24812606292754,-0.009947391421834399
24.134920634920633,2,-0.02751519829453656,74.17874403979886,-0.027140103370157924
24.13888888888889,2,0.004800441094617264,74.53569079651088,0.004811981671198377
24.142857142857142,2,-0.013636436559429244,73.52618822964297,-0.013543881542923289
24.146825396825395,2,-0.0132804360213249,72.55618368918556,-0.013192640116577444
24.15079365079365,2,-0.01705395852163787,71.3293048475539,-0.016909362913674352
24.154761904761905,2,0.010031848459054278,72.04847087550414,0.01008233613782188
24.158730158730158,2,0.009201694709093518,72.71449850075611,0.009244160454187486
24.16269841269841,2,0.023067576395310325,74.41134153611281,0.023335690547863108
24.166666666666664,2,-0.00840099615099757,73.7888306592455,-0.008365806394784814
24.17063492063492,2,0.0029949601801590535,74.01015653446485,0.002999449554112699
24.174603174603174,2,-0.016006001375847317,72.83497989573425,-0.015878586044921768
24.178571428571427,2,-0.003982999684094129,72.5454551650325,-0.003975078061615589
24.18253968253968,2,-0.006298741275492352,72.08994618483554,-0.006278945788687797
24.186507936507937,2,0.006089614685559063,72.53028556761706,0.006108194083713998
24.19047619047619,2,0.013051365608153368,73.48310914149026,0.013136906416629528
24.194444444444443,2,0.012724361888666125,74.42410892947348,0.012805661042067975
24.198412698412696,2,-0.010380341305719383,73.65555709363286,-0.010326651496343918
24.202380952380953,2,0.012817608417677219,74.6057215918863,0.01290010605778945
24.206349206349206,2,-0.00031732528238769686,74.5820510660412,-0.00031727494004538245
24.21031746031746,2,-0.0038514412518429707,74.2953551285928,-0.0038440339646133195
24.21428571428571,2,-0.008688310453121314,73.65265007151416,-0.008650676155544629
24.21825396825397,2,-0.006816432676400331,73.15230894896088,-0.0067932534955291845
24.22222222222222,2,0.022189186394569876,74.79364174375105,0.022437197381362427
24.226190476190474,2,0.004111106849937779,75.10175931482117,0.004119569042055008
24.230158730158728,2,0.0024379977354939204,75.28508061161294,0.0024409720686210386
24.234126984126984,2,-0.0030659046180795103,75.05461720522952,-0.0030612095319703164
24.238095238095237,2,0.031054529133562433,77.42197128485697,0.03154175143088285
24.24206349206349,2,0.016679681961040336,78.72417512507164,0.016819564506094762
24.246031746031743,2,-0.008846433502799582,78.03081833393863,-0.008807418941277172
24.25,2,-0.0032091304271989014,77.78080863199551,-0.0032039866719478353
24.253968253968253,2,-0.002461132292914384,77.58961514484272,-0.0024581061898884702
24.257936507936506,2,0.0020759094180417765,77.7508514557496,0.0020780656097591542
24.26190476190476,2,-0.008596521854081851,77.08532924864863,-0.008559677413690604
24.265873015873016,2,0.005766663771433402,77.53113860504148,0.0057833229842582145
24.26984126984127,2,0.018532686091068326,78.98139593239229,0.018705482125559014
24.273809523809522,2,-0.01631206329356697,77.70349731996245,-0.016179742043603722
24.277777777777775,2,-0.01397521766064084,76.62512681421697,-0.013878017630339464
24.28174603174603,2,-0.005849130386332969,76.17824466665799,-0.005832057526541203
24.285714285714285,2,-0.005265011551535631,75.77821932161324,-0.005251175670890557
24.289682539682538,2,0.02541639861060424,77.72891355078531,0.025742149216953728
24.29365079365079,2,0.012858445153141659,78.73483998752982,0.012941470436059773
24.297619047619047,2,0.012135438577069026,79.69614292095436,0.0122093717797206
24.3015873015873,2,-0.003092599429588472,79.45005539602148,-0.003087822269855242
24.305555555555554,2,-0.0033691146256265856,79.18282946255225,-0.0033634455273473416
24.309523809523807,2,-0.018051673817854132,77.76627094604466,-0.01788971834073631
24.313492063492063,2,0.010087096348902118,78.55467649013617,0.01013814259704643
24.317460317460316,2,0.00642480173560547,79.06099948274202,0.006445485045939857
24.32142857142857,2,0.01644013911249132,80.37151633541895,0.01657602182177133
24.325396825396822,2,-0.002418109478683102,80.17740399698026,-0.002415188207083576
24.32936507936508,2,-0.0015481541044824684,80.05337305417508,-0.0015469563321086639
24.333333333333332,2,0.0023804675244284445,80.24416450528287,0.002383303086787504
24.337301587301585,2,0.011474948474920131,81.17026547689643,0.01154103824649611
24.34126984126984,2,-0.01828488052243832,79.69956364986287,-0.018118726338922135
24.345238095238095,2,0.009511530861216373,80.4612451452836,0.009556909229351663
24.349206349206348,2,-2.0124573760820108e-05,80.45962591331399,-2.0124371262943978e-05
24.3531746031746,2,-0.013099480664906328,79.41251984546115,-0.013014055881653639
24.357142857142854,2,-0.02602546858636802,77.37243404807096,-0.02568972501263376
24.36111111111111,2,-0.0014813119148952606,77.2579061863164,-0.0014802153139368442
24.365079365079364,2,0.01847756439782191,78.69871444358493,0.018649330902054322
24.369047619047617,2,0.02133713882214673,80.39596265697627,0.021566403281060093
24.37301587301587,2,0.004715414644293208,80.77595817073214,0.004726549707193587
24.376984126984127,2,0.024957043130603714,82.8172536409399,0.025271077142696108
24.38095238095238,2,-0.0003029115549111483,82.79217113694799,-0.0003028656818380438
24.384920634920633,2,0.012248591055244853,83.8124945897485,0.012323912258717588
24.38888888888889,2,-0.0054468795996048605,83.35721906387381,-0.005432072247738175
24.392857142857142,2,-0.006245240731944538,82.83825537741296,-0.00622577974995928
24.396825396825395,2,-0.008297717305929318,82.15373087515452,-0.008263386271714109
24.40079365079365,2,-0.025722129349241386,80.06750805370038,-0.025394133647131358
24.404761904761905,2,0.016453933496264898,81.39583161200807,0.016590044958271398
24.408730158730158,2,-0.007845713652718942,80.75972185514382,-0.007815016374504442
24.41269841269841,2,-0.009859084296549128,79.9674170672147,-0.009810642851769679
24.416666666666664,2,-0.014628150588789648,78.80615590713823,-0.014521678987085576
24.42063492063492,2,-0.0023365916530680565,78.62223306100849,-0.0023338639477162603
24.424603174603174,2,0.022456009965313162,80.40774744299706,0.02271004412458085
24.428571428571427,2,0.026617229236397703,82.57671681265128,0.026974631657127907
24.43253968253968,2,-0.020686860543605298,80.88601177130747,-0.0204743553219685
24.436507936507937,2,-0.004227529762183171,80.54478552944623,-0.0042186063373481925
24.44047619047619,2,-0.01279358774445357,79.5208923475627,-0.01271209768767908
24.444444444444443,2,0.012689980355166641,80.53644092678552,0.012770839828911173
24.448412698412696,2,0.0038488345404550403,80.8470096428058,0.00385625081573461
24.452380952380953,2,-0.007781924440470015,80.22030596553421,-0.007751723657318933
24.456349206349206,2,0.0011524301101032606,80.31280755213983,0.001153094412845582
24.46031746031746,2,-0.005776814016743306,79.85019290565012,-0.005760160310537608
24.46428571428571,2,0.020575684383682277,81.5101844398764,0.020788823092609356
24.46825396825397,2,0.007129137399775887,82.09335803661726,0.007154610196852331
24.47222222222222,2,0.008677077114625882,82.8087878659796,0.008714832070131571
24.476190476190474,2,-0.03336190673336481,80.09170436037121,-0.03281153577571725
24.480158730158728,2,-0.0006033630217885626,80.04339456324631,-0.0006031810349237535
24.484126984126984,2,0.02648408631502173,82.1915916910067,0.026837906356695005
24.488095238095237,2,0.016945751074716305,83.59625789281328,0.017090144781322026
24.49206349206349,2,-0.0230330461600114,81.69278694496629,-0.022769810465531608
24.496031746031743,2,-0.003710699084495858,81.39021132596336,-0.003703822948368032
24.5,2,-0.01489962715344802,80.18651708908388,-0.014789176944863276
24.503968253968253,2,0.021795948555689195,81.953444267716,0.02203521542990996
24.507936507936506,2,0.003315712312362339,82.225629306191,0.0033212153669325106
24.51190476190476,2,-0.009435219565661991,81.45346095713029,-0.009390847544447335
24.515873015873016,2,0.0006684448757443465,81.50792630723281,0.0006686683348075493
24.51984126984127,2,-0.032611622699797914,78.89269579739276,-0.032085597417634115
24.523809523809522,2,-0.013431132338450405,77.84016174431653,-0.013341337147095384
24.527777777777775,2,0.0006972430256430335,77.89445417951904,0.0006974861560651511
24.53174603174603,2,0.010892603403906707,78.74756544254785,0.01095214379527841
24.535714285714285,2,-0.024220163713136275,76.86319846961113,-0.023929209269479196
24.539682539682538,2,-0.004564010262252048,76.51319336400903,-0.004553610994219106
24.54365079365079,2,0.012958939840235202,77.51117566385584,0.013043270787286865
24.547619047619047,2,-0.01804849779004592,76.1247643369546,-0.017886599126217675
24.5515873015873,2,0.0031255275504939307,76.36306660131457,0.0031304171045465788
24.555555555555554,2,0.0010692958480454456,76.44476498346137,0.0010698677486762605
24.559523809523807,2,0.021837257048794353,78.13246931626944,0.022077435036567936
24.563492063492063,2,-0.0026613482602310915,77.92480805702067,-0.002657810012482475
24.567460317460316,2,-0.0019238690863348118,77.77503504577022,-0.0019220196364274256
24.57142857142857,2,0.011009575656394922,78.6360361095967,0.01107040406114593
24.575396825396822,2,-0.01647232727343013,77.35132770496641,-0.01633740035980176
24.57936507936508,2,-0.002544771587257548,77.15473648994676,-0.0025415364008938668
24.583333333333332,2,-0.005503500213886694,76.73128169177568,-0.0054883837005429495
24.587301587301585,2,-0.0015120290980327514,76.6153494296925,-0.0015108865579599325
24.59126984126984,2,0.010927011784090869,77.45711688164599,0.01098692961944861
24.595238095238095,2,0.0072198736937983815,78.01837113661296,0.007245999819804412
24.599206349206348,2,-0.009194415235050522,77.30432548282177,-0.009152275847196583
24.6031746031746,2,0.00196034331630694,77.45601713588414,0.001962266045463643
24.607142857142854,2,0.01901589454557946,78.94300599312363,0.019197848175317674
24.61111111111111,2,-0.01023612803603381,78.13905695854487,-0.010183917174991322
24.615079365079364,2,0.002067024759802008,78.30073936718978,0.0020691625281671205
24.619047619047617,2,-0.0021955005440785734,78.12901862677454,-0.002193092195591605
24.62301587301587,2,-0.0005556933488276092,78.08561491146807,-0.0005555389798739013
24.626984126984127,2,-0.02030625972363724,76.5159787892702,-0.0201014761038574
24.63095238095238,2,0.018012036530465424,77.9066744258784,0.01817523161323288
24.634920634920633,2,-0.009517821700001282,77.16869016186598,-0.009472670595310357
24.63888888888889,2,0.01316538695371589,78.1913629989783,0.01325243223601773
24.642857142857142,2,-0.007590514168602719,77.60009719486084,-0.007561778966881838
24.646825396825395,2,-0.0076425226325248004,77.00929717265883,-0.007613392812105296
24.65079365079365,2,0.015522011573342603,78.21396159534498,0.01564310371493559
24.654761904761905,2,0.012759864250945854,79.21835546512375,0.012841618673851909
24.658730158730158,2,0.00286703845599252,79.44580343189634,0.002871152341362937
24.66269841269841,2,0.009827690786036214,80.230421398568,0.009876141127382282
24.666666666666664,2,-0.0033973280794033474,79.95831481451505,-0.00339156369005208
24.67063492063492,2,0.00013267303805831706,79.96892383080913,0.00013268183951506524
24.674603174603174,2,-0.00809758858949268,79.32398314197435,-0.008064891434569461
24.678571428571427,2,0.011628242975708119,80.25176547672827,0.011696113810792597
24.68253968253968,2,-0.008498091571646132,79.57266822711804,-0.008462084859767743
24.686507936507937,2,0.018949306413120096,81.09489209344014,0.019129983953502048
24.69047619047619,2,-0.0037410412614817617,80.79207952634206,-0.0037340522846882563
24.694444444444443,2,0.0004964788577822317,80.83220104462177,0.0004966021238091588
24.698412698412696,2,0.009797169787560223,81.62801986308568,0.00984531916957885
24.702380952380953,2,0.0005387586840482581,81.67200951648839,0.0005389038405750195
24.706349206349206,2,-0.003515196729035246,81.38542033955676,-0.003509025657973929
24.71031746031746,2,-0.00014016464953306052,81.37401378005464,-0.00014015482692750388
24.71428571428571,2,0.011499148003707483,82.3151463490125,0.011565517359161046
24.71825396825397,2,-0.0081130577893346,81.65002056003253,-0.008080235758311564
24.72222222222222,2,-0.0013523415595148125,81.53967647215859,-0.001351427557728645
24.726190476190474,2,0.0003676958206651876,81.56966378318246,0.00036776342905964237
24.730158730158728,2,0.011130844831401582,82.48267491985456,0.011193023169728873
24.734126984126984,2,-0.001019838232495655,82.39859881375362,-0.0010193183742242234
24.738095238095237,2,0.023020522381207987,84.31745944897865,0.023287539628704543
24.74206349206349,2,-0.001734105462961425,84.17137078510903,-0.001732602770817481
24.746031746031743,2,-0.002756437132997007,83.93967716429125,-0.002752641648302147
24.75,2,-0.0019167069524012967,83.77894349037145,-0.0019148712426571232
24.753968253968253,2,-0.016350027552732793,82.42029271126226,-0.01621709134187566
24.757936507936506,2,-0.012823435304893572,81.37012916277567,-0.01274156538324343
24.76190476190476,2,-0.0064476791393608315,80.84716843163785,-0.006426937458727991
24.765873015873016,2,0.014548206246388223,82.03194701754113,0.014654546459534632
24.76984126984127,2,-0.00017925388089257976,82.01724379052568,-0.0001792378158755921
24.773809523809522,2,-0.00586784761940758,81.53738833798637,-0.005850665425491051
24.777777777777775,2,0.01569098052978535,82.8268801495986,0.015814730369668614
24.78174603174603,2,0.019781090157348153,84.48159824108708,0.01997803235495277
24.785714285714285,2,0.016054427580162855,85.84884777961074,0.016183992336673083
24.789682539682538,2,-0.010509828469719078,84.95131583004618,-0.010454793194996119
24.79365079365079,2,-0.00600145088657283,84.44301148776492,-0.005983478152335694
24.797619047619047,2,0.02308902183790622,86.41540066941613,0.023357636669992396
24.8015873015873,2,0.0032761697917084286,86.69897646220896,0.0032815423014430326
24.805555555555554,2,-0.0031336888467865154,86.42771409455268,-0.003128783968683876
24.809523809523807,2,0.009288428859483994,87.23423161018118,0.00933170018526825
24.813492063492063,2,0.012928870609985073,88.36939407538574,0.013012809813895526
24.817460317460316,2,-0.006961492626146445,87.75634752547712,-0.006937317567048516
24.82142857142857,2,0.003002778848660206,88.02025646144926,0.0030072917049731498
24.825396825396822,2,0.01191165484719586,89.07499273205474,0.01198288113449705
24.82936507936508,2,-0.014380148750641303,87.80324694851922,-0.014277248243634999
24.833333333333332,2,0.00039363338176619765,87.83781604087363,0.0003937108655522194
24.837301587301585,2,-0.01380189469331307,86.63381561003872,-0.01370708522938045
24.84126984126984,2,-0.012153854234674627,85.58725360714872,-0.012080294461470428
24.845238095238095,2,-0.006856298896448035,85.00244890352789,-0.0068328481049892455
24.849206349206348,2,0.0062492363946625735,85.5353125621785,0.0062688036112393125
24.8531746031746,2,-0.0038190085329133836,85.20927543918168,-0.0038117253942323037
24.857142857142854,2,-0.007931205258348591,84.53613611741609,-0.007899836236091473
24.86111111111111,2,0.0008876216833732067,84.61120553655587,0.0008880157360808885
24.865079365079364,2,-0.014212276866919648,83.41719257684694,-0.014111759218381799
24.869047619047617,2,0.005640507979870395,83.88903738845671,0.00565644559633319
24.87301587301587,2,0.014492228613201527,85.11362859147697,0.01459775008919973
24.876984126984127,2,-0.0007597818823125962,85.04898535902343,-0.0007594933211440604
24.88095238095238,2,-0.002315042093856884,84.85232110872018,-0.002312364450592909
24.884920634920633,2,0.004943001448211984,85.27278457449734,0.004955238233712116
24.888888888888886,2,-0.025318217258704707,83.14093093267208,-0.025000399042472803
24.892857142857142,2,0.007001359474267461,83.72507298523267,0.007025926291751437
24.896825396825395,2,0.03931818300966959,87.08256341594706,0.040101373590998246
24.90079365079365,2,-0.0013074798707177196,86.96877911873885,-0.0013066254913134123
24.904761904761905,2,-0.0012627391149314074,86.85902954668957,-0.0012619421953643489
24.908730158730158,2,0.009606662835383546,87.69747584500094,0.009652954939597337
24.91269841269841,2,0.020967338400105524,89.55567112659726,0.021188697436178405
24.916666666666664,2,0.012521535488844908,90.68409570135506,0.01260025814738925
24.92063492063492,2,-0.02691999869120133,88.27544584710218,-0.02656088518746641
24.924603174603174,2,0.007336253397135615,88.92543822573312,0.007363229631904117
24.928571428571427,2,0.032641369303522405,91.87597917500896,0.033179942749183663
24.93253968253968,2,0.008080115312020339,92.62135498705062,0.008112847544424946
24.936507936507937,2,-0.014308521551411506,91.30551663345547,-0.014206641155045788
24.94047619047619,2,0.003788814753820901,91.6521125011315,0.0037960013858463525
24.944444444444443,2,-0.0158970474966635,90.20663437392685,-0.01577135635784439
24.948412698412696,2,0.01576996179603976,91.64046556829557,0.01589496387178318
24.952380952380953,2,-0.011804893383327133,90.565019892512,-0.011735489001658352
24.956349206349206,2,0.0011734771134505738,90.67135825124743,0.0011741659071199896
24.96031746031746,2,-0.010568916975594849,89.71810648653262,-0.010513262215322219
24.96428571428571,2,-0.006646503165172839,89.12377211836771,-0.006624464017797271
24.96825396825397,2,0.018961833427261394,90.82984626850956,0.019142750689187228
24.97222222222222,2,0.0015415329983644057,90.96997144981567,0.0015427217711225958
24.976190476190474,2,-0.006807193704811363,90.35282413659509,-0.0067840772442267615
24.980158730158728,2,-0.014190420978292323,89.07973373314245,-0.014090211519321088
24.984126984126984,2,-0.023343126959823105,87.0244162949751,-0.023072783808766727
24.988095238095237,2,-0.015526558936439906,85.68366215055896,-0.015406643347903376
24.99206349206349,2,0.0016486490944631427,85.82504095256789,0.0016500088635394898
24.996031746031743,2,0.012587879898798915,86.91222457306624,0.012667440742605491
25.0,2,-0.006821669979681136,86.32135570737773,-0.006798455206859688
25.003968253968253,2,0.02002508471755446,88.06737188303478,0.02022693181019905
25.007936507936506,2,-0.008801560394284423,87.29564278276742,-0.008762940051082333
25.01190476190476,2,-0.002760570608848489,87.05498932028846,-0.002756763737656563
25.015873015873016,2,-0.013363292967748073,85.89938652009712,-0.013274400573867608
25.01984126984127,2,0.01272051980088349,86.99905068896324,0.012801769761286826
25.023809523809522,2,0.026664245033715762,89.35001879944012,0.027022916823334586
25.027777777777775,2,-0.021958712067870374,87.40939227074784,-0.02171937459854741
25.03174603174603,2,-0.004123136890148018,87.04973335193331,-0.0041146484316068165
25.035714285714285,2,0.01617282351686049,88.46901932178463,0.016304311514813277
25.039682539682538,2,-0.017991704811194394,86.89154412758515,-0.01783082039670694
25.04365079365079,2,0.007377641380133126,87.5349693409189,0.00740492322692539
25.047619047619047,2,0.015627198452991098,88.91364000148712,0.015749941662728546
25.0515873015873,2,0.0012236856578458591,89.02250894464086,0.0012244346666264116
25.055555555555554,2,0.007170758292239446,89.66316207805171,0.007196529742935921
25.059523809523807,2,0.022423379984542302,91.69642434381478,0.02267667365994867
25.063492063492063,2,0.024785962428696053,93.99760920448844,0.025095688050445198
25.067460317460316,2,-0.0005426182625190582,93.94661822067162,-0.0005424710718536334
25.07142857142857,2,-0.0064692352036437775,93.34081709856852,-0.006448354752696822
25.075396825396822,2,-0.011352564690602763,92.28715165315525,-0.01128836749201208
25.07936507936508,2,0.012546686580285097,93.45234398656345,0.012625726469350979
25.083333333333332,2,-0.0170446522881515,91.87297937437995,-0.016900214000096468
25.087301587301585,2,-0.0029440385340766735,91.60289954065352,-0.0029397091023450417
25.09126984126984,2,0.0015318647435033372,91.74333032588551,0.0015330386476437928
25.095238095238095,2,-0.006099140749973468,91.18547778126971,-0.006080578747623803
25.099206349206348,2,0.003763499204937087,91.52930083747707,0.0037705900607560706
25.1031746031746,2,0.03254792606721747,94.55740163667849,0.03308340358218417
25.107142857142854,2,-0.0012939029992046225,94.43513265026631,-0.001293066267641016
25.11111111111111,2,-0.005247500045766271,93.94088221111318,-0.00523375596859209
25.115079365079364,2,0.013030073835828047,95.1729483670951,0.01311533516592962
25.119047619047617,2,0.003256565431464986,95.48339051398112,0.003261873801456968
25.12301587301587,2,0.018372021446403156,97.25382686171314,0.018541825318538263
25.126984126984127,2,0.0023129642193053662,97.47903182854974,0.002315641184555666
25.13095238095238,2,-0.0028917429913725375,97.19755469736123,-0.0028875659299079383
25.134920634920633,2,-0.02223472600597481,95.06024302343899,-0.021989356425448088
25.138888888888886,2,-0.02016864376061531,93.16221154521583,-0.019966617145667793
25.142857142857142,2,-0.02288953436627171,91.05399202989229,-0.022629556344315398
25.146825396825395,2,0.0050173195073079805,91.51198699307623,0.005029927331836028
25.15079365079365,2,-0.016924634987411372,89.97621288353068,-0.01678221793677969
25.154761904761905,2,0.016056883152496346,91.43261174243675,0.016186487653034116
25.158730158730158,2,0.0006191661362992369,91.4892412491083,0.0006193578592188114
25.16269841269841,2,-0.002838370768371731,91.22992904730555,-0.0028343464025102636
25.166666666666664,2,-0.010393479388430412,90.28664316282004,-0.010339653821240462
25.17063492063492,2,0.008077818566939569,91.01891588661051,0.0081105321688604
25.174603174603174,2,-0.009897624575252093,90.12248839733873,-0.009848804290181923
25.178571428571427,2,-0.012176500696009984,89.03176592262321,-0.012102667093552913
25.18253968253968,2,0.015209896954500495,90.39628066673049,0.015326156119301956
25.186507936507937,2,0.0047059019097703,90.82267920450191,0.004716992055717877
25.19047619047619,2,-0.002721737346645338,90.57581982218025,-0.002718036777640239
25.194444444444443,2,0.008319391239615734,91.33249869363351,0.008354093542170912
25.198412698412696,2,0.00035062626187092104,91.36452788104677,0.00035068773844356815
25.202380952380953,2,0.005063607356964388,91.82833525479987,0.0050764490827001525
25.206349206349206,2,-0.010053220993572481,90.90978961439667,-0.010002856284549937
25.21031746031746,2,0.026322665875959925,93.3345507147646,0.026672167108216613
25.21428571428571,2,-0.007064429949517086,92.67751882972694,-0.007039535520405914
25.21825396825397,2,0.019842058271741958,94.53479673209071,0.020040220388032846
25.22222222222222,2,-0.0021414285984122823,94.33257381507045,-0.0021391373759794643
25.226190476190474,2,0.010406563104288412,95.31937740859766,0.01046089970429174
25.230158730158728,2,0.009488441834108722,96.22811420710248,0.009533599811604674
25.234126984126984,2,0.014687069213261716,97.65185286200999,0.014795454183413551
25.238095238095237,2,-0.010352767977816727,96.6461010274268,-0.01029936253236706
25.24206349206349,2,0.013789827491243032,97.9880655524222,0.013885345717305318
25.246031746031743,2,0.023501050744527862,100.31816065341111,0.023779376476641658
25.25,2,-0.0030211299475826113,100.01554380655502,-0.003016570926789572
25.253968253968253,2,0.0006753505840150764,100.08311217607614,0.0006755786845671315
25.257936507936506,2,-0.006356712574353458,99.44893038958354,-0.00633655141915331
25.26190476190476,2,-0.004126591278185864,99.039390883053,-0.004118088600110498
25.265873015873016,2,0.021799995781245085,101.22215486527108,0.022039351845323366
25.26984126984127,2,-0.012414070543453884,99.973343349074,-0.012337333836246897
25.273809523809522,2,-0.011631486229001465,98.81724140873955,-0.011564102005648919
25.277777777777775,2,0.020533539354826262,100.86728441469153,0.020745802824755803
25.28174603174603,2,0.00810666579341648,101.6883051529811,0.008139613781155547
25.285714285714285,2,0.026952249363555295,104.46630218024535,0.027318746468288618
25.289682539682538,2,-0.005436898174199522,103.89987074298196,-0.005422144992612778
25.29365079365079,2,0.0018290880209953651,104.09008665973671,0.0018307618228443742
25.297619047619047,2,-0.008085651857973327,103.25184389359444,-0.0080530509008254
25.3015873015873,2,0.002043520261079665,103.46305686407548,0.0020456096716169056
25.305555555555554,2,-0.02211342220378718,101.20024605992319,-0.02187071281998778
25.309523809523807,2,0.008867711506141207,102.10165144084236,0.008907146138611042
25.313492063492063,2,0.00431348562140605,102.54301667320362,0.004322802091178736
25.317460317460316,2,-0.00048702535084326143,102.4930877838362,-0.000486906773247959
25.32142857142857,2,-0.0046800329695352695,102.0145374430068,-0.004669098679500361
25.325396825396822,2,-0.011034745405521046,100.89502114319272,-0.010974085928090875
25.32936507936508,2,0.00940641614804433,101.8485593571606,0.009450795521560848
25.333333333333332,2,-0.01451625173833048,100.38077913824443,-0.014411398925820829
25.337301587301585,2,0.006687377525870902,101.05431288180175,0.0067097879627899485
25.34126984126984,2,0.026373726178842337,103.7549480258126,0.026724590638399374
25.345238095238095,2,0.01895390679140607,105.7402649607428,0.019134672347735
25.349206349206348,2,-0.01872473441733729,103.77872851838495,-0.018550515672398692
25.3531746031746,2,-0.006524168699293138,103.1038624499647,-0.006502932518590972
25.357142857142854,2,0.005547875473206797,103.67745949089704,0.005563293433460982
25.36111111111111,2,-0.0006473737491124111,103.6103631457975,-0.0006471642479378502
25.365079365079364,2,-0.017392759589795245,101.8238740318158,-0.017242378655384746
25.369047619047617,2,0.0050926199227861405,102.34374695536407,0.005105609352340133
25.37301587301587,2,0.00011189422196787855,102.35519927001491,0.00011190048235983183
25.376984126984127,2,0.024356328379131972,104.8788042349242,0.024655366634107088
25.38095238095238,2,-0.0029522865330918807,104.56962856572137,-0.0029479328207278107
25.384920634920633,2,0.014953554705027183,106.1450660656856,0.015065918484868594
25.388888888888886,2,-0.015725718113408914,104.48891489099834,-0.015602714625118174
25.392857142857142,2,-0.012713604512839411,103.16889304909922,-0.012633128052637372
25.396825396825395,2,0.009330181315768573,104.1359820697513,0.009373843142736748
25.40079365079365,2,0.013891819683966732,105.59271526577598,0.01398875938048894
25.404761904761905,2,-0.011823919334357268,104.35154771079546,-0.011754291494981202
25.408730158730158,2,0.0005414420465325928,104.40806332493108,0.0005415886527358632
25.41269841269841,2,-0.017168166236686152,102.63086758482228,-0.017021633037842137
25.416666666666664,2,-0.0020450599668505693,102.4211957749491,-0.0020429702564869682
25.42063492063492,2,0.01078233122535648,103.53151016409399,0.010840670046311614
25.424603174603174,2,-0.0052418667588006755,102.99023167673087,-0.005228152149091826
25.428571428571427,2,-0.0028994471416733387,102.6920494345966,-0.0028952478043756166
25.43253968253968,2,-0.013995988839412003,101.26478395127185,-0.013898500333599755
25.436507936507937,2,-0.007930452966132883,100.4648843204956,-0.007899089886580335
25.44047619047619,2,0.022388210769385977,102.73948038608663,0.022640707556430894
25.444444444444443,2,0.001156862513665941,102.85840461584715,0.0011575319372224883
25.448412698412696,2,-0.012389795655743057,101.59187224159642,-0.012313358144927167
25.452380952380953,2,-0.003727658567532781,101.21387738422789,-0.0037207194732039226
25.456349206349206,2,-0.0198876010620582,99.22086002481026,-0.019691147211480686
25.46031746031746,2,-0.012539115881470612,97.98448588191599,-0.012460828726792763
25.46428571428571,2,0.01737676499083532,99.70201862981502,0.017528619275186577
25.46825396825397,2,-0.001557014576783437,99.54690192429685,-0.0015558030584527562
25.47222222222222,2,0.024059056391853097,101.97094967560986,0.02435081056722824
25.476190476190474,2,-0.0009631746128957847,101.87278112994417,-0.0009627109091161727
25.480158730158728,2,-0.00021519372675735704,101.85086110512822,-0.0002151705742481272
25.484126984126984,2,0.008312602667697433,102.70103553041882,0.008347248281122589
25.488095238095237,2,-0.03343334333139012,99.32416119529087,-0.03288062596143747
25.49206349206349,2,0.002820088020214934,99.60465940131311,0.0028240682090506547
25.496031746031743,2,-0.0003790765000557755,99.56690877127843,-0.0003790046596372864
25.5,2,0.018960425480050835,101.47275041440362,0.019141315791004365
25.503968253968253,2,0.012391913199358978,102.73801526465869,0.012469011090049938
25.507936507936506,2,-0.0140450774446594,101.30513787524765,-0.013946905492770148
25.51190476190476,2,0.015887570851228005,102.92748387411915,0.016014449344803703
25.515873015873016,2,-0.003066757142700972,102.61231379982071,-0.003062059446472994
25.51984126984127,2,-0.011156944329854097,101.47383669954482,-0.01109493644687589
25.523809523809522,2,0.0027213627828932213,101.75035991150858,0.002725069051862844
25.527777777777775,2,-0.0023165585171012826,101.51492205670998,-0.0023138773661669945
25.53174603174603,2,0.019620936293420783,103.52640897189532,0.01981469201209274
25.535714285714285,2,0.004529529421229043,103.9963984993537,0.0045398032456243345
25.539682539682538,2,0.002829154093172756,104.29103692807514,0.002833159926429922
25.54365079365079,2,0.01158518190605371,105.50629345376089,0.011652550031924884
25.547619047619047,2,0.01400698341140035,106.99451678389052,0.014105540829959426
25.5515873015873,2,0.01011059145520939,108.08178181526988,0.010161876178902202
25.555555555555554,2,0.01812165402004029,110.05825688155417,0.0182868475434869
25.559523809523807,2,0.007906772818993402,110.93191185976515,0.007938113894999842
25.563492063492063,2,0.0023503051552503347,111.19294233456664,0.002353069287505627
25.567460317460316,2,0.015850195751923885,112.96941375512141,0.01597647641349048
25.57142857142857,2,-0.0009070884847287107,112.8669869628826,-0.0009066772043344498
25.575396825396822,2,0.0006569619724153271,112.94116064323427,0.0006571778191970483
25.57936507936508,2,0.021927925647794517,115.44507854931248,0.02217010956694381
25.583333333333332,2,0.02067241851421355,117.85644605362046,0.020887572988032895
25.587301587301585,2,0.00013508975292194126,117.87236832724187,0.00013509887795350831
25.59126984126984,2,-0.005476117525198803,117.22864953383649,-0.005461150925705734
25.595238095238095,2,0.018672348602340957,119.43814780915675,0.018847767027141922
25.599206349206348,2,0.01032241866597307,120.67742353300676,0.01037587861652251
25.6031746031746,2,0.004214045319238481,121.18703667707611,0.004222936893660011
25.607142857142854,2,-0.003817119738004566,120.72533299710138,-0.0038098437971140296
25.61111111111111,2,0.0044170793238560765,121.25976581650211,0.004426848997911446
25.615079365079364,2,-3.540564861467745e-05,121.25547261184481,-3.5405021842097654e-05
25.619047619047617,2,-0.008131779093311987,120.27344810929584,-0.008098805615912596
25.62301587301587,2,0.0018638757621071674,120.49783192086602,0.0018656138582327842
25.626984126984127,2,0.0035821238892336156,120.93024409780647,0.0035885473626149195
25.63095238095238,2,-0.004491438049863719,120.38831133783012,-0.004481366626019875
25.634920634920633,2,0.01162522857434518,121.79601958608566,0.011693064157244687
25.638888888888886,2,0.01647585710333006,123.819335563461,0.016612332523274435
25.642857142857142,2,0.012457657593273004,125.3714824329488,0.012535577439698967
25.646825396825395,2,-0.003242307273140013,124.96564783936924,-0.003237056671134567
25.65079365079365,2,0.009760551122081886,126.19135348401376,0.009808340658707304
25.654761904761905,2,0.0012203165216301379,126.34544087613048,0.0012210614108059935
25.658730158730158,2,-0.015330840680636488,124.42323124481905,-0.015213921594496273
25.66269841269841,2,0.00871368873881942,125.51215393043425,0.008751763434536262
25.666666666666664,2,0.0020791808602374554,125.77338788081903,0.0020813438555886475
25.67063492063492,2,0.03291372869897057,129.98193867174228,0.03346137733771747
25.674603174603174,2,0.018597982367121325,132.4219598807686,0.01877200197166207
25.678571428571427,2,0.009197745047968126,133.64556186984174,0.009240174289632917
25.68253968253968,2,0.0033773484783896314,134.09769257657527,0.0033830581457978863
25.686507936507937,2,0.0023008017665247754,134.40657999263573,0.0023034506420321105
25.69047619047619,2,-0.012407202645542533,132.74927285080133,-0.012330550646591732
25.694444444444443,2,-0.021671084458517814,129.9034000975712,-0.02143795361070444
25.698412698412696,2,-0.010755116223018581,128.51376019631672,-0.010697486749466426
25.702380952380953,2,-0.0003630826827833767,128.4671075453874,-0.0003630167762428573
25.706349206349206,2,-0.026289206218187675,125.13381603069473,-0.02594665341488303
25.71031746031746,2,-0.006619714740698352,124.30820154525577,-0.006597852695840706
25.71428571428571,2,-0.002881535747741095,123.9505186043502,-0.002877388108421781
25.71825396825397,2,-0.0024760242205822697,123.64399375620704,-0.0024729614010051367
25.72222222222222,2,-0.008098838464136488,122.6466650769741,-0.008066131228335167
25.726190476190474,2,-0.004064574391172663,122.14917032007969,-0.004056325188965271
25.730158730158728,2,0.021957115980451733,124.86087548688363,0.022199947487961634
25.734126984126984,2,0.008580341650566646,125.93683390155012,0.008617258292246263
25.738095238095237,2,-0.006821031024137088,125.08073789838205,-0.006797820595023541
25.74206349206349,2,-0.0006230059555572841,125.00283612290065,-0.0006228119276425614
25.746031746031743,2,-0.00011861926153617607,124.988009258183,-0.00011861222654973676
25.75,2,-0.009437233788843721,123.81401652904198,-0.009392842850356749
25.753968253968253,2,-0.00945203467607237,122.64923559817423,-0.009407504606673845
25.757936507936506,2,0.01296950119829363,124.25029503486013,0.01305396995649711
25.76190476190476,2,-0.005050690796093091,123.6243273286571,-0.005037957503661579
25.765873015873016,2,-0.013553782862879043,121.96005411621661,-0.013462343928602053
25.76984126984127,2,-0.00030542200895955024,121.92281051927226,-0.00030537537240583597
25.773809523809522,2,0.0017248783764751783,122.13329401576588,0.0017263668348621957
25.777777777777775,2,-0.024615641845254745,119.16360494459344,-0.024315147602497013
25.78174603174603,2,-0.0002752606172187875,119.1308084111505,-0.00027522273649086226
25.785714285714285,2,0.011173614520379368,120.46939463828247,0.011236272505700081
25.789682539682538,2,0.005923051134929807,121.1850583871354,0.005940627086254666
25.79365079365079,2,0.028330873092535788,124.66743333753939,0.02873600918092803
25.797619047619047,2,0.016000593110060902,126.67823028433642,0.016129288082420035
25.8015873015873,2,0.018492948074431737,129.04267965457893,0.018665001594475858
25.805555555555554,2,0.035515862076375485,133.7080994767039,0.036154083552924536
25.809523809523807,2,0.009789966302771291,135.0235257481928,0.00983804479038351
25.813492063492063,2,0.0022925867449215204,135.33343400361625,0.0022952167313529926
25.817460317460316,2,0.012506069799916027,137.0365508269787,0.012584597707887493
25.82142857142857,2,-0.006807621556428049,136.10682604734808,-0.006784502193174123
25.825396825396822,2,0.0015948153380358832,136.3240644826898,0.0015960877323385116
25.82936507936508,2,-0.007922506004224884,135.24830325248038,-0.007891205667111018
25.833333333333332,2,0.005252229356930739,135.9605271055349,0.00526604649320446
25.837301587301585,2,-0.00797518725868267,134.88052876090808,-0.007943469826272255
25.84126984126984,2,-0.008416390376746534,133.7500853760116,-0.008381071717922349
25.845238095238095,2,0.005447369082495629,134.48065950274844,0.005462232974902388
25.849206349206348,2,-0.0014969058333037114,134.27950521114946,-0.0014957860285839202
25.8531746031746,2,-0.024046388437749013,131.08908089229277,-0.023759577560550943
25.857142857142854,2,-0.018100198251860003,128.7376870826161,-0.017937373530055277
25.86111111111111,2,-0.014216103923450667,126.92048610737014,-0.014115532261192708
25.865079365079364,2,-0.010886305134448802,125.54628452819294,-0.010827263756416681
25.869047619047617,2,0.005459338415732666,126.2335585059044,0.00547426775945015
25.87301587301587,2,0.0029964654365845266,126.61238028063455,0.003000959326615183
25.876984126984127,2,0.013659353782491522,128.35368907852126,0.013753068965507619
25.88095238095238,2,0.009722506714380975,129.60769484402454,0.0097699238292729
25.884920634920633,2,0.013742803103115608,131.4011632899683,0.013837669500272853
25.888888888888886,2,0.007903166767617516,132.4437630902244,0.007934479224930829
25.892857142857142,2,0.002879806223485364,132.82572518786978,0.002883956848803625
25.896825396825395,2,0.014088625302279556,134.7103014325694,0.014188337703664539
25.90079365079365,2,0.01182160761502821,136.31224386929634,0.011891758979760329
25.904761904761905,2,0.0049764514847204355,136.99228583216325,0.004988854585351354
25.908730158730158,2,0.016252095565645445,139.23688789139194,0.016384879233117895
25.91269841269841,2,-0.029316058657539352,135.21426296615996,-0.02889051160328844
25.916666666666664,2,-0.003421396779990847,134.75243182654012,-0.0034155504714421126
25.92063492063492,2,-0.003614502501948186,134.26624801018735,-0.003607978051028476
25.924603174603174,2,0.014760534449231285,136.26278834119458,0.014870009109480067
25.928571428571427,2,0.020035811301823032,139.02045767589593,0.020237875419049846
25.93253968253968,2,-0.018032447476250595,136.53604590789845,-0.017870835771448
25.936507936507937,2,0.01801713048160362,139.01832831659763,0.01818041816132284
25.94047619047619,2,-0.014520726841758593,137.0142665748404,-0.01441580952687925
25.944444444444443,2,-0.014139865391187835,135.09053598636154,-0.014040367011183816
25.948412698412696,2,-0.002713627162363398,134.72444757690582,-0.0027099486043392074
25.952380952380953,2,-0.0037709294801620183,134.2173678676372,-0.003763828454216715
25.956349206349206,2,-0.019396116957126855,131.6391565751106,-0.019209222572962852
25.96031746031746,2,0.008425788097142659,132.75300615425886,0.008461384956631665
25.96428571428571,2,0.008797761218861283,133.92608808441835,0.008836575262155193
25.96825396825397,2,0.013517771118888789,135.74876177820036,0.013609549265958453
25.97222222222222,2,-0.005222928604989149,135.0416040120244,-0.005209312828439437
25.976190476190474,2,-0.0002606000953992957,135.0064167422381,-0.0002605661421439059
25.980158730158728,2,-0.0001452510068245019,134.98680834838243,-0.00014524045840773903
25.984126984126984,2,0.021504838820648773,137.9211157264582,0.021737734331066943
25.988095238095237,2,-0.03547003261680864,133.1147933602218,-0.03484834313383048
25.99206349206349,2,-0.01181827031406558,131.55086640818635,-0.011748708859152487
25.996031746031743,2,0.00030790329562286397,131.59137758993856,0.0003079507027080661
26.0,2,-0.013438804153716132,129.83477658361863,-0.013348906581051435
26.003968253968253,2,-0.0030164353520225353,129.44372845581674,-0.003011890481823586
26.007936507936506,2,-0.0013503072173517107,129.26905761123322,-0.0013493959627651254
26.01190476190476,2,-0.008047970879079255,128.23287915976633,-0.008015672664552512
26.015873015873016,2,0.0010503273607574853,128.36763641852608,0.001050879147708597
26.01984126984127,2,0.00815203226272386,129.41837052232967,0.008185350553451798
26.023809523809522,2,-0.0027385821747683025,129.06443254505373,-0.0027348356794131487
26.027777777777775,2,-0.005471621721739766,128.36016928058044,-0.005456679664456971
26.03174603174603,2,-0.0018503464074547376,128.12287810563114,-0.0018486355719164336
26.035714285714285,2,0.00014440607672810044,128.14138116374238,0.00014441650378750265
26.039682539682538,2,-0.021687870341213836,125.39218734252898,-0.021454379500563996
26.04365079365079,2,0.006053128017014531,126.1535041543331,0.006071485217212722
26.047619047619047,2,-0.005443986162383803,125.46859224043114,-0.005429194523713892
26.0515873015873,2,0.01613194322921574,127.50905854010583,0.016262765551435205
26.055555555555554,2,0.007684669086144574,128.49269809203994,0.007714271936410618
26.059523809523807,2,0.014979546299984686,130.43194869771847,0.015092302009950482
26.063492063492063,2,-0.012499355298630924,128.8117800541277,-0.012421562813153287
26.067460317460316,2,-0.004440936632540517,128.24100343085743,-0.004431090254559508
26.07142857142857,2,-0.015415410343494137,126.27927501215797,-0.015297201099624463
26.075396825396822,2,-0.008646478883695182,125.19211077181012,-0.00860920559009531
26.07936507936508,2,0.01601314080230806,127.21296661123526,0.016142038240002574
26.083333333333332,2,0.0189787149844508,129.65036139702238,0.019159955551039175
26.087301587301585,2,-0.014227024619075275,127.81888165932384,-0.01412629874659705
26.09126984126984,2,-0.005535660675152746,127.113274505325,-0.00552036713855377
26.095238095238095,2,-0.0007218799959752911,127.02154708731412,-0.0007216195032962516
26.099206349206348,2,0.0076160328313573805,127.99264060634819,0.007645108576473448
26.1031746031746,2,-0.02193343005703142,125.21588616853556,-0.021694641384521096
26.107142857142854,2,-0.019957807463526246,122.74162417053154,-0.0197599687524776
26.11111111111111,2,0.0064068048194376595,123.53053028503417,0.006427372293905343
26.115079365079364,2,-0.02431748261442882,120.56280876364639,-0.024024194784398892
26.119047619047617,2,-0.005391022967010354,119.91460071478579,-0.005376517480870781
26.12301587301587,2,0.002280260071463731,120.18834918101494,0.0022828618416555427
26.126984126984127,2,0.005474994213883237,120.84818434596899,0.005490009384855318
26.13095238095238,2,-0.001547384938507955,120.66133029052513,-0.0015461883557049744
26.134920634920633,2,-0.004370006280717559,120.13518997486408,-0.004360471697057309
26.138888888888886,2,0.01087868790181821,121.4492378114606,0.010938075986490594
26.142857142857142,2,0.0038313521600266387,121.91544514301845,0.0038387011722676393
26.146825396825395,2,-0.007913547980041227,120.95446879960107,-0.007882318292731966
26.15079365079365,2,0.0007133590635913628,121.04078354924533,0.0007136135646814554
26.1547619047619,2,0.005065571162152191,121.65547983129106,0.005078422858983055
26.158730158730158,2,0.02188584968709523,124.34736300373808,0.022127101682391064
26.16269841269841,2,0.01014484226811221,125.61526786111232,0.010196475636851166
26.166666666666664,2,0.015540073304774447,127.58258486601618,0.015661448153571154
26.17063492063492,2,-0.00745483485383563,126.63501414562924,-0.007427116493853946
26.174603174603174,2,-0.006365988626008671,125.83141764288666,-0.006345768649880424
26.178571428571427,2,-0.0027274139265873456,125.48869087334339,-0.0027236979123612362
26.18253968253968,2,-0.001570750086075884,125.29173422668258,-0.0015695171038129223
26.186507936507937,2,-0.012461825493775362,123.74005893313948,-0.012384498491622075
26.19047619047619,2,0.01618735977230216,125.75938345808228,0.016319084881266384
26.194444444444443,2,0.011367279779673226,127.19708143133525,0.011432132805677977
26.198412698412696,2,-0.0036130838204851564,126.73833695457783,-0.003606564487134328
26.202380952380953,2,0.00832288948072625,127.79756794279957,0.00835762101408487
26.206349206349206,2,0.0030463607273933527,128.18747903821972,0.003051005599688608
26.21031746031746,2,0.009307075353762675,129.38609873476636,0.00935052085851029
26.21428571428571,2,-0.01669858254543526,127.24347347490728,-0.016559934033186903
26.21825396825397,2,-0.0015970617875389933,127.04041997335999,-0.0015957871630040618
26.22222222222222,2,-0.0004931214823762709,126.97778905673535,-0.0004929999179609097
26.226190476190474,2,0.008095247155631431,128.00987751167273,0.008128102265792058
26.230158730158728,2,-0.0076794743202376935,127.03059394878271,-0.00765006249459706
26.234126984126984,2,-0.03125807138481739,123.12127968719169,-0.030774588546497825
26.238095238095237,2,-0.013390040220179929,121.48366910363677,-0.01330079241960018
26.24206349206349,2,-0.0005310370868213597,121.41917389608882,-0.000530896111583034
26.246031746031743,2,0.0010429608256275502,121.54587539880934,0.0010435048984018696
26.25,2,0.02145132763303617,124.18136207730495,0.021683061394294215
26.253968253968253,2,0.007580010282806616,125.12623462651412,0.007608811285392202
26.257936507936506,2,0.0012652802055627386,125.28465457606184,0.0012660810102738678
26.26190476190476,2,-0.0001699964905311656,125.26335843465239,-0.00016998204194651698
26.265873015873016,2,0.014149498243005711,127.04837083858078,0.014250076209313864
26.26984126984127,2,-0.007196597630802193,126.1373369381556,-0.007170764130322391
26.273809523809522,2,-0.0015293143587418864,125.94458072759106,-0.0015281455534374632
26.277777777777775,2,-0.013485267140207919,124.2575847724597,-0.013394748272497873
26.28174603174603,2,0.018114631136252755,126.5289756799034,0.01827969625840558
26.285714285714285,2,0.0051831170341117986,127.18649269086929,0.005196572622458246
26.289682539682538,2,-0.00867586041910086,126.08781331903435,-0.008638333745905061
26.29365079365079,2,-0.0012039023505122596,125.93610724218324,-0.0012031779508088062
26.297619047619047,2,0.006659091309228977,126.77752571136146,0.0066813123543675995
26.3015873015873,2,-0.0029206661525888046,126.40779108164509,-0.0029164051565264814
26.305555555555554,2,-0.006495601657722003,125.58935741156634,-0.006474550841175081
26.309523809523807,2,-0.00800497839280051,124.58803046645436,-0.007973023875188636
26.313492063492063,2,0.004508613758657729,125.15101796769484,0.004518792849784136
26.317460317460316,2,-0.004272964660256939,124.6173929829947,-0.0042638485356778924
26.32142857142857,2,-0.005478714865020165,123.93651668627848,-0.005463734077707663
26.325396825396822,2,-0.016594700667148084,121.8967983563226,-0.016457767125398145
26.32936507936508,2,0.0012162745578027131,122.04514852982366,0.0012170145196712145
26.333333333333332,2,-0.002045105479901546,121.79580837812979,-0.002043015676555102
26.337301587301585,2,-0.0038142930481963747,121.33212834087172,-0.0038070278725725994
26.34126984126984,2,0.002742370383652256,121.66532263848785,0.002746134121047068
26.345238095238095,2,0.009662037939584677,122.84655496806593,0.009708866125213676
26.349206349206348,2,0.009076989367543538,123.9667079588086,0.009118310163715549
26.3531746031746,2,0.007201819790087205,124.8627164225313,0.007227815261661822
26.357142857142854,2,-0.0027940652630225713,124.51432877948363,-0.002790165495589325
26.36111111111111,2,-0.006905412336609439,123.6574678912475,-0.006881624762669579
26.365079365079364,2,-0.012914005603188913,122.0708216875642,-0.012830977625053435
26.369047619047617,2,-0.0072349743188391625,121.19082962614225,-0.007208864897086048
26.37301587301587,2,0.0004856631665243946,121.2497018430886,0.00048578111997449634
26.376984126984127,2,-0.009668178748733087,120.08308666179465,-0.009621592165263409
26.38095238095238,2,0.0014483014369385161,120.25712917134497,0.0014493507319686576
26.384920634920633,2,-0.011925515577911331,118.83151837153491,-0.011854688446610804
26.388888888888886,2,-0.02068843556194276,116.39833631128856,-0.020475898091605937
26.392857142857142,2,0.01056164199320182,117.63420880113986,0.010617613009056842
26.396825396825395,2,-0.00573896684608267,116.96104346124757,-0.0057225304335595814
26.40079365079365,2,-0.010307537549629972,115.76165510329388,-0.01025459693638179
26.4047619047619,2,-0.013543083372342632,114.20445381148495,-0.01345178842181793
26.408730158730158,2,0.005567847546525924,114.84210031138971,0.005583376817837203
26.41269841269841,2,0.017560304191472337,116.8765732288655,0.017715392804201428
26.416666666666664,2,-0.004840158077204158,116.3122389741437,-0.0048284633877544334
26.42063492063492,2,-0.002477748005385873,116.02440329542057,-0.002474680921473415
26.424603174603174,2,0.013739387358881298,117.6295088491861,0.013834206496013104
26.428571428571427,2,-0.022571376647225052,115.00418890135693,-0.022318548921215577
26.43253968253968,2,0.025018310907990577,117.91769296446721,0.025333895147151782
26.436507936507937,2,0.031030864663111214,121.63414508356513,0.03151734083042002
26.44047619047619,2,-0.03385855269831662,117.58472949520126,-0.03329176676156046
26.444444444444443,2,-0.0009903299797120989,117.46833945421182,-0.0009898397648159308
26.448412698412696,2,-0.008819785962642351,116.43684929057962,-0.008781005745248071
26.452380952380953,2,-0.003097715523829015,116.07671913335506,-0.003092922553459277
26.456349206349206,2,-0.005033061173648474,115.49396565225797,-0.0050204165438858485
26.46031746031746,2,0.010465298567001775,116.70899119868737,0.010520251335795339
26.46428571428571,2,-0.001180152280699908,116.5713380583563,-0.0011794561748609807
26.46825396825397,2,-0.011238256934417759,115.26861329882647,-0.01117534362415678
26.47222222222222,2,-0.0019312338868687762,115.04621746503847,-0.0019293702546021938
26.476190476190474,2,0.00672376699932705,115.82236782844492,0.006746422268444569
26.480158730158728,2,-0.014675391689857679,114.1350405909673,-0.014568232968409575
26.484126984126984,2,-0.02050249971862392,111.81881232352569,-0.020293752518495863
26.488095238095237,2,0.02534429465678368,114.68899904718934,0.02566819181873724
26.49206349206349,2,-0.00785572014334032,113.79156398174524,-0.00782494461456426
26.496031746031743,2,-0.0014923897391474522,113.62186927607182,-0.0014912766793558885
26.5,2,-0.004773655792849904,113.08077011970629,-0.004762280006596761
26.503968253968253,2,0.007143351245970042,113.89143777454714,0.007168925839315333
26.507936507936506,2,0.022573148872667734,116.49156224694701,0.022829850278534142
26.51190476190476,2,0.00754457486707609,117.37376529856317,0.007573106880874508
26.515873015873016,2,-0.018891507522755775,115.17721136283494,-0.018714181402810982
26.51984126984127,2,-0.01720022081753825,113.2130780807663,-0.01705314149238394
26.523809523809522,2,-0.004788388463760854,112.6722657268973,-0.004776942408395153
26.527777777777775,2,-0.0031413254254104286,112.31888081293633,-0.003136396625035654
26.53174603174603,2,-0.021456451566629786,109.93458690275544,-0.0212278994673383
26.535714285714285,2,0.010560820541716164,111.10173853807368,0.01061678283605818
26.539682539682538,2,-0.013448257334530188,109.61761556929828,-0.013358233528153182
26.54365079365079,2,0.01905192650385247,111.72606354667151,0.019234572531276327
26.547619047619047,2,0.023175909909637936,114.34565518743747,0.023446558104784635
26.5515873015873,2,-0.0028896052830380925,114.01571830137594,-0.0028854343920689455
26.555555555555554,2,0.005768630661466179,114.67533357914377,0.005785301251396841
26.559523809523807,2,-0.015282980847579319,112.93607701769861,-0.015166788769311186
26.563492063492063,2,0.00809567837362888,113.85408209711457,0.00812853698886722
26.567460317460316,2,-0.006038539321256811,113.16864135873327,-0.00602034398552879
26.57142857142857,2,-0.01345978227394342,111.65562138771253,-0.01336960444920962
26.575396825396822,2,-0.0034071829738437664,111.27583761938678,-0.003401385112595725
26.57936507936508,2,-0.005629778113639101,110.65113945017265,-0.0056139606097675675
26.583333333333332,2,-0.003858528175248394,110.22501155292076,-0.0038510936206288173
26.587301587301585,2,0.012202937371276546,111.57832084633667,0.012277696997710256
26.59126984126984,2,-0.009655850441928416,110.5061220936475,-0.009609382401136195
26.595238095238095,2,0.022097330363709294,112.97519183757329,0.022343284671897157
26.599206349206348,2,-0.016456086956125927,111.13127569032187,-0.016321425237343146
26.6031746031746,2,0.020590603634265233,113.44325659645085,0.02080405261045957
26.607142857142854,2,-0.012568734812479608,112.02634145617426,-0.01249007814820495
26.61111111111111,2,0.00022532970803731335,112.05158716318414,0.00022535509668287834
26.615079365079364,2,-0.005937795285301133,111.3882191978566,-0.005920201419025594
26.619047619047617,2,-0.004092478968436996,110.93329676862918,-0.0040841161884401095
26.62301587301587,2,0.01033424742247043,112.08565301648606,0.010387830177447382
26.626984126984127,2,0.019134136738752056,114.25096485173181,0.019318367489256295
26.63095238095238,2,0.015237296661862737,116.00517144003553,0.015353976139985327
26.634920634920633,2,-0.004862615105172597,115.44245219345945,-0.004850811731845896
26.638888888888886,2,0.0025594928392730708,115.73830477797158,0.0025627711374004154
26.642857142857142,2,-0.009615159807679413,114.6307954537749,-0.009569081958832118
26.646825396825395,2,-0.012254264473719065,113.2346512010982,-0.012179486735216963
26.65079365079365,2,-0.014203938686695968,111.63764191906814,-0.014103538670277598
26.6547619047619,2,-0.00527481024114347,111.0503248968714,-0.005260922858103012
26.658730158730158,2,0.0033828305976518445,111.42662545548265,0.0033885588264660057
26.66269841269841,2,-0.0238485117401224,108.80070289953639,-0.023566383215969943
26.666666666666664,2,-0.000345906520836948,108.76307453525524,-0.00034584670207380146
26.67063492063492,2,0.01933821648039888,110.88682702441969,0.019526410946354794
26.674603174603174,2,0.014372846104289254,112.49209482333274,0.014476632094086249
26.678571428571427,2,-0.007134531131831181,111.69237268423404,-0.0071091407832229725
26.68253968253968,2,-0.017360849195835908,109.77003325061268,-0.01721101797215788
26.686507936507937,2,0.006031412553316893,110.43410223101034,0.006049638145608763
26.69047619047619,2,-0.028958756339450543,107.28192975404144,-0.028543469936262295
26.694444444444443,2,0.014224722417049264,108.81889093223178,0.014326375203298741
26.698412698412696,2,-0.002452853793912079,108.55230118925175,-0.0024498480061331696
26.702380952380953,2,0.02331031059105078,111.11241160683007,0.02358411926353321
26.706349206349206,2,-0.021519624750605867,108.74685840137336,-0.02128972966429014
26.71031746031746,2,0.011805650376631572,110.03829390999014,0.011875612110560759
26.71428571428571,2,-0.0010281970798797268,109.92521100323664,-0.0010276686663821118
26.71825396825397,2,-0.0039327494174804115,109.49375166053431,-0.00392502628618728
26.72222222222222,2,-0.01702031020970616,107.6459041189484,-0.016876283016722303
26.726190476190474,2,0.007743813358316711,108.48272983852736,0.00777387422613142
26.730158730158728,2,0.008756625582062643,109.43684379853813,0.008795076980740994
26.734126984126984,2,0.02272859153556716,111.95267142632555,0.022988854031817708
26.738095238095237,2,0.012938334783725797,113.41056357995244,0.013022397188497402
26.74206349206349,2,-0.0072442825962846305,112.59195410717754,-0.007218106029407409
26.746031746031743,2,-0.012409384508260606,111.2033906838633,-0.012332705603390146
26.75,2,-0.017003276211535787,109.32855307677518,-0.01685953634649499
26.753968253968253,2,0.018798977352228106,111.40325813676303,0.0189767906150813
26.757936507936506,2,-0.009565979204118636,110.34265781423872,-0.0095203707706846
26.76190476190476,2,0.01888723865003716,112.4465315663317,0.019066730798118544
26.765873015873016,2,0.0068533811453055865,113.21981728983049,0.006876919303131998
26.76984126984127,2,0.004394480864291464,113.7184544336117,0.004404150754852385
26.773809523809522,2,-0.0036280820965742277,113.3066220775749,-0.003621508558905551
26.777777777777775,2,0.008561791551240797,114.28089456463157,0.008598548515457823
26.78174603174603,2,4.3181947339816394e-05,114.28582954275281,4.318287969352466e-05
26.785714285714285,2,-0.004413554999838467,113.7825342261377,-0.004403829579124082
26.789682539682538,2,0.009006931318008126,114.81199487823804,0.009047615779539256
26.79365079365079,2,-0.001575782841564479,114.63121857620764,-0.0015745419476612828
26.797619047619047,2,-0.009819977559603387,113.51105159113116,-0.009771919019876792
26.8015873015873,2,0.007795202274222209,114.39935093704996,0.007825663963703622
26.805555555555554,2,-0.0005680482488981139,114.33438503970407,-0.0005678869400367603
26.809523809523807,2,0.006397782402861028,115.0682165002815,0.006418291927861867
26.813492063492063,2,-0.0054800015013341825,114.43936712258761,-0.005465013683359813
26.817460317460316,2,-0.014995401319503656,112.73610534921607,-0.01488353017145745
26.82142857142857,2,0.022097972433886566,115.25507424565681,0.022343941088241913
26.825396825396822,2,0.01972356746540563,117.5508818103637,0.01991936216025942
26.82936507936508,2,0.011372739142657153,118.89538819395376,0.011437654595897285
26.833333333333332,2,-0.004647860139399242,118.34406129607262,-0.004637075552348485
26.837301587301585,2,-0.0035455555772722293,117.92520882065386,-0.0035392775170253795
26.84126984126984,2,0.01765378405857685,120.02551966165211,0.017810533150655172
26.845238095238095,2,-0.004219744218038176,119.52010976923243,-0.004210853607169496
26.849206349206348,2,-0.007731361726131826,118.59961947388642,-0.007701551622763221
26.8531746031746,2,0.02382603498897969,121.4593104243191,0.02411214271275444
26.857142857142854,2,-0.0003625870887543943,121.41527882967648,-0.00036252136200005947
26.86111111111111,2,0.02251816014969208,124.18034276066822,0.022773607717613418
26.865079365079364,2,-0.017379986814715195,122.0407370581633,-0.017229826033163368
26.869047619047617,2,0.006766611109528319,122.86933951906362,0.006789556347118983
26.87301587301587,2,0.026331283343811525,126.14761814355228,0.026681014460731633
26.876984126984127,2,0.0006129193889825319,126.2249601643772,0.0006131072624530309
26.88095238095238,2,-0.003088048721640302,125.83577256191747,-0.0030832856033619033
26.884920634920633,2,-0.014474196033258138,124.02751899946763,-0.014369948430682601
26.888888888888886,2,0.013874335977589091,125.76031134373142,0.013971031253726836
26.892857142857142,2,-0.009464606592067897,124.57565447092053,-0.009419958174028964
26.896825396825395,2,-0.0009563803347914634,124.45656971902517,-0.0009559231488785627
26.90079365079365,2,-0.015315171548921563,122.56501769775976,-0.015198490730828912
26.9047619047619,2,0.019853123473319828,125.0226310572467,0.0200515074011354
26.908730158730158,2,0.014788282499912916,126.8852394891677,0.014898170164633491
26.91269841269841,2,-0.0001598351982870831,126.86496038245501,-0.00015982242532230957
26.916666666666664,2,-0.01430281456901389,125.06334914744792,-0.014201015233645671
26.920634920634917,2,0.019588705186700195,127.5373301572598,0.01978182278562789
26.924603174603174,2,-0.004372211174262474,126.98092725905536,-0.00436266697380615
26.928571428571427,2,-0.013686176936132772,125.25488224207199,-0.013592947021579031
26.93253968253968,2,-0.021962504960713163,122.53395977529902,-0.02172308510509295
26.936507936507937,2,-0.007900300450523649,121.56971859044928,-0.007869175097401397
26.94047619047619,2,-0.018088622475276775,119.39045916743119,-0.017926005326702757
26.944444444444443,2,-0.0076087097370886115,118.4854989738272,-0.007579836780214075
26.948412698412696,2,0.009616763729279342,119.6304425247211,0.009663153388473398
26.952380952380953,2,-0.004491502266720647,119.09432700427124,-0.00448143055509547
26.956349206349206,2,0.004719410628877853,119.65771041011263,0.004730564587019694
26.96031746031746,2,-0.00887506487521839,118.60043908302414,-0.008835797738940322
26.96428571428571,2,0.0010591482989239067,118.72612108251943,0.0010597093945604742
26.96825396825397,2,0.024439170802186383,121.66343560318829,0.02474025508360864
26.97222222222222,2,-0.004152416656321042,121.15928577120701,-0.0041438072949514446
26.976190476190474,2,0.005081450898066836,121.77651762123214,0.005094383365635544
26.980158730158728,2,-0.019485693878961596,119.42658704487756,-0.019297074856941338
26.984126984126984,2,0.019389632220674986,121.76482012885835,0.019578831999126713
26.988095238095237,2,-0.005774143162759957,121.06375858792234,-0.005757504837555181
26.99206349206349,2,0.013473575150274262,122.70595854621253,0.013564752800050603
26.996031746031743,2,-0.0013138306142926079,122.54484955945279,-0.001312967916705277
27.0,2,0.007943270984875468,123.52213278152179,0.007974902458833106
27.003968253968253,2,0.008692057185876848,124.6004739356545,0.008729942803367535
27.007936507936506,2,-0.00546211724497276,123.92174686911487,-0.0054472270056538435
27.01190476190476,2,0.013994823257032307,125.66820197527065,0.014093209225014707
27.015873015873016,2,-0.009324215233275826,124.50189053154993,-0.00928087953347348
27.01984126984127,2,0.010039145155047054,125.75807805679975,0.010089706428445703
27.023809523809522,2,-0.004678029374406875,125.17115197266727,-0.004667104437357508
27.027777777777775,2,0.004642111432792009,125.75356116661371,0.0046529027237327105
27.03174603174603,2,-0.005582469484197393,125.05350159751445,-0.00556691645631961
27.035714285714285,2,0.0008677333361986004,125.16206178349344,0.0008681099256885167
27.039682539682538,2,-0.01330177271544691,123.50820846115539,-0.01321369509874997
27.04365079365079,2,0.0033570200800170187,123.92352471947909,0.003362661182591067
27.047619047619047,2,0.0007948096298925258,124.02205948329876,0.000795125574766209
27.0515873015873,2,-0.006567199875540203,123.21025040358684,-0.0065456829461955175
27.055555555555554,2,-0.00045519197248735396,123.15417884930383,-0.0004550883883389326
27.059523809523807,2,0.0019263929452846252,123.39165084937625,0.001928249632219233
27.063492063492063,2,-0.007527273722667041,122.46633504004677,-0.007499014746622372
27.067460317460316,2,-0.0013841103359408648,122.29694537394936,-0.0013831528970144862
27.07142857142857,2,-0.012430668409363244,120.7861223232179,-0.012353726792699141
27.075396825396822,2,0.029791553634469583,124.43866589537585,0.030239761836081205
27.07936507936508,2,0.013581736113422754,126.14028835427683,0.013674386868883177
27.083333333333332,2,0.0036787575619937536,126.60518248603944,0.0036855324958259225
27.087301587301585,2,0.01500533006946296,128.51925980439233,0.015118475253285664
27.09126984126984,2,-0.02469814207197116,125.38395040143884,-0.024395638503719126
27.095238095238095,2,-0.031985640569798385,121.43692500341393,-0.031479510618287014
27.099206349206348,2,-0.004792499286291366,120.85633098647045,-0.0047810335853541285
27.1031746031746,2,-0.017130180430104357,118.80367163769968,-0.01698429310253133
27.107142857142854,2,-0.002742854173877582,118.4782569775703,-0.002739095986206822
27.11111111111111,2,0.0028291253642052042,118.8139214139911,0.0028331311160690246
27.115079365079364,2,0.01183422793194062,120.22834524113074,0.011904529455023261
27.119047619047617,2,-0.014102682993970243,118.54470284308229,-0.014003705986901356
27.12301587301587,2,0.005272968627855484,119.17143626285149,0.005286895194286813
27.126984126984127,2,0.00041938833106350645,119.22142585440926,0.000419476286645041
27.13095238095238,2,0.004616301011250524,119.77306011842809,0.0046269725434464155
27.134920634920633,2,-0.006310415810290175,119.01962206016896,-0.006290546951995292
27.138888888888886,2,0.01766396004604624,121.14065770399276,0.01782089043058441
27.142857142857142,2,-0.0010659911537593903,121.01159163838376,-0.001065423187023209
27.146825396825395,2,0.02259069020905994,123.7764393425723,0.022847792238372383
27.15079365079365,2,-0.009719865793953906,122.57917700434353,-0.00967278057591464
27.1547619047619,2,0.0095968400408668,123.76121258956833,0.009643037374796921
27.158730158730158,2,-0.0005136569555821457,123.69765810588909,-0.0005135250564327419
27.16269841269841,2,-0.0038910710885122265,123.21727692946826,-0.0038835106806113366
27.166666666666664,2,0.00820451971927745,124.23237400558793,0.00823826902700283
27.170634920634917,2,-0.0035311363085791026,123.79446617018435,-0.003524909178535533
27.174603174603174,2,-0.033299515622821414,119.74005009625932,-0.03275118993082697
27.178571428571427,2,-0.038350415964316036,115.234908543278,-0.03762434999283583
27.18253968253968,2,0.016269107613329344,117.12501112252471,0.016402170168225292
27.186507936507937,2,0.015737894894683364,118.98289346891659,0.015862387790498027
27.19047619047619,2,0.024016356109440744,121.87501915967188,0.024307071432171052
27.194444444444443,2,1.726006727030197e-05,121.87712274885516,1.726021622612005e-05
27.198412698412696,2,-0.01604757248625542,119.93690035461701,-0.015919496214529795
27.202380952380953,2,-0.005048164294263839,119.33296484208265,-0.005035443727065646
27.206349206349206,2,0.00038203060235938524,119.37856239579843,0.00038210358534357
27.21031746031746,2,-0.01244939381997374,117.901584474804,-0.012372220701549315
27.21428571428571,2,0.021008184450933585,120.40468343086582,0.02123040981350607
27.21825396825397,2,0.028453179428334967,123.87978387529606,0.028861837807377888
27.22222222222222,2,0.006263865671494089,124.65818555757956,0.006283524703813466
27.226190476190474,2,0.00010122489490559317,124.67080470798713,0.00010123001831813834
27.230158730158728,2,-0.016076955148019434,122.68250351291195,-0.01594841069432681
27.234126984126984,2,0.019721330991569506,125.12598088981746,0.019917081139841714
27.238095238095237,2,0.0011994706897477262,125.27615588366741,0.001200190342420841
27.24206349206349,2,-0.003405033743848005,124.8503117638281,-0.003399243190657134
27.246031746031743,2,0.006300318933147465,125.63939166421696,0.006320207689040142
27.25,2,-0.007141176408232304,124.74537457070934,-0.007115738795495785
27.253968253968253,2,0.0020885484849994767,125.00618359512124,0.0020907310215665643
27.257936507936506,2,-0.017935278865676745,122.78414880318788,-0.01777539900850212
27.26190476190476,2,0.013934106458124516,124.50701160509631,0.014031638600760956
27.265873015873016,2,-0.0010773602332110777,124.37294493405471,-0.0010767800890351504
27.26984126984127,2,0.014837613791834348,126.23210127060126,0.014948237637472815
27.273809523809522,2,-0.002295982410604692,125.9426070504223,-0.002293348659057803
27.277777777777775,2,-0.001477859800389649,125.75661900028845,-0.0014767683033542552
27.28174603174603,2,-0.015035668692047142,123.87992814748515,-0.014923197424693366
27.285714285714285,2,0.009810133368824844,125.10118732769804,0.009858410466293462
27.289682539682538,2,-0.010796450983996883,123.75780342896812,-0.010738378487255944
27.29365079365079,2,-0.005890250626776232,123.03098163244893,-0.005872937110881767
27.297619047619047,2,0.0002512885426228588,123.0619017932991,0.0002513201182334932
27.3015873015873,2,0.001765376394899285,123.27934424725161,0.001766935589193723
27.305555555555554,2,-0.021256705792306776,120.68648692951653,-0.021032374349223684
27.309523809523807,2,-0.0026697853391253203,120.36470964534851,-0.0026662246317264897
27.313492063492063,2,0.010257054255118027,121.60565032086564,0.010309838150846172
27.317460317460316,2,-0.004528515956510551,121.05620222420393,-0.0045182776886766
27.32142857142857,2,-0.002593258730227338,120.74267887022869,-0.0025898991395298374
27.325396825396822,2,0.002284219152104602,121.01879684670817,0.0022868299681855983
27.32936507936508,2,-0.001348857045492789,120.85566983218875,-0.0013479477467121747
27.333333333333332,2,-0.012745179721497095,119.32511690436327,-0.01266430387544665
27.337301587301585,2,-0.0002198228778277545,119.29888939657697,-0.00021979871854923273
27.34126984126984,2,0.012762239965891589,120.83116730249098,0.012844024899681308
27.345238095238095,2,-0.013005476860197467,119.26987503405086,-0.0129212710867188
27.349206349206348,2,-0.004479933095604991,118.73674904959212,-0.004469913163793543
27.3531746031746,2,-0.01716882327004351,116.71557899310965,-0.01702227888720662
27.357142857142854,2,0.012098392998677963,118.13622638362195,0.012171874592646946
27.36111111111111,2,-0.0009255087944232984,118.02694084732728,-0.0009250806432550981
27.365079365079364,2,-0.010473413310854036,116.79724670218472,-0.010418758092978174
27.369047619047617,2,0.0014005325359284422,116.96093964818954,0.0014015137396363117
27.37301587301587,2,-0.014925842126463178,115.22816287332046,-0.014815003881476205
27.376984126984127,2,-0.012782724558765553,113.76460704984154,-0.012701372537614187
27.38095238095238,2,-0.01815785809968913,111.71752699736726,-0.017993997479176373
27.384920634920633,2,-0.013202059839923692,110.25231868608465,-0.013115294892959128
27.388888888888886,2,0.01733894139249872,112.18064644858194,0.017490133409236677
27.392857142857142,2,-0.008998327553125778,111.17573628274673,-0.008957963763346621
27.396825396825395,2,0.006111979664316189,111.85732091599282,0.0061306959237277
27.40079365079365,2,-0.010298312277588375,110.7112905126778,-0.010245466223670016
27.4047619047619,2,0.009807320969765889,111.80241342436037,0.009855570345443968
27.408730158730158,2,-0.0126893228534467,110.39267970388106,-0.012609152855479491
27.41269841269841,2,0.000732320672885782,110.47355215403275,0.0007325888851382132
27.416666666666664,2,0.0009039591541773916,110.57346088269851,0.0009043678483919504
27.420634920634917,2,0.02956568581311336,113.89144868641935,0.030007090103118614
27.424603174603174,2,0.008180707296199019,114.82698273932381,0.00821426071662605
27.428571428571427,2,-0.007231793205938734,113.99957317915212,-0.007205706711375472
27.43253968253968,2,0.008868900922484697,115.01512083798123,0.008908346149973378
27.436507936507937,2,0.027176561469386077,118.18369682504478,0.027549212346845285
27.44047619047619,2,-0.020293389633128562,115.80952053687048,-0.02008886464001037
27.444444444444443,2,-0.010376180803212301,114.61407282947292,-0.01032253394933075
27.448412698412696,2,-0.00274653346481904,114.29971333994934,-0.002742765192467187
27.452380952380953,2,-0.005016722494240108,113.72773931402868,-0.005004159758647051
27.456349206349206,2,-0.003954245099389479,113.27891991395168,-0.003946437366856101
27.46031746031746,2,-0.016193686793457448,111.4592895904639,-0.01606327395132343
27.46428571428571,2,0.017926278901700066,113.47535619946414,0.01808791906361423
27.46825396825397,2,-0.017685088402625122,111.48617575436008,-0.017529625036889502
27.47222222222222,2,-0.0022843490645269157,111.23179307310726,-0.0022817419247862067
27.476190476190474,2,0.01341432218715392,112.73394483147129,0.013504697864366878
27.480158730158728,2,-0.00014219821603779506,112.71791540533428,-0.00014218810635067172
27.484126984126984,2,-0.012101111433961972,111.36212319153414,-0.012028187435197932
27.488095238095237,2,-0.016753620885963317,109.51194625602587,-0.016614059452926218
27.49206349206349,2,-0.002659622259210983,109.2210728243006,-0.0026560885973595776
27.496031746031743,2,-0.009299580792207284,108.21007086668162,-0.009256473421070634
27.5,2,0.0028237639521160535,108.51606238463776,0.002827754528809521
27.503968253968253,2,-0.0174185295784963,106.64223914210224,-0.017267703981864585
27.507936507936506,2,0.01048138269910853,107.7658756075296,0.01053650480772552
27.51190476190476,2,0.0016938823924060506,107.94857301700247,0.0016953178215540039
27.515873015873016,2,0.0026298089964087654,108.23283075342358,0.0026332699773288157
27.51984126984127,2,0.018393956073206007,110.2420830874149,0.01856416689838593
27.523809523809522,2,-0.005277609589502573,109.66180101056301,-0.005263707475408785
27.527777777777775,2,-0.008906335579442834,108.68945266827721,-0.008866791656943736
27.53174603174603,2,-0.006663077799296367,107.96765376077342,-0.006640928717404877
27.535714285714285,2,-0.0021875115415758467,107.73173140756818,-0.002185120681865739
27.539682539682538,2,-0.000907954712642906,107.63396026693617,-0.0009075426464847065
27.54365079365079,2,-0.010227712503392997,106.53872150667718,-0.010175587310387833
27.547619047619047,2,-0.02525038314575074,103.88225747732305,-0.024934258566146467
27.5515873015873,2,-0.006828945902332697,103.17526790507614,-0.006805681638187505
27.555555555555554,2,0.004771472515872518,103.66874222353516,0.004782874117787933
27.559523809523807,2,0.001954788535302941,103.87159089083383,0.001956700379959531
27.563492063492063,2,0.015351061005881295,105.47843182105606,0.015469493789797764
27.567460317460316,2,0.024874909940292185,108.13510356271408,0.025186871816269628
27.57142857142857,2,0.009804801530342204,109.20056155814186,0.009853026078712876
27.575396825396822,2,0.017656218105835352,111.14575231352775,0.017813010552608116
27.57936507936508,2,0.00989854328117035,112.25139645885797,0.00994769590664498
27.583333333333332,2,0.021780800943610682,114.72314236731845,0.022019734154188526
27.587301587301585,2,0.023556659188165636,117.45771861957621,0.023836308837341287
27.59126984126984,2,0.01222164998870153,118.90205384665697,0.01229663954021374
27.595238095238095,2,0.009137648564346878,119.99351814240984,0.009179524326471827
27.599206349206348,2,-0.0023475870855996354,119.71215330231615,-0.0023448336580957985
27.6031746031746,2,-0.0002827055490767132,119.67831479567786,-0.00028266559162845996
27.607142857142854,2,-0.004018255058792945,119.19838169439313,-0.004010192674454832
27.61111111111111,2,0.008065129828698014,120.16361926921711,0.008097740599353765
27.615079365079364,2,-0.008837436972696672,119.10635947194133,-0.008798501607271423
27.619047619047617,2,-0.0021696166908465784,118.84822445472443,-0.0021672647737809693
27.62301587301587,2,-0.029434256245192043,115.40099752141893,-0.02900528761890586
27.626984126984127,2,0.02194698737226912,117.9616988125742,0.02218959407764215
27.63095238095238,2,-0.002539623409210335,117.66250060707415,-0.0025364012939103476
27.634920634920633,2,0.005977869235136324,118.36797817505973,0.0059957723518176236
27.638888888888886,2,0.01860448123231052,120.59076579532702,0.018778622855075502
27.642857142857142,2,0.004021436932448067,121.07669035723593,0.004029533759937691
27.646825396825395,2,0.018435115444959908,123.32945430292538,0.018606091222370006
27.65079365079365,2,-0.015406330688085503,121.4439615032626,-0.015288260296940887
27.6547619047619,2,0.030442201214493706,125.19783114639054,0.030910302963289643
27.658730158730158,2,0.013934396347253996,126.95459866938849,0.014031932557552544
27.66269841269841,2,0.0028737988989262406,127.31996539905587,0.0028779322174756726
27.666666666666664,2,0.01819240720316583,129.6574195461734,0.018358897128124146
27.670634920634917,2,-0.014485320389343808,127.79282749281397,-0.014380912869358723
27.674603174603174,2,-0.00339811044712922,127.35931033738737,-0.00339234340402297
27.678571428571427,2,0.018433939903748336,129.72881678188276,0.01860489380963522
27.68253968253968,2,-0.023284652006854024,126.74302291412816,-0.023015656365499727
27.686507936507937,2,0.00729919948996953,127.67153007941613,0.007325903579853114
27.69047619047619,2,0.006942884631560167,128.56102303390998,0.006967042330741318
27.694444444444443,2,0.02504800850780703,131.82188924704607,0.02536434555499788
27.698412698412696,2,-0.0197052684623186,129.24972931101334,-0.019512388653542954
27.702380952380953,2,0.020517540378436793,131.92900796448438,0.020729472067394807
27.706349206349206,2,-0.006810573581849955,131.03354850566876,-0.006787434186245419
27.71031746031746,2,-0.005393694593428879,130.32869615149465,-0.00537917473969356
27.71428571428571,2,-0.015157712899645497,128.36810774868516,-0.015043413006530263
27.71825396825397,2,-0.013467552163678113,126.6508928568964,-0.01337727042881
27.72222222222222,2,0.005321998951524174,127.32672557121755,0.0053361859444989255
27.726190476190474,2,-0.013775969627960754,125.58470304126568,-0.013681515189657451
27.730158730158728,2,0.00956480117296561,126.79165870011548,0.009610690073083345
27.734126984126984,2,-0.008114491847435878,125.76697184835703,-0.008081658227865341
27.738095238095237,2,-0.015044694200903475,123.88900833157024,-0.014932088203977215
27.74206349206349,2,-0.006411674957017016,123.09721335793054,-0.006391164029019673
27.746031746031743,2,0.0044802071144482035,123.64995163540874,0.004490258247121941
27.75,2,-0.003256227411343026,123.24797409380824,-0.003250931652490294
27.753968253968253,2,0.0006691022163365528,123.33046718150969,0.0006693261151587876
27.757936507936506,2,0.009009484785360811,124.44663163248441,0.00905019235297305
27.76190476190476,2,0.013875323689237997,126.18540404717479,0.01397203276522066
27.765873015873016,2,-0.0036687384250260278,125.72331097427617,-0.00366201682665159
27.76984126984127,2,-0.012917865555967292,124.10967892579306,-0.012834788043510058
27.773809523809522,2,0.0011967955589239244,124.25830175618297,0.0011975120045133137
27.777777777777775,2,0.006167722664223119,125.02706080944444,0.006186782230211901
27.78174603174603,2,-0.018165313778002446,122.77640880758953,-0.01800131897273953
27.785714285714285,2,-0.010982514616442004,121.43539244812395,-0.010922426975097084
27.789682539682538,2,-0.008822807966163927,120.3687038141641,-0.00878400120801321
27.79365079365079,2,-0.0023802182298821384,120.08254073143478,-0.002377387756631254
27.797619047619047,2,-0.009350030706119866,118.96499795951692,-0.009306455085900044
27.8015873015873,2,0.009145971073338957,120.05803923223814,0.009187923267087736
27.805555555555554,2,-0.019984682248532913,117.68253339324275,-0.0197863121385843
27.809523809523807,2,-0.019664489591501886,115.39097148151822,-0.01947240466065697
27.813492063492063,2,-0.003968508384791665,114.93394889245907,-0.003960644261777062
27.817460317460316,2,-0.001974922080215227,114.70718729097537,-0.0019729732047739303
27.82142857142857,2,-0.018088694922601914,112.65093747932688,-0.017926076475334184
27.825396825396822,2,-0.007406221647246275,111.81970162565541,-0.007378863170348179
27.82936507936508,2,-0.0048145819320519236,111.28263043463842,-0.004803010410589535
27.833333333333332,2,-0.00471699313796597,110.75894710683218,-0.004705885597427919
27.837301587301585,2,0.002151622064471798,110.99751506326727,0.002153938464267005
27.84126984126984,2,-0.008097015242077564,110.10239528168071,-0.008064322710975964
27.845238095238095,2,0.01885708251564635,112.19830449457915,0.019036000148192525
27.849206349206348,2,0.0063888955506805475,112.91742248173534,0.006409348077011171
27.8531746031746,2,-0.009930579311498738,111.80163643261056,-0.009881433924027398
27.857142857142854,2,0.001428828130894898,111.96149593450548,0.001429849392153067
27.86111111111111,2,0.0018005413894898686,112.16326883768504,0.0018021633374529008
27.865079365079364,2,0.01554214730348008,113.9201443273084,0.015663554636284407
27.869047619047617,2,-0.007326012373550378,113.08861356175825,-0.007299242556794773
27.87301587301587,2,0.00990565412154668,114.21439685743191,0.009954877509032598
27.876984126984127,2,0.0007654120675019585,114.30185140018062,0.0007657050700696291
27.88095238095238,2,0.0190300669830208,116.49785203633934,0.019212292795418782
27.884920634920633,2,0.016501798825060893,118.43622549236689,0.01663870553959213
27.888888888888886,2,0.002719801206564113,118.75878693402024,0.0027235032213529914
27.892857142857142,2,-0.003066355182965235,118.39518805872618,-0.003061658717481325
27.896825396825395,2,0.0066207297606070935,119.1816512109974,0.006642695240967849
27.90079365079365,2,-0.0020353614088254313,118.93932017675878,-0.0020332914653923236
27.9047619047619,2,0.021407974898253943,121.51302072239599,0.021638769599594244
27.908730158730158,2,0.0012267252962674781,121.6621752858754,0.00122747803151205
27.91269841269841,2,-0.004872521556164434,121.0708155906348,-0.00486067007967834
27.916666666666664,2,-0.00555251055507216,120.4004314889054,-0.005537123859775023
27.920634920634917,2,-0.015044716618607063,118.60259896731826,-0.014932110286937427
27.924603174603174,2,0.0072500811563708314,119.46560207626207,0.007276426625201197
27.928571428571427,2,-0.010093074830814838,118.26589138423566,-0.010042310683376153
27.93253968253968,2,0.014073462752233432,119.94206914860645,0.014172960138819754
27.936507936507937,2,-0.016051355305933476,118.03220533743887,-0.01592321880658335
27.94047619047619,2,0.0018411868116320726,118.249724862846,0.0018428828368097392
27.944444444444443,2,0.014729552462201327,120.00438131696882,0.014838566907094215
27.948412698412696,2,-0.02687766901410906,116.82190365161541,-0.026519678951950242
27.952380952380953,2,0.02566585099316507,119.85904592290694,0.025998054956790213
27.956349206349206,2,-0.0051199946098250525,119.24693658925716,-0.005106909778369717
27.96031746031746,2,0.0020157299635268546,119.48754863538385,0.0020177629128992915
27.96428571428571,2,0.00743767875055577,120.37957181559788,0.007465406985091489
27.96825396825397,2,0.009386461439142,121.51482971655267,0.009430652425760465
27.97222222222222,2,0.0036887085177623215,121.96389022143622,0.0036955201758587385
27.976190476190474,2,0.012803959857032064,123.53555124654395,0.012886281523607148
27.980158730158728,2,0.006777771520229132,124.37569090865078,0.006800792594757558
27.984126984126984,2,0.022423112308901805,127.19608381531911,0.022676399914351667
27.988095238095237,2,0.006818803720536652,128.06637273746384,0.006842104694106448
27.99206349206349,2,0.024990176202355913,131.3070984577387,0.025305048085638267
27.996031746031743,2,0.011590621537768282,132.83788357926346,0.011658053064187388
28.0,2,-0.02251221791764967,129.88081813293476,-0.02226070881778369
28.003968253968253,2,0.03313489683175665,134.25649917328965,0.033689971338772155
28.007936507936506,2,-0.006997960371456311,133.32025722524708,-0.006973531663700973
28.01190476190476,2,0.019080178757022826,135.88845448352168,0.019263368611234614
28.015873015873016,2,0.0005756608917199461,135.9667026724543,0.0005758266162499253
28.01984126984127,2,0.013606575905761378,137.82938757692838,0.013699566642880866
28.023809523809522,2,-0.008435923719349982,136.671559916331,-0.008400441161004947
28.027777777777775,2,0.00812173545367043,137.7860900028369,0.008154806217095915
28.03174603174603,2,-0.002951805797268605,137.37997190933584,-0.002947453501966234
28.035714285714285,2,0.020131664536495314,140.17368612321405,0.020335673206586198
28.039682539682538,2,0.005764794662218352,140.98409230904633,0.0057814430671377665
28.04365079365079,2,0.012029864144308929,142.6903542586242,0.012102513990285007
28.047619047619047,2,-0.02702671057116397,138.8855506127938,-0.026664757163151753
28.0515873015873,2,-0.0008400191892479319,138.76893307251305,-0.0008396664718988066
28.055555555555554,2,0.00541055965102475,139.521785502509,0.005425223162900389
28.059523809523807,2,0.003055378247078291,139.94872923608656,0.0030600506726586006
28.063492063492063,2,0.012347537896824724,141.68746392938732,0.012424083468222038
28.067460317460316,2,-0.004371864934745332,141.06937755368486,-0.004362322244757035
28.07142857142857,2,0.0008527549862305704,141.18972647557683,0.0008531186851385129
28.075396825396822,2,0.015120153621978806,143.34075781144998,0.015235041454983334
28.07936507936508,2,-0.028470687706542947,139.31729501117815,-0.028069216751067414
28.083333333333332,2,0.0076632136304105505,140.38901436774285,0.0076926511993987545
28.087301587301585,2,-0.003968458171985792,139.8329904449774,-0.003960594247844996
28.09126984126984,2,-0.011256032734027298,138.2678508833066,-0.011192920616874475
28.095238095238095,2,0.004478153917187571,138.88842407542253,0.004488195832592649
28.099206349206348,2,0.015702527989521108,141.08653623533357,0.01582646051709312
28.1031746031746,2,0.013330076926352163,142.97982140018155,0.01341931849322568
28.107142857142854,2,-0.0014641689460148728,142.77062797041467,-0.001463097573617494
28.11111111111111,2,0.011271394300111896,144.3889552821228,0.011335155799997814
28.115079365079364,2,0.011174722763838935,146.0115107466983,0.011237393202306163
28.119047619047617,2,-0.0008626793021746439,145.8856039548979,-0.0008623073013655996
28.12301587301587,2,-0.008493898948077007,144.6517140633274,-0.008457927705820361
28.126984126984127,2,-0.0077651012889273785,143.5328286035669,-0.00773503077378504
28.13095238095238,2,0.010794055220227293,145.09052166983238,0.010852521206613784
28.134920634920633,2,-0.00029290470303593565,145.04803019694924,-0.0002928618106413023
28.138888888888886,2,-0.012942561806974609,143.18283335038603,-0.012859167022334299
28.142857142857142,2,-0.020989181219106052,140.20886269824607,-0.02077044141780849
28.146825396825395,2,0.010718186452232182,141.7197298448454,0.010775831980400427
28.15079365079365,2,-0.006650665369368564,140.78032663619058,-0.0066285986410164885
28.1547619047619,2,0.004400589703269054,141.4012082125875,0.004410286516818942
28.158730158730158,2,0.015856934165304582,143.66126932619292,0.015983322506039496
28.16269841269841,2,-0.01625280309866496,141.34524294530274,-0.01612143893585898
28.166666666666664,2,-0.00033058230318990856,141.29852443192735,-0.0003305276668810822
28.170634920634917,2,-0.001912448862617264,141.02855646183977,-0.001910621297518449
28.174603174603174,2,0.005022405766952927,141.73864077025183,0.005035039187997482
28.178571428571427,2,0.015850043763998387,144.0031029346634,0.01597632199734521
28.18253968253968,2,-0.016511423245906025,141.64492873447767,-0.01637585685397094
28.186507936507933,2,0.007416874618239035,142.6993970068368,0.0074444477594800456
28.19047619047619,2,0.013234073238494674,144.60044282189475,0.013322031171349872
28.194444444444443,2,-0.002110035053885843,144.2956524909578,-0.0021078104948291394
28.198412698412696,2,-0.0014935741030898436,144.0802971058559,-0.00149245927638364
28.202380952380953,2,0.0055100617457429,144.8763796571206,0.005525270056042736
28.206349206349206,2,0.004582382075735087,145.54178198194668,0.004592897243849857
28.21031746031746,2,0.007575048449730702,146.64845428823074,0.007603811711068322
28.21428571428571,2,0.00730956518381449,147.7243179815982,0.007336345265889287
28.21825396825397,2,-0.012133592928627278,145.94272168145392,-0.012060277715184278
28.22222222222222,2,0.012714280402886642,147.81012455368324,0.012795450507667566
28.226190476190474,2,0.014938181338537675,150.03471328508414,0.015050313624442644
28.230158730158728,2,0.0025825193330847587,150.42268158496782,0.0025858569086370034
28.234126984126984,2,-0.018586492196370936,147.65267369546123,-0.0184148285372896
28.238095238095237,2,-0.001207564771851294,147.47448113941724,-0.0012068359589046513
28.24206349206349,2,0.002687379065686525,147.87133398092402,0.0026909933056936605
28.246031746031743,2,-0.014182512284615782,145.78894860306522,-0.014082414229978146
28.25,2,-0.004299217875586411,145.16351554898827,-0.004289989468130359
28.253968253968253,2,-0.01751829002336815,142.64264413006163,-0.017365736902920075
28.257936507936506,2,0.007889258097415317,143.77243952914864,0.007920460294166433
28.26190476190476,2,0.002328935676096377,144.1076665023152,0.002331649753349542
28.265873015873016,2,-0.020496823647787234,141.183982550311,-0.020288191620654004
28.26984126984127,2,0.004666136277731715,141.8443056337797,0.004677039643880594
28.273809523809522,2,-0.00047385057926068114,141.77710854933633,-0.00047373832980547153
28.277777777777775,2,0.006744303645952128,142.73652809114753,0.006767097676260802
28.28174603174603,2,-0.004694749761584444,142.0679863559238,-0.004683746649609383
28.285714285714285,2,-0.009859596072891042,140.67413608740253,-0.00981114960712701
28.289682539682538,2,-0.009473634195608748,139.34773362751977,-0.009428900697557209
28.29365079365079,2,-0.006542212171470745,138.43906677513598,-0.0065208584935627055
28.297619047619047,2,0.00047526916171534647,138.50487823219015,0.0004753821199978726
28.3015873015873,2,0.0021021966851464216,138.7963489851721,0.002104407849760777
28.305555555555554,2,-0.002164749365508889,138.49621465178134,-0.002162407985406252
28.309523809523807,2,-0.005095229770270533,137.79233934183105,-0.005082271105531348
28.313492063492063,2,-0.0041891697954185006,137.2163112180288,-0.0041804074635333355
28.317460317460316,2,0.031832457804972084,141.65450825050252,0.032344529546648605
28.32142857142857,2,-0.009472128952604006,140.31907317299147,-0.009427409646217088
28.325396825396822,2,-0.0067916913007068196,139.3692982841826,-0.006768679890281441
28.32936507936508,2,0.04173675631271675,145.30921491920517,0.04261997949441291
28.333333333333332,2,0.0055423642712411425,146.11680743893112,0.005557751586332755
28.337301587301585,2,-0.017148026933611858,143.63255339244085,-0.017001836339249222
28.34126984126984,2,0.010854956070191421,145.2001712686756,0.010914084858963998
28.345238095238095,2,-0.011227317067731906,143.57908018786608,-0.011164525955068524
28.349206349206348,2,0.011691193695779473,145.2675418591287,0.01175980281426366
28.3531746031746,2,-0.002419779653476928,144.91645136915216,-0.002416854346699563
28.357142857142854,2,-0.005302811644701738,144.15002063821515,-0.005288776558464069
28.36111111111111,2,0.020511668219022804,147.13731044826994,0.020723478198814763
28.365079365079364,2,0.0073740815304140705,148.2263232715812,0.007401337023175642
28.369047619047617,2,0.01249660990372971,150.09027207456515,0.012575018808021083
28.37301587301587,2,0.005717568153798523,150.9508813860859,0.005733944642949441
28.376984126984127,2,-0.00536137943581461,150.14374205829435,-0.005347032891627194
28.38095238095238,2,0.007940436947253746,151.3406948501828,0.007972045824085694
28.384920634920633,2,0.01547277719311617,153.7005654976419,0.015593100387144461
28.388888888888886,2,0.0019356350251754514,153.9983618151207,0.0019375095759377136
28.392857142857142,2,0.022936658488188537,157.57138966435278,0.023201726350321077
28.396825396825395,2,0.010953226823405271,159.30679161169928,0.011013433028947374
28.40079365079365,2,0.0029088243284812244,159.77086170480217,0.0029130590630056393
28.4047619047619,2,0.0034065277102641785,160.3160536510083,0.0034123365198686704
28.408730158730158,2,0.001967120542346826,160.63172503345126,0.0019690565932345824
28.41269841269841,2,-0.015526031702108645,158.1570127212872,-0.015406124236346571
28.416666666666664,2,-0.0008967077626242072,158.01525566709068,-0.0008963058403630125
28.420634920634917,2,0.003024783017053152,158.49394112371746,0.0030293622891407134
28.424603174603174,2,-0.005004084548120894,157.7028051485173,-0.004991584975369688
28.428571428571427,2,0.004492425785496803,158.41286705281692,0.004502531858142441
28.43253968253968,2,0.0005065443835358634,158.49313052769236,0.000506672698806988
28.436507936507933,2,0.00998569683445052,160.08372325081794,0.010035720272732786
28.44047619047619,2,0.008592525959942003,161.46517337209517,0.00862954767183127
28.444444444444443,2,0.0023440287132207157,161.84409630428263,0.0023467780963162027
28.448412698412696,2,-0.01698716809365082,159.1180429517253,-0.016843699676459847
28.452380952380953,2,0.022799081112470865,162.78745882965103,0.023060966624878845
28.456349206349206,2,-0.001549563311894601,162.53540469316818,-0.0015483633585470706
28.46031746031746,2,-0.0007809782900536198,162.4085176252098,-0.0007806734058833234
28.46428571428571,2,-0.0040772618310160064,161.74768368723915,-0.004068961084268044
28.46825396825397,2,-0.0059153132351172436,160.79371975259082,-0.005897852215880094
28.47222222222222,2,0.01969139811836771,163.99135250985242,0.019886552548082123
28.476190476190474,2,0.017700612275500478,166.91994231040226,0.017858196519075272
28.480158730158728,2,0.005836925857828945,167.89709063476064,0.00585399390170691
28.484126984126984,2,-0.0011162794024987513,167.70977513841154,-0.001115656594410699
28.488095238095237,2,0.008038248669303834,169.0633007148413,0.008070642127524605
28.49206349206349,2,0.0011678498155663218,169.26085659474577,0.0011685320177062147
28.496031746031743,2,-0.0021584882645136736,168.8959030378247,-0.002156160403907477
28.5,2,0.004497829452876546,169.6572789909894,0.004507959870372285
28.503968253968253,2,-0.005319969939843865,168.7571039418506,-0.005305843960792883
28.507936507936506,2,0.003416326224865836,169.33461919022835,0.0034221685184689554
28.51190476190476,2,0.0028110370557631738,169.81129474202746,0.0028149917251334535
28.515873015873016,2,0.007834375089196294,171.1468850458697,0.007865144105233297
28.51984126984127,2,-0.007562297223664923,169.85750292247053,-0.007533774997153405
28.523809523809522,2,0.009184972317417784,171.4248262767768,0.009227283619150841
28.527777777777775,2,-0.011180356289079551,169.51890990755382,-0.011118088380884517
28.53174603174603,2,-0.006975566519994071,168.34053417242495,-0.006951293727475386
28.535714285714285,2,-0.006425734136617946,167.26229061868136,-0.0064051332558994955
28.539682539682538,2,-0.01326848753469894,165.057631590596,-0.013180849191593765
28.54365079365079,2,0.013034237227935588,167.22311396454472,0.013119553171100676
28.547619047619047,2,-0.01197081837795021,165.23325034896237,-0.011899453182077878
28.5515873015873,2,-0.008567422933419827,163.82367405069544,-0.00853082715064881
28.555555555555554,2,0.01605474569495538,166.4750480942646,0.01618431559988439
28.559523809523807,2,-0.006950571102381296,165.3219633765372,-0.006926471750135726
28.563492063492063,2,-0.0021322797898634845,164.96982625606083,-0.002130008096228026
28.567460317460316,2,-0.012512271695287203,162.91853886288533,-0.012434318685597048
28.57142857142857,2,0.010732294045812153,164.6764448361329,0.010790091695623361
28.575396825396822,2,0.01090596918187818,166.48223008932655,0.010965656047472842
28.57936507936508,2,0.009547938545906756,168.0794049211726,0.009593665528081689
28.583333333333332,2,0.007010334512764051,169.2618375560012,0.007034964428765724
28.587301587301585,2,0.0011652308902850386,169.4591816310451,0.0011659100355602774
28.59126984126984,2,-0.006368429781156442,168.38342181825772,-0.00634819431106168
28.595238095238095,2,-0.010029552912328692,166.70305214379934,-0.009979424674431829
28.599206349206348,2,0.016489377326567387,169.47466999853873,0.016626077441872944
28.6031746031746,2,0.009873723355373452,171.1563043400708,0.009922629390849647
28.607142857142854,2,-0.00849671699086736,169.70819844592825,-0.008460721909871426
28.61111111111111,2,0.0007399283476113281,169.8338168213475,0.0007402021621213358
28.615079365079364,2,-0.0035429995273112878,169.2331603797013,-0.0035367305103794606
28.619047619047617,2,-0.013976023589419505,166.8844050993147,-0.013878812374104075
28.62301587301587,2,0.002476292202896382,167.29817174256786,0.0024793607467811134
28.626984126984127,2,-0.004996620291183676,166.46433122999284,-0.00498415794918667
28.63095238095238,2,-0.011762738731851928,164.51772594290034,-0.011693828177539313
28.634920634920633,2,-0.018397223306470874,161.51872780578984,-0.018229027418913437
28.638888888888886,2,-0.01946397695674548,158.40532886337542,-0.019275776776535344
28.642857142857142,2,-0.004441434115770174,157.7033420995912,-0.004431585533272879
28.646825396825395,2,-0.0008340006169843959,157.57187224556978,-0.0008336529351321743
28.65079365079365,2,-0.010789658409823077,155.88086467119072,-0.010731658831492664
28.6547619047619,2,0.008436641399454912,157.20153882111236,0.008472330152308484
28.658730158730158,2,-0.0005877135659905837,157.1091764881092,-0.0005875408962012082
28.66269841269841,2,0.007506166985001344,158.29290126177926,0.007534408874962723
28.666666666666664,2,-0.002066364109271372,157.9661482035215,-0.0020642306487104493
28.670634920634917,2,-0.009678654834815528,156.44462341366278,-0.009631967400372051
28.674603174603174,2,0.001675841492645212,156.70701961068744,0.0016772464997462265
28.678571428571427,2,-0.01567010831247771,154.2705434196257,-0.015547970965913371
28.68253968253968,2,0.007034381777205497,155.35956713266387,0.00705918115602898
28.686507936507933,2,-0.01156887496092983,153.5725883242752,-0.011502212843208714
28.69047619047619,2,0.011806737671133449,155.39652577572528,0.011876712317948514
28.694444444444443,2,-0.00402604635408043,154.77214988620403,-0.004017952694916687
28.698412698412696,2,0.013624759256319204,156.89531412459235,0.013717999265044358
28.702380952380953,2,-0.013905627490662128,154.7286854099211,-0.01380939084611952
28.706349206349206,2,-0.008301000353824438,153.44959873185536,-0.008266642185171659
28.71031746031746,2,0.005037424452642505,154.22453970734682,0.005050133606706941
28.71428571428571,2,0.014984972473957763,156.55299251942435,0.015097810092323811
28.71825396825397,2,0.02123539382955301,159.91300631557053,0.02146246930239487
28.72222222222222,2,0.0007592599132970553,160.03446795552296,0.0007595482240680118
28.726190476190474,2,0.023391513866939443,163.82204228045367,0.02366724102199889
28.730158730158728,2,-0.003411335059378892,163.2641425366339,-0.0034055230666983497
28.734126984126984,2,0.014081266082962656,165.5793707864552,0.014180874096721929
28.738095238095237,2,-0.011632269561739168,163.6644658488652,-0.01156487627954368
28.74206349206349,2,0.005532124009254574,164.57238702057532,0.0055474544642365895
28.746031746031743,2,-0.029264463966460808,159.8260525268572,-0.028840406216656313
28.75,2,-0.013892623283616729,157.62100182293625,-0.013796566135864441
28.753968253968253,2,0.006117670239836233,158.58823071204165,0.006136421402726508
28.757936507936506,2,-0.016297080066198295,156.02465178328868,-0.0161650011305559
28.76190476190476,2,0.0056171547262095336,156.90353248700734,0.0056329605204910324
28.765873015873016,2,0.011658394102687885,158.74348028296663,0.011726618048651305
28.76984126984127,2,-0.006077945510226369,157.78157223324476,-0.006059512163946204
28.773809523809522,2,-0.011969564537309142,155.90425328042696,-0.01189821426067811
28.777777777777775,2,-0.005736094574223603,155.01253168380146,-0.005719674594262271
28.78174603174603,2,-0.011929996236780437,153.17422009240423,-0.011859115978745845
28.785714285714285,2,-0.0010370757324672678,153.01544916887298,-0.0010365381552819753
28.789682539682538,2,0.0015243162125954555,153.24887095793034,0.0015254785730800604
28.79365079365079,2,-0.0036172699256305646,152.6955298213591,-0.0036107354860914534
28.797619047619047,2,0.02133303883293998,155.98798364634123,0.02156221487841887
28.8015873015873,2,-0.008825540948198521,154.6173624425049,-0.008786710179828523
28.805555555555554,2,0.017768505515588163,157.38923498864864,0.017927304555944483
28.809523809523807,2,-0.012880286069546039,155.3750163208449,-0.012797690184776932
28.813492063492063,2,0.0011550064337568957,155.55457914248564,0.0011556737105661793
28.817460317460316,2,0.015143822313303157,157.92819751375632,0.015259071024174302
28.82142857142857,2,0.014491855565983418,160.23353409841468,0.014597371596402158
28.825396825396822,2,-0.0050566565896459316,159.4253332615029,-0.005043893224094365
28.82936507936508,2,0.007231316379100078,160.58236668056216,0.007257525484743896
28.833333333333332,2,0.005544452918083853,161.4751808479926,0.005559851843549115
28.837301587301585,2,-0.006564498998366094,160.4186487809637,-0.00654299974448357
28.84126984126984,2,0.00799833501790319,161.70687584517503,0.00803040715029527
28.845238095238095,2,0.023703290981214774,165.58564921955863,0.023986446798325123
28.849206349206348,2,0.006180965014378545,166.61229789550885,0.00620010659612672
28.8531746031746,2,0.007373514916457246,167.8453565608907,0.007400766215679675
28.857142857142854,2,0.008706451975300539,169.31307413198522,0.00874446336298951
28.86111111111111,2,-0.018168479877831243,166.26468906684337,-0.018004428073673546
28.865079365079364,2,0.006036381107237198,167.27136136680355,0.00605463676990035
28.869047619047617,2,-0.012571871324602428,165.18161089643803,-0.012493175480188832
28.87301587301587,2,-0.007193781651100402,163.99759433927943,-0.007167968339410394
28.876984126984127,2,0.027476001438213327,168.56606675145304,0.027856947722795174
28.88095238095238,2,-0.0029527011228434536,168.06907563108462,-0.0029483461882109587
28.884920634920633,2,-0.00908722193739291,166.54871303847506,-0.009046057919344834
28.888888888888886,2,0.014759270805897931,169.02508033097854,0.014868726676569105
28.892857142857142,2,-0.011701512727314194,167.05875811106165,-0.0116333162869469
28.896825396825395,2,-0.0053988561301677885,166.15926222003617,-0.005384308498375373
28.90079365079365,2,0.015974673385892715,168.834916616762,0.01610295063288491
28.9047619047619,2,0.0007769159142122571,168.96613811779204,0.0007772177915538438
28.908730158730158,2,-0.019436178235705266,165.7137911240636,-0.01924851351849648
28.91269841269841,2,0.007091720168093288,166.89316390678795,0.007116925964486621
28.916666666666664,2,-0.004756905367699667,166.10115417072538,-0.004745609212040261
28.920634920634917,2,0.019638400425391216,169.39535570048625,0.019832502345979983
28.924603174603174,2,-0.007399142435491674,168.14660089026012,-0.0073718361702556886
28.928571428571427,2,0.013482297610526287,170.42895451880364,0.013573593616876534
28.93253968253968,2,0.022609787605649537,174.3262090080125,0.022867326154834434
28.936507936507933,2,-0.01048278166686187,172.50833028006954,-0.010428028798925328
28.94047619047619,2,-0.002196160014217803,172.12989009269765,-0.002193750219235046
28.944444444444443,2,0.0051343134694310285,173.01593156680624,0.005147516643572434
28.948412698412696,2,-0.010563445946932691,171.1979063369064,-0.010507848690210212
28.95238095238095,2,0.0036434914744113162,171.8228021590899,0.003650137058064672
28.956349206349206,2,-0.0025956340264476374,171.37739135907304,-0.002592268281158792
28.96031746031746,2,-0.00284946594686934,170.8897524035779,-0.002845410072051805
28.96428571428571,2,0.0008546610317565718,171.03586764629176,0.000855026358565623
28.96825396825397,2,0.0011359462603553877,171.23026559243743,0.0011365916916772246
28.97222222222222,2,0.002302798855434319,171.6250288077509,0.002305452333136162
28.976190476190474,2,-0.00730640756472526,170.37563624270172,-0.007279780657451764
28.980158730158728,2,-0.006756411036020713,169.2283884168898,-0.0067336378082701095
28.984126984126984,2,-0.0012559679457584943,169.01597640478758,-0.0012551795481200387
28.988095238095237,2,-0.0003257980379988748,168.96092030035675,-0.00032574497158122757
28.99206349206349,2,-0.005290886745350436,168.06932794364567,-0.005276914656515064
28.996031746031743,2,0.004319351108356558,168.79684845875173,0.004328692950744863
29.0,2,-0.02262575369441558,165.02057416315327,-0.022371710906209208
29.003968253968253,2,-0.008964914581889551,163.54779036591486,-0.008924849551076924
29.007936507936506,2,-0.0032886638722841115,163.01082009766557,-0.0032832621403676727
29.01190476190476,2,-0.01054794227861205,161.30042779415953,-0.0104925078131708
29.015873015873016,2,0.020764060874592632,164.68469365523936,0.020981133821905536
29.01984126984127,2,0.00047573217000781114,164.76305810068493,0.0004758453485034402
29.023809523809522,2,0.002465183847250712,165.16973038516164,0.002468224911365019
29.027777777777775,2,-0.005850039424506135,164.2063017460477,-0.005832961262740684
29.03174603174603,2,3.929952731454654e-05,164.2127551028946,3.9300299551086254e-05
29.035714285714285,2,-0.015072659268832115,161.7561921733271,-0.014959635309864775
29.039682539682538,2,-0.0019013983137602074,161.44892143689196,-0.001899591801134506
29.04365079365079,2,-0.011567101325884729,159.5921846372589,-0.011500459607336607
29.047619047619047,2,-0.0032568614193458777,159.07326049897938,-0.0032515635991761313
29.0515873015873,2,-0.03201382195957523,154.06137038131033,-0.03150680448711376
29.055555555555554,2,-0.013973409369640585,151.92357868879594,-0.013876234433221321
29.059523809523807,2,0.018681834304980334,154.7884671762598,0.018857431559932105
29.063492063492063,2,0.010700123492411263,156.45361565015838,0.010757574542051593
29.067460317460316,2,0.01685642882068329,159.11321760717917,0.016999300054323683
29.07142857142857,2,0.017721739850590786,161.95811446206872,0.01787970162172805
29.075396825396822,2,0.008716939808634036,163.37606471227332,0.00875504296227579
29.07936507936508,2,-0.005467513895628305,162.48524132204494,-0.005452594245045627
29.083333333333332,2,-0.012830038338025042,160.4138657743605,-0.012748084261874319
29.087301587301585,2,0.014685719253927535,162.7870420197741,0.014794084251742569
29.09126984126984,2,0.0010515752518486827,162.95831488185243,0.0010521283509619553
29.095238095238095,2,0.03165982922032111,168.20008626321246,0.03216633275301346
29.099206349206348,2,-0.004361706898559435,167.46804442315147,-0.004352208469830396
29.1031746031746,2,0.025094246639901674,171.72370177095948,0.025411757583166154
29.107142857142854,2,-0.0017372956466545685,171.42562592934723,-0.0017357874221097043
29.11111111111111,2,0.017070725370681973,174.377105990058,0.01721726284917976
29.115079365079364,2,0.021614401848834407,178.18719085225834,0.02184968514397483
29.119047619047617,2,-0.01264986244589309,175.9473441428375,-0.012570189241481476
29.12301587301587,2,-0.005872306197627964,174.91715521619676,-0.005855097908180702
29.126984126984127,2,-0.012776219717592257,172.6965906248157,-0.012694950295964121
29.13095238095238,2,-0.015257748773075534,170.08162937183153,-0.015141939070848208
29.134920634920633,2,0.008642347592114828,171.55790398247052,0.008679800493982434
29.138888888888886,2,-0.0022391893732325837,171.17418311914895,-0.0022366842588653272
29.142857142857142,2,0.0008978488963615951,171.32794068574984,0.0008982520833399095
29.146825396825395,2,0.0072460496220047126,172.57390013598496,0.007272365763856833
29.15079365079365,2,-0.023162779287882594,168.62254778895897,-0.022896581371299206
29.1547619047619,2,0.01644982305715582,171.4192988277179,0.016585866335380697
29.158730158730158,2,-0.004160077811150397,170.7076624638978,-0.004151436674206565
29.16269841269841,2,0.006945721209482438,171.89747757436388,0.006969898675273168
29.166666666666664,2,0.008058341943731204,173.28828249252447,0.008090897771079469
29.170634920634917,2,0.017508508561160777,176.349018140138,0.01766268095908676
29.174603174603174,2,-0.001082983672389377,176.1581384113214,-0.0010823974572116318
29.178571428571427,2,-0.026517221864231954,171.54830409053238,-0.02616872749884121
29.18253968253968,2,0.0009578355152035704,171.71269786729354,0.0009582943861365937
29.186507936507933,2,0.002766763967241481,172.1884442079012,0.002770594991031448
29.19047619047619,2,-0.012792366781203596,169.99977544779247,-0.012710892244697312
29.194444444444443,2,0.002096302820646295,170.35652024849648,0.0020985015995712668
29.198412698412696,2,-0.004310309509502728,169.6238111551523,-0.004301033457805933
29.20238095238095,2,-0.016679014389292188,166.81811632297473,-0.01654068973613162
29.206349206349206,2,0.008698009720623248,168.2754305994062,0.008735947321272839
29.21031746031746,2,-0.006864174081275849,167.12431400227442,-0.006840669449078026
29.21428571428571,2,-0.004881801619904759,166.3104344710229,-0.004869904993240146
29.21825396825397,2,-0.0055898504365740525,165.38337748517043,-0.005574256292463497
29.22222222222222,2,0.015803662471585753,168.01780251332823,0.015929200795249912
29.226190476190474,2,-0.0002773999459794456,167.97120084793607,-0.00027736147417187223
29.230158730158728,2,0.001234659304352767,168.17871613290387,0.0012354218099309248
29.234126984126984,2,-0.005313398491286997,167.28748542506895,-0.005299307357839202
29.238095238095237,2,0.006069669056329603,168.30595285221025,0.006088126822837821
29.24206349206349,2,0.017237904741578474,171.23234480448195,0.0173873348071133
29.246031746031743,2,0.008400374320249057,172.67681916497932,0.008435756469648269
29.25,2,0.00889180554037451,174.2190744178069,0.008931455074777323
29.253968253968253,2,0.007875877914406972,175.59662014858768,0.007906974224173085
29.257936507936506,2,-0.01715132753870365,172.6105854307788,-0.01700508082263904
29.26190476190476,2,-0.01079996451245892,170.7564276748936,-0.010741854280013377
29.265873015873016,2,-0.0023445031684123886,170.3565576206512,-0.002341756967437244
29.26984126984127,2,-0.008906932105148074,168.84594079586077,-0.008867382893203487
29.273809523809522,2,-0.013173810613928479,166.63618376756943,-0.013087415770113374
29.277777777777775,2,-0.023349102004531632,162.790450441657,-0.023078620975121762
29.28174603174603,2,-0.016726578243030598,160.0901694224026,-0.016587465738490403
29.285714285714285,2,-0.0029938229983845705,159.61160451812586,-0.002989345979227143
29.289682539682538,2,-0.0006365947668262612,159.51002894063575,-0.0006363921833678228
29.29365079365079,2,-0.009753443180677118,157.96181939689052,-0.00970603261768231
29.297619047619047,2,0.001232459452060461,158.15662095212195,0.001233219242315781
29.3015873015873,2,-0.0052276948772250545,157.33198374884043,-0.005214054260372753
29.305555555555554,2,0.013978030945746539,159.54661713464515,0.01407618039914969
29.309523809523807,2,-0.0017981979860501407,159.25997852275728,-0.0017965821966997879
29.313492063492063,2,0.00901103972573024,160.70156184367028,0.009051761367071783
29.317460317460316,2,0.0027983479905597662,161.15189053065595,0.002802267021048969
29.32142857142857,2,-0.017426339477550724,158.36793054647393,-0.01727537899192344
29.325396825396822,2,-0.0009040904157874096,158.2248163221462,-0.0009036818491837764
29.32936507936508,2,-0.015329305146580327,155.81783563572696,-0.015212409420773853
29.333333333333332,2,-0.0011240992831705802,155.64277932715265,-0.0011234677202400132
29.337301587301585,2,-0.009149670650489172,154.22519426498928,-0.009107939785523874
29.34126984126984,2,0.005050377126764952,155.00605983152508,0.005063151777874152
29.345238095238095,2,-0.0166739797536402,152.44292018126043,-0.016535738364361723
29.349206349206348,2,0.00042332082622911196,152.50746610503722,0.0004234104391346286
29.3531746031746,2,0.007449853704954152,153.6478670521636,0.007477672905147836
29.357142857142854,2,0.011672724606741371,155.45186459068796,0.01174111670493855
29.36111111111111,2,-0.009389513558549865,153.99907835193454,-0.009345569720753481
29.365079365079364,2,0.00046173646661811743,154.0702017611074,0.00046184308330939327
29.369047619047617,2,0.0025581290238541493,154.46483776564315,0.0025614038277670804
29.37301587301587,2,0.019730054202298862,157.5427007448575,0.01992597813027207
29.376984126984127,2,-0.0184249092873765,154.66656837839326,-0.018256208335047118
29.38095238095238,2,-0.011240717872076254,152.93773995888893,-0.01117777705699704
29.384920634920633,2,0.035571001509466446,158.47580181272153,0.036211218076854686
29.388888888888886,2,-0.0032026071289271386,157.96907793193927,-0.0031974842530282065
29.392857142857142,2,-0.02358618738936483,154.28678597799768,-0.02331020730226813
29.396825396825395,2,-0.0071013466929727405,153.19502310201776,-0.007076191710516969
29.40079365079365,2,-0.03464642836124273,147.97825571688006,-0.03405311268933188
29.4047619047619,2,0.003273410908778488,148.463443028885,0.003278774368940255
29.408730158730158,2,0.010440424243743916,150.0215840319376,0.010495115641022994
29.41269841269841,2,-0.011247771080936853,148.34362990959627,-0.011184751402065674
29.416666666666664,2,-0.005692468735459004,147.50158735848782,-0.005676297334921525
29.420634920634917,2,0.011875043773988368,149.2636165457262,0.011945832033358922
29.424603174603174,2,-0.021812546956009586,146.04304898265326,-0.0215763736508842
29.428571428571427,2,-0.01641213698734366,143.66573224294604,-0.016278191644639974
29.43253968253968,2,-0.002635885909989958,143.2875444125327,-0.002632415013023941
29.436507936507933,2,-0.009240432774225718,141.96960403846555,-0.00919787117205907
29.44047619047619,2,-0.003464279663186803,141.47863254869986,-0.0034582859696689135
29.444444444444443,2,-0.015683662211562383,139.27703911780935,-0.015561314038943065
29.448412698412696,2,0.0029381913635983417,139.6868634876715,0.0029425120785023114
29.45238095238095,2,-0.0016420649084246137,139.45767681216694,-0.001640717457477758
29.456349206349206,2,0.0071572450959107485,140.4593900630879,0.0071829193904478115
29.46031746031746,2,0.002762891624440109,140.84800073284225,0.0027667119270547887
29.46428571428571,2,0.002842145382335188,141.24888063736898,0.0028461881066184466
29.46825396825397,2,-0.017983664664049565,138.73141263197533,-0.017822923580236072
29.47222222222222,2,0.0064441654456369605,139.62830757338,0.0064649737531610185
29.476190476190474,2,-0.003930429601720602,139.08058543681832,-0.003922715573085094
29.480158730158728,2,-0.0018608461470719922,138.8220185165172,-0.0018591158463213634
29.484126984126984,2,0.013444984991325192,140.70108215708967,0.013535775236901417
29.488095238095237,2,-0.00882594079467171,139.46472676169685,-0.008787106512887399
29.49206349206349,2,0.017261417659572998,141.89298293853392,0.017411256833322508
29.496031746031743,2,0.018436773414841803,144.53329635455611,0.018607780041990773
29.5,2,0.009722287676694322,145.94534368319987,0.009769702651628956
29.503968253968253,2,-0.012116565694024422,144.18765740331003,-0.01204345569054358
29.507936507936506,2,-0.02730661057613864,140.30365204333384,-0.0269371555785265
29.51190476190476,2,0.013830137565835687,142.25755105427464,0.013926216334962872
29.515873015873016,2,0.0016414151049986378,142.49124649051538,0.0016427629641366612
29.51984126984127,2,-0.00915051040679953,141.19332622947908,-0.009108771893034941
29.523809523809522,2,0.01502359099813057,143.33057136345064,0.015137012428603939
29.527777777777775,2,-0.01061652637448479,141.8169475028841,-0.01056036996272305
29.53174603174603,2,-0.005105758716949794,141.0947097418192,-0.005092746486101671
29.535714285714285,2,0.0068510922359850375,142.06468150126668,0.006874614655804325
29.539682539682538,2,-0.013791981675001442,140.1187777969696,-0.013697308041195058
29.54365079365079,2,-0.0011412345720449642,139.95896061534714,-0.0011405836115271804
29.547619047619047,2,0.01395993396318082,141.92647972917626,0.014057828846247063
29.5515873015873,2,0.0028978406034067873,142.33835653327014,0.0029020434021879344
29.555555555555554,2,0.015954189838608347,144.6274615479029,0.016082137453214438
29.559523809523807,2,0.014520142499620385,146.7427931921071,0.014626071850839929
29.563492063492063,2,0.0003355890878164559,146.79204673623178,0.0003356454041339243
29.567460317460316,2,-0.02920207885769732,142.56739828420908,-0.02877981842990325
29.57142857142857,2,-0.013693326189546664,140.62848180008,-0.013599999070361553
29.575396825396822,2,0.009855201088674232,142.02125552684618,0.009903923507800705
29.57936507936508,2,-0.01929323679856925,139.30746885661094,-0.019108313471586154
29.583333333333332,2,-0.0038778444979476567,138.7683022327961,-0.003870335368520455
29.587301587301585,2,0.004502550130655736,139.3945222056116,0.004512701839970111
29.59126984126984,2,0.01875294569053866,142.03324468964814,0.018929886499731777
29.595238095238095,2,-0.0070064719799153765,141.04157086477,-0.0069819838802179105
29.599206349206348,2,-0.007869087856955427,139.93605774675467,-0.007838207637912358
29.6031746031746,2,-0.000422659311739323,139.8769249662903,-0.00042257000387513295
29.607142857142854,2,0.0046591830949745125,140.53015775435492,0.0046700539650983645
29.61111111111111,2,-0.0017052321229084262,140.29072541699,-0.0017037790406767824
29.615079365079364,2,0.013457633855824817,142.19146769328924,0.01354859539466796
29.619047619047617,2,-0.009830170685544105,140.8005489806301,-0.009782012487974175
29.62301587301587,2,0.0017519807001254732,141.04744504042444,0.0017535163149705246
29.626984126984127,2,0.0058472481516127165,141.8746003872898,0.005864376675722473
29.63095238095238,2,-0.004804364197807073,141.1946178863433,-0.004792841700278134
29.634920634920633,2,0.010817446026511888,142.73027400835917,0.010876166138655557
29.638888888888886,2,0.002114796456124834,143.0324388819998,0.0021170342153406315
29.642857142857142,2,0.010176617046668147,144.49545689854168,0.010228574916133559
29.646825396825395,2,0.002683577135015334,144.8837423667677,0.002687181151299263
29.65079365079365,2,0.004980347088109709,145.60711351567716,0.0049927696309651865
29.6547619047619,2,-0.007729291999002961,144.4860118606036,-0.007699497833619294
29.658730158730158,2,-0.007708881266629175,143.37646851415712,-0.007679244046938596
29.66269841269841,2,0.015664040914449673,145.64000516649807,0.01578736508018698
29.666666666666664,2,0.00824477424659481,146.84573779694261,0.008278855998844988
29.670634920634917,2,-0.012650054427172984,144.99983124627423,-0.012570378809502155
29.674603174603174,2,0.0025167602043054864,145.3652206570828,0.0025199299038352278
29.678571428571427,2,-0.029668671932452775,141.11577699278195,-0.029232877335393127
29.68253968253968,2,-0.006992871145620749,140.13241481736617,-0.006968477914883096
29.686507936507933,2,0.01234590588279273,141.87320009641834,0.01242243117925977
29.69047619047619,2,-0.0013385909781261922,141.6834169600666,-0.001337695464842734
29.694444444444443,2,0.0017236552398096577,141.92784091490424,0.0017251415873634239
29.698412698412696,2,-0.03776473636976902,136.66791833021009,-0.03706054112277901
29.70238095238095,2,-0.004703835830731204,136.02656447323633,-0.004692790120825354
29.706349206349206,2,0.004499924665178963,136.64005305680658,0.004510064530012535
29.71031746031746,2,0.006100196656477321,137.4761317812178,0.0061188407476956575
29.71428571428571,2,0.012362637547492339,139.1862483652169,0.012439370833626538
29.71825396825397,2,-0.0024109034400763858,138.85108794227236,-0.0024079995465154705
29.72222222222222,2,-0.001848971825884823,138.5945933913457,-0.0018472635305039145
29.726190476190474,2,-0.016545006835014933,136.32040996372348,-0.016408889928344255
29.730158730158728,2,-0.0023386339543258897,136.00197891627508,-0.002335901480440189
29.734126984126984,2,-0.01565625654926366,133.88927868651865,-0.015534334475067097
29.738095238095237,2,-0.02304287996262983,130.83935853270697,-0.02277942030707754
29.74206349206349,2,-0.013433879720049093,129.09343186900603,-0.013344047871226193
29.746031746031743,2,0.019245738441931996,131.601992413279,0.019432131503161473
29.75,2,-0.003170655493461726,131.1853886356231,-0.0031656342735872966
29.753968253968253,2,0.003008289626154738,131.5806264762378,0.0030128190702131546
29.757936507936506,2,-0.006231349427780997,130.76325093591078,-0.006211974834111981
29.76190476190476,2,-0.02232072717734713,127.87685317165149,-0.02207346286973189
29.765873015873016,0,0.006035847287906852,128.65103239245747,0.006054099718631202
29.76984126984127,0,-0.013544673197813467,126.92024414326839,-0.013453356860046133
29.773809523809522,0,-0.0033559764729934067,126.49501671569458,-0.0033503514781592545
29.777777777777775,0,-0.00020515252209369586,126.46906860573415,-0.00020513147975402278
29.78174603174603,0,0.001590837165773054,126.67042041690073,0.0015921032184892832
29.785714285714285,0,-0.0044374394649940455,126.10957337698665,-0.00442760857719007
29.789682539682538,0,-0.011439180167013297,124.67520289866543,-0.011374001512425121
29.79365079365079,0,-0.004907524512257623,124.06485515757691,-0.004895502288331456
29.797619047619047,0,-0.004577843081146365,123.49820372903365,-0.004567380728599885
29.8015873015873,0,-0.004731142369163636,122.91529614155014,-0.0047199681443334356
29.805555555555554,0,0.006249683619487068,123.685883309264,0.006269253639729034
29.809523809523807,0,-0.007506090019142696,122.76096155064832,-0.007477989677309512
29.813492063492063,0,0.0020348801030508606,123.01101972165212,0.0020369518765996856
29.817460317460316,0,0.0011360664930720817,123.1508478314126,0.0011367120610566615
29.82142857142857,0,0.006189187175649161,123.91541506370875,0.006208379769685301
29.825396825396822,0,-0.0006997630734741319,123.82873396366656,-0.000699518296393283
29.82936507936508,0,0.005122545540523981,124.46467973257627,0.005135688208653704
29.833333333333332,0,-0.0009459960067163129,124.34699231726105,-0.0009455486935572242
29.837301587301585,0,0.002875304595385069,124.70504230039641,0.0028794422483636732
29.84126984126984,0,-0.009328750044533084,123.54710956149613,-0.009285372247506939
29.845238095238095,0,-0.016480700823730557,121.52765334711486,-0.01634563707357318
29.849206349206348,0,0.0025172105146273834,121.83394937799987,0.0025203813490092164
29.8531746031746,0,0.0028550872722870333,122.18229297525932,0.0028591669156085276
29.857142857142854,0,0.003134272034962377,122.565846285515,0.003139189001251577
29.86111111111111,0,-0.0031678751328554564,122.17818734068912,-0.0031628627107328847
29.865079365079364,0,0.009523256988669099,123.34727956435161,0.009568747491748417
29.869047619047617,0,-0.002758069049005745,123.0075479672675,-0.0027542690709030037
29.87301587301587,0,0.0027901775034073445,123.3512401184364,0.002794073671481729
29.876984126984127,0,0.0038847450124866027,123.83136020151899,0.0038923004148284234
29.88095238095238,0,0.01096593420087835,125.19675950635511,0.011026280439899503
29.884920634920633,0,-0.0018582099973141132,124.96433365111245,-0.0018564845940030866
29.888888888888886,0,-0.0039758396540489,124.46848186481094,-0.003967946467717531
29.892857142857142,0,-0.00929853995630684,123.31647102281158,-0.009255442219103384
29.896825396825395,0,0.009917881848723775,124.54559428692704,0.009967227037239132
29.90079365079365,0,0.0027935280789379204,124.89400231891028,0.0027974336143960473
29.9047619047619,0,0.002992905591060849,125.26835820320956,0.0029973888044951373
29.908730158730158,0,0.019772280157182538,127.76984785910577,0.01996904638790204
29.91269841269841,0,0.002186478294003894,128.04951949463967,0.0021888703807665224
29.916666666666664,0,-0.00806496483723228,127.02095785433347,-0.008032530261460651
29.920634920634917,0,-0.0010951876358251753,126.88192222075116,-0.0010945881367209844
29.924603174603174,0,-0.006001663102096883,126.12270024601914,-0.005983689098050412
29.928571428571427,0,-0.002354847596769218,125.82604992867495,-0.002352077118278772
29.93253968253968,0,-0.0023971872285134324,125.52478257017334,-0.0023943162697425955
29.936507936507933,0,-0.0035590171879981095,125.07883175551689,-0.0035526913930886833
29.94047619047619,0,-0.008637965909271586,124.00305800833276,-0.0086007658696952
29.944444444444443,0,0.01017070623451027,125.2706921232823,0.010222603662438207
29.948412698412696,0,0.002021454615988816,125.52417726015541,0.002023499132771597
29.95238095238095,0,-0.0012814514240076739,125.36342714318866,-0.0012806307157349893
29.956349206349206,0,0.004911558604968432,125.98067153769469,0.0049236400804600405
29.96031746031746,0,0.003106333793727937,126.37261799814887,0.0031111634480916945
29.96428571428571,0,0.001875577264128484,126.60986202247571,0.0018773372593290012
29.96825396825397,0,0.004453971148649722,127.17503639591453,0.0044639048207669695
29.97222222222222,0,0.000982598469594998,127.30005980589425,0.000983081377626502
29.976190476190474,0,0.004360887218743944,127.85641322520837,0.0043704097245707485
29.980158730158728,0,0.004883050454189471,128.48226934179087,0.004894991974161491
29.984126984126984,0,0.0011639205711455806,128.63189956005766,0.0011645981895660536
29.988095238095237,0,-0.001249465920917693,128.4712787512242,-0.0012486856633761618
29.99206349206349,0,0.009779488864239,129.73382566055176,0.009827464329769806
29.996031746031743,0,-0.0028716078382905125,129.3618153793503,-0.00286748871627974
30.0,0,0.00260393286833664,129.69910380995856,0.0026073260460912
30.003968253968253,0,0.00274626679454019,130.05578169417691,0.002750041239613756
30.007936507936506,0,-0.003700964651102135,129.5753394417421,-0.003694124522387838
30.01190476190476,0,-0.004949913813599703,128.93553746780157,-0.004937683178736261
30.015873015873016,0,-0.0020901693209664997,128.66632181416668,-0.002087986438201076
30.01984126984127,0,-0.0029617858363907576,128.28580350962372,-0.0029574040757334857
30.023809523809522,0,-0.009046470266252483,127.1305033757502,-0.009005674067332714
30.027777777777775,0,-0.003965144369986128,126.62741065282593,-0.003957293565001568
30.03174603174603,0,0.001815936057061321,126.85756684485932,0.0018175858674418992
30.035714285714285,0,0.008113583882924514,127.89102320267891,0.008146588205365096
30.039682539682538,0,0.0036312260362186253,128.35626861033046,0.003637826924836244
30.04365079365079,0,-0.01623663922354133,126.28902216738042,-0.016105535517131026
30.047619047619047,0,0.004178722565340774,126.8178531034242,0.004187465600477252
30.0515873015873,0,-0.0033771368713650116,126.39029422454941,-0.0033714407586293215
30.055555555555554,0,0.002993025083227917,126.7691502253745,0.0029975086548338498
30.059523809523807,0,4.984512558232447e-05,126.7754692070714,4.9846367871237226e-05
30.063492063492063,0,-0.0010749290619328927,126.63926778742737,-0.001074351532641674
30.067460317460316,0,-0.0005051356618098686,126.57531393112917,-0.0005050081022706474
30.07142857142857,0,-2.3709754075089326e-06,126.57501382452836,-2.3709725967489626e-06
30.075396825396822,0,0.008607844168673454,127.66925458970174,0.00864499818811203
30.07936507936508,0,1.5041351374257497e-05,127.67117492226187,1.5041464495950245e-05
30.083333333333332,0,0.006977123764060668,128.56506728337564,0.007001520598976947
30.087301587301585,0,0.00605973930993281,129.3465033336313,0.006078136672485557
30.09126984126984,0,0.004340880869982336,129.90920151484846,0.004350316140868252
30.095238095238095,0,-0.01111575179142246,128.47315920672816,-0.01105420009802919
30.099206349206348,0,0.007173013446072477,129.39801193022188,0.0071988011286117475
30.1031746031746,0,-0.0027456181332477896,129.04322168440603,-0.002741852371017743
30.107142857142854,0,0.004647546965718112,129.64435192628898,0.004658363562506041
30.11111111111111,0,-0.005987492107775837,128.87042664018836,-0.005969602798745395
30.115079365079364,0,-0.007326375882011599,127.92972363419854,-0.007299603411853976
30.119047619047617,0,0.012588967678518498,129.55040674978105,0.012668542302309339
30.12301587301587,0,-0.005889537786714811,128.78965716464486,-0.005872228457032618
30.126984126984127,0,0.007358682086248395,129.7408748696775,0.007385823721982141
30.13095238095238,0,0.0008848667953111885,129.85572906968412,0.0008852584054329907
30.134920634920633,0,-0.002507618718756245,129.53050834793572,-0.002504477269338
30.138888888888886,0,-0.00014350653846874638,129.51192120677666,-0.00014349624189800237
30.142857142857142,0,-0.008057236039722158,128.47260571538143,-0.008024863516123092
30.146825396825395,0,5.2244441546027466e-05,128.47931787025578,5.2245806310630716e-05
30.15079365079365,0,-0.006681733980236638,127.62371488529145,-0.006659460831107613
30.1547619047619,0,-0.0023521728664886916,127.3238746223274,-0.0023494086756014553
30.158730158730158,0,0.005967728256746032,128.0859806657661,0.0059855706221573265
30.16269841269841,0,0.0017401396407051204,128.30906219835765,0.0017416545622872895
30.166666666666664,0,-0.009197907636431107,127.13429826264908,-0.009155736279113754
30.170634920634917,0,0.005502759908265802,127.83581615417451,0.005517927900747317
30.174603174603174,0,9.416459274755465e-05,127.84785432851717,9.41690263719807e-05
30.178571428571427,0,-0.00327655726523948,127.42963903990024,-0.003271195209442951
30.18253968253968,0,0.004842507484145835,128.04821454010462,0.00485425137248296
30.186507936507933,0,-0.0009144151781369857,127.93117882696704,-0.0009139972279810111
30.19047619047619,0,-0.007204087345189319,127.01286322505325,-0.007178200109887527
30.194444444444443,0,0.01177899595237859,128.51779310833047,0.011848641508148853
30.198412698412696,0,2.998823485606732e-05,128.52164718788165,2.9988684507676955e-05
30.20238095238095,0,-0.00037378970982560115,128.47361609599622,-0.00037371985915544037
30.206349206349206,0,-0.0024130338235521936,128.16397864798466,-0.0024101247977650338
30.21031746031746,0,0.007571974370272737,129.1381164283242,0.007600714261649879
30.21428571428571,0,-0.003167534923174038,128.72971409042628,-0.0031625235770302933
30.218253968253965,0,-0.009593569413537752,127.50064166514818,-0.009547697934097592
30.22222222222222,0,-0.004136378524805246,126.97433999093887,-0.004127835494283444
30.226190476190474,0,0.008496783266604283,128.05780992441478,0.008532983385093373
30.230158730158728,0,0.005380828786875032,128.74872425327408,0.005395331446533314
30.234126984126984,0,-0.0014675587238892538,128.5599165169136,-0.0014664823861792072
30.238095238095237,0,0.008789583154178115,129.69488523741416,0.008828324965123731
30.24206349206349,0,0.004850482061522384,130.32549609869073,0.004862264692414062
30.246031746031743,0,-0.0015404662500447675,130.1248886246227,-0.001539280340940152
30.25,0,-0.0009062449602830586,130.00701701844093,-0.0009058344443377396
30.253968253968253,0,0.0022133956056780554,130.29509267370187,0.0022158469740139928
30.257936507936506,0,-0.005101506319993406,129.63208404423912,-0.005088515736529534
30.26190476190476,0,0.00016726813407412006,129.65376917461845,0.00016728212416847985
30.265873015873016,0,0.0020823404100949864,129.9240337512577,0.0020845099865576325
30.26984126984127,0,-0.010487999533778363,128.5685113304951,-0.01043319224030426
30.273809523809522,0,-0.0010537170435996515,128.43310784984206,-0.0010531620787380914
30.277777777777775,0,-0.0017701856343432622,128.20595851491237,-0.0017686197798405742
30.28174603174603,0,0.006615108678587939,129.05686618413424,0.006637036835717111
30.285714285714285,0,-0.011480350014992634,127.58372048246424,-0.011414702256663798
30.289682539682538,0,-0.00226437313923046,127.29515017153209,-0.002261811380331116
30.29365079365079,0,-0.002895880134626148,126.92705191637147,-0.002891691118354389
30.297619047619047,0,0.006186767487723699,127.71475422749228,0.006205945062363891
30.3015873015873,0,-0.00013542871346713467,127.69745915378775,-0.00013541954341288656
30.305555555555554,0,0.011453221659200432,129.1684139650474,0.011519060919514747
30.309523809523807,0,0.004310441087420647,129.72638849804997,0.0043197444009300786
30.313492063492063,0,-0.0024452730746962587,129.4095595776617,-0.002442285829863874
30.317460317460316,0,0.0016485967713386418,129.62307971570695,0.0016499564540827408
30.32142857142857,0,-0.002091534960149974,129.3522518345585,-0.0020893492250179183
30.325396825396822,0,0.005552575396362253,130.0724876970533,0.0055680195147741664
30.32936507936508,0,-0.008253167888580028,129.00339538597885,-0.008219203999268615
30.333333333333332,0,-0.0050499080395211915,128.35358223176692,-0.005037178690279214
30.337301587301585,0,0.003009465554259364,128.74043974145727,0.0030139985418698866
30.34126984126984,0,0.007860428725213644,129.75638243371534,0.007891402998920733
30.345238095238095,0,-0.01373220944482145,127.98671911621886,-0.013638352767737614
30.349206349206348,0,0.008797243702525043,129.1176165717525,0.008836053172881993
30.3531746031746,0,-0.0007438794438839732,129.0216043461294,-0.0007436028341628034
30.357142857142854,0,-0.011728407897842076,127.51722557127434,-0.011659898219985027
30.36111111111111,0,-0.018770219142391593,125.14602291791282,-0.01859515561712252
30.365079365079364,0,-0.00949533775095914,123.96334302065262,-0.009450399378939664
30.369047619047617,0,1.475996463338781e-05,123.96517272871453,1.4760073562201728e-05
30.37301587301587,0,-0.00027622972999073123,123.93093459153691,-0.00027619158207147653
30.376984126984127,0,0.004127676699124188,124.44353862661686,0.004136207289725404
30.38095238095238,0,-0.0033225549693137323,124.03075425807141,-0.0033170413916303464
30.384920634920633,0,-0.006841110464617497,123.18514192880085,-0.006817763338849678
30.388888888888886,0,-0.0024633107581033577,122.88207207431543,-0.0024602792978116574
30.392857142857142,0,0.00035061379522594293,122.92516377780208,0.0003506752674267683
30.396825396825395,0,0.00159262085272452,123.12109293597709,0.0015938897468477885
30.40079365079365,0,-0.004832381439077447,122.52756009526587,-0.004820724268748073
30.4047619047619,0,0.005817469339524905,123.2424377927806,0.00583442367544822
30.408730158730158,0,-0.003775542833682935,122.77800797898715,-0.003768424433264934
30.41269841269841,0,-0.005339815519746235,122.12414337833897,-0.0053255840472676
30.416666666666664,0,-0.0032778564617921358,121.72449332141753,-0.003272490155228873
30.420634920634917,0,0.006909745565198575,122.56849114641105,0.00693367293601993
30.424603174603174,0,-0.0006976501336646271,122.48301104324939,-0.0006974068323931368
30.428571428571427,0,-0.004236134947537089,121.96525389851257,-0.004227175183944333
30.43253968253968,0,0.005972819353022968,122.69591019427291,0.005990692204587796
30.436507936507933,0,0.01363693593377254,124.38056713296841,0.013730343057303085
30.44047619047619,0,0.001459765328485021,124.56226615911024,0.0014608313045206603
30.444444444444443,0,0.00791136581384575,125.55163227157699,0.007942743360199992
30.448412698412696,0,0.006665566498646898,126.39130034834498,0.006687830827652726
30.45238095238095,0,-0.003676282937260796,125.92750321455439,-0.003669533682400065
30.456349206349206,0,0.0003066684553510867,125.96612712951685,0.0003067154829290091
30.46031746031746,0,-0.00794038286239248,124.9698684246662,-0.00790894129678499
30.46428571428571,0,-0.0011521260394893125,124.82597029541093,-0.00115146259709809
30.468253968253965,0,-0.003805739658945407,124.35181797222974,-0.0037985070098718395
30.47222222222222,0,-0.0023990540858895605,124.05384880022785,-0.00239617865553333
30.476190476190474,0,-0.004585005783576226,123.48636314266805,-0.004574510690705774
30.480158730158728,0,-0.0016696510079822575,123.28035603981606,-0.0016682579161716097
30.484126984126984,0,0.003491639668595618,123.7115589858933,0.0034977425433291996
30.488095238095237,0,-0.0006138393937497569,123.63564325994093,-0.0006136510328921737
30.49206349206349,0,-0.011605558330813481,122.20907665316848,-0.011538473608076565
30.496031746031743,0,-0.004561228879664499,121.65292242097685,-0.004550842273115452
30.5,0,-0.009432427370781793,120.51083486245133,-0.009388081566782
30.503968253968253,0,0.0016763238004840848,120.71301945922735,0.0016777296166507396
30.507936507936506,0,0.003309490259907795,121.11317981954203,0.0033149726691229574
30.51190476190476,0,0.0017549907801316191,121.3259189564868,0.00175653167773931
30.515873015873016,0,-0.004821292553753666,120.74237904551657,-0.004809688778697356
30.51984126984127,0,0.0016939224761278434,120.9470806005383,0.0016953579732312493
30.523809523809522,0,-0.0028225525600412433,120.60618243637505,-0.0028185729037077355
30.527777777777775,0,-0.007031257482453525,119.76114363783395,-0.007006596025763417
30.53174603174603,0,0.004812608074098291,120.33889621791481,0.00482420727233583
30.535714285714285,0,0.005291979369607679,120.97741519855225,0.005306006625498883
30.539682539682538,0,0.0061163685630316305,121.71962515870737,0.006135111739136882
30.54365079365079,0,-0.003693347078063919,121.27090149298373,-0.003686535060706381
30.547619047619047,0,0.007568173138955273,122.19218248185103,0.007596884145538911
30.5515873015873,0,-0.0029703870362764615,121.82976293670677,-0.0029659798015147726
30.555555555555554,0,0.00425556026565785,122.3493215574545,0.0042646280204747125
30.559523809523807,0,-0.0030795583604174945,121.97311924716085,-0.0030748213844155343
30.563492063492063,0,-0.0012720661191717231,121.81806001842166,-0.0012712573860229786
30.567460317460316,0,-0.015113097993273029,119.9908538912037,-0.014999468280332969
30.57142857142857,0,-0.001762985594137967,119.77949810770917,-0.0017614324478942933
30.575396825396822,0,0.0007127017437610707,119.86489559273083,0.0007129557759950049
30.57936507936508,0,-0.0024441809033537544,119.57228185007482,-0.0024411963253210007
30.583333333333332,0,0.011201833849870432,120.91924080482336,0.011264809317910194
30.587301587301585,0,-0.007183959133295569,120.0536747386751,-0.007158216181206905
30.59126984126984,0,-0.003411339199109006,119.64482868481328,-0.0034055271923305085
30.595238095238095,0,-0.005561272764007562,118.98129790564481,-0.005545837513098783
30.599206349206348,0,-0.0034125722571237355,118.57595764912321,-0.0034067560503750123
30.6031746031746,0,0.0066361804687091646,119.36546586541522,0.006658248703570795
30.607142857142854,0,0.00944961402611678,120.4987696543773,0.009494402595805683
30.61111111111111,0,-0.004275689609023415,119.98465419935462,-0.004266561861978721
30.615079365079364,0,-0.00441563052556231,119.4560142958627,-0.0044058959624419325
30.619047619047617,0,-0.007150336442272418,118.6049100705929,-0.007124833607471855
30.62301587301587,0,0.00836771335081261,119.60152584248038,0.008402820518090576
30.626984126984127,0,0.00720055288724125,120.46583095768192,0.0072265392026844635
30.63095238095238,0,-0.0005287336974666299,120.40215344916703,-0.0005285939424373612
30.634920634920633,0,-0.008655709394456704,119.36448475638673,-0.008618356591257712
30.638888888888886,0,-0.00809231157700373,118.40244795523117,-0.008059656966802171
30.642857142857142,0,0.00121375339379667,118.54624657865067,0.0012144902905539686
30.646825396825395,0,0.0035993925030491686,118.97370989246953,0.003605878095307471
30.65079365079365,0,-0.012876599984287295,117.4515541487766,-0.012794051266188647
30.6547619047619,0,-0.001885173294595991,117.23034618866816,-0.001883397471507368
30.658730158730158,0,0.010333194773381476,118.44799043228458,0.010386766594178245
30.66269841269841,0,-0.0012312903220889607,118.30223631922338,-0.0012305325951861674
30.666666666666664,0,0.00952272682155805,119.43417722618169,0.009568212251744037
30.670634920634917,0,0.004227495190379122,119.94015338831319,0.004236443653589593
30.674603174603174,0,-0.006691430576517632,119.14026137413029,-0.0066690928065867155
30.678571428571427,0,-0.0017047669637221645,118.93732801867816,-0.0017033146739109906
30.68253968253968,0,-0.0006718086119589848,118.85745173122488,-0.0006715829990791538
30.686507936507933,0,-0.005861369992272026,118.16282196004197,-0.0058442256759274926
30.69047619047619,0,-0.0059707053799484214,117.4594085899348,-0.005952916140958601
30.694444444444443,0,0.00963063883667134,118.59608239402235,0.009677162670346327
30.698412698412696,0,-0.006017904303814749,117.88452570682064,-0.005999832986368191
30.70238095238095,0,0.0069323976104546485,118.70458732351939,0.006956482301487555
30.706349206349206,0,-0.002610704875143459,118.39508885905639,-0.00260729994890129
30.71031746031746,0,-2.2623707904494464e-05,118.39241035344772,-2.2623451990344702e-05
30.71428571428571,0,0.003678176046434188,118.82868032831787,0.0036849488372415686
30.718253968253965,0,-0.003631676333936433,118.3979156944884,-0.0036250897732705155
30.72222222222222,0,0.003716349798382693,118.83874239034566,0.003723263988824823
30.726190476190474,0,-0.01275240649344837,117.33288450347574,-0.012671439099579544
30.730158730158728,0,0.002908785077895586,117.6746775072671,0.002913019698081499
30.734126984126984,0,-0.01541138923846312,115.87505024591569,-0.015293241498284767
30.738095238095237,0,-0.0012901111696186228,115.72565493831182,-0.0012892793339622476
30.74206349206349,0,0.005520113885017767,116.36624015803223,0.005535377786903811
30.746031746031743,0,0.004058980845730053,116.8395283820433,0.004067229665307199
30.75,0,-0.008040328318286251,115.90386676721512,-0.008008091335054795
30.753968253968253,0,-0.0072293042288968145,115.06898390027897,-0.007203235666096941
30.757936507936506,0,-0.0041993371910566775,114.58678360607448,-0.004190532303843186
30.76190476190476,0,0.0013119385602580755,114.73721308152149,0.0013127995281221679
30.765873015873016,0,-0.01266108706719155,113.29367291433556,-0.012581272704962095
30.76984126984127,0,5.558819094059155e-05,113.29997087970256,5.558973599270632e-05
30.773809523809522,0,0.0021007095413544726,113.53823137999792,0.002102917577519883
30.777777777777775,0,-0.0016440777596097558,113.35171906130991,-0.0016427270041203615
30.78174603174603,0,0.00344809993640337,113.74324173333288,0.0034540514715190223
30.785714285714285,0,0.0015482186155754993,113.91947752814669,0.001549417724764181
30.789682539682538,0,-0.0032732122228928905,113.54720449856643,-0.003267861103806502
30.79365079365079,0,-0.012057957631053629,112.18627860021273,-0.011985551774380676
30.797619047619047,0,0.0009793123066964408,112.29619781732453,0.0009797919895671308
30.8015873015873,0,-0.0058649215803982,111.63951699644437,-0.005847756501501127
30.805555555555554,0,-0.0035043272015205635,111.2489802841404,-0.0034981942130439475
30.809523809523807,0,0.003157087764695154,111.60075808313621,0.003162076614969998
30.813492063492063,0,0.009067249978024714,112.61727158102826,0.009108482015282448
30.817460317460316,0,-0.00010086735276819559,112.60591274784527,-0.0001008622658278052
30.82142857142857,0,0.003629169287559008,113.01532112478588,0.0036357626962037755
30.825396825396822,0,-0.008960475660303913,112.00717357673754,-0.008920450236434507
30.82936507936508,0,0.0016855420705909978,112.19612557854813,0.0016869633950820917
30.833333333333332,0,-0.00023848304718231635,112.16937189491492,-0.00023845461236087222
30.837301587301585,0,0.007882294800885259,113.05701769895022,0.007913441869558406
30.84126984126984,0,-0.003265679495704096,112.6884119161667,-0.003260352964245545
30.845238095238095,0,-0.0013832850216107925,112.53263948752648,-0.0013823287238802196
30.849206349206348,0,0.006808793090295431,113.30146536365154,0.006832025620534087
30.8531746031746,0,-0.00044086950846918303,113.25152521166189,-0.00044077233978752833
30.857142857142854,0,-0.006846155249928879,112.47883568199563,-0.006822773717370559
30.86111111111111,0,0.016212667646420736,114.31728043956998,0.01634480608220395
30.865079365079364,0,-0.006655606867546688,113.55895591704329,-0.006633507371858251
30.869047619047617,0,-0.0002686833148864404,113.52844861891697,-0.00026864722275711457
30.87301587301587,0,0.00232281899206825,113.792461163479,0.0023255188261071006
30.876984126984127,0,0.0018247207350386777,114.00029018415105,0.0018263865509813263
30.88095238095238,0,-0.0010563840959710664,113.87992567743309,-0.0010558263187182516
30.884920634920633,0,-0.0010249920457605375,113.76325946062828,-0.0010244669208452123
30.888888888888886,0,-0.0013410427616877994,113.6108003149479,-0.0013401439656629919
30.892857142857142,0,-0.006890833657371803,112.83061832759628,-0.006867146302893838
30.896825396825395,0,0.01368399675944891,114.38520436010053,0.01377805116684326
30.90079365079365,0,-0.0012469236324503248,114.24266363275075,-0.001246146546200372
30.9047619047619,0,0.003899200690976491,114.68898829495768,0.003906812464052201
30.908730158730158,0,-0.0019692259610221098,114.4633619892653,-0.001967288307680442
30.91269841269841,0,-0.002095912185522086,114.22370806859283,-0.00209371729527757
30.916666666666664,0,-0.0027301365102165554,113.9122870572341,-0.002726413076798966
30.920634920634917,0,-0.009624221886159906,112.82122864680464,-0.009578057280873315
30.924603174603174,0,-0.0008729291874425752,112.72278667604157,-0.0008725482955980285
30.928571428571427,0,-0.0024250183373705305,112.44976302878607,-0.0024220803557685098
30.93253968253968,0,0.007518799617745853,113.29843676983967,0.0075471367675207235
30.936507936507933,0,-0.007399613265992972,112.46316630452489,-0.007372303529761643
30.94047619047619,0,-0.003496796591332506,112.07059226374392,-0.003490689918136946
30.944444444444443,0,-0.005520754070225625,111.45358283115705,-0.005505542713067984
30.948412698412696,0,0.00922597622509666,112.48660894627722,0.009268666729944192
30.95238095238095,0,-0.005337869522598905,111.8877697892107,-0.005323648411808264
30.956349206349206,0,0.0036810449636402983,112.30039267646363,0.0036878283303913135
30.96031746031746,0,0.0062503317227180005,113.00450556055502,0.006269905806294842
30.96428571428571,0,-0.0007815989312394238,112.91621586784301,-0.0007812935623586118
30.968253968253965,0,-0.008534205184507291,111.9566660344236,-0.008497892229601641
30.97222222222222,0,-0.00845447268329648,111.01412143278503,-0.008418834134885382
30.976190476190474,0,0.005554893416604245,111.63250899345395,0.005570350444499671
30.980158730158728,0,-0.007802107011015645,110.76492908900875,-0.007771749576067061
30.98412698412698,0,0.00260842441313644,111.05422817753688,0.0026118293119260457
30.988095238095237,0,0.0008592205727624879,111.1496892602694,0.0008595898085028927
30.99206349206349,0,0.0025146002336768566,111.42953800124914,0.0025177644925706327
30.996031746031743,0,0.003109593945166032,111.77657791489361,0.0031144337477246125
31.0,0,-0.005742684211054846,111.13651991024238,-0.005726226518927718
31.003968253968253,0,-0.0060063610125604084,110.47099454359994,-0.00598835888670918
31.007936507936506,0,0.004642506513559819,110.98504918305508,0.004653299642851308
31.01190476190476,0,-0.0038256095123306026,110.56127483759565,-0.0038183011908252784
31.015873015873016,0,-0.01718541820240856,108.67746647301477,-0.017038591200653593
31.01984126984127,0,0.004225663126832543,109.1376724888081,0.004234603830294366
31.023809523809522,0,-0.006388943638524028,108.44262073792027,-0.006368577733404603
31.027777777777775,0,0.0030815683208249185,108.77730950090604,0.003086321233370473
31.03174603174603,0,0.008912841826769316,109.75115788637427,0.00895267946905944
31.035714285714285,0,0.0002444824443114177,109.77799339799243,0.0002445123325798753
31.039682539682538,0,0.0064116240189772454,110.48410987492773,0.006432222479921527
31.04365079365079,0,0.0011077232101206745,110.6065634976243,0.0011083369620773025
31.047619047619047,0,0.010138753713059896,111.73368032886872,0.010190325018719805
31.0515873015873,0,-0.0065517570051233385,111.00402129050472,-0.006530341041450963
31.055555555555554,0,8.713937649056098e-05,111.01369453316197,8.714317323630978e-05
31.059523809523807,0,0.004379408410547953,111.50093497438901,0.004389012033839465
31.063492063492063,0,-0.0010605924343288255,111.38274061543532,-0.0010600302049559203
31.067460317460316,0,0.007397186319906337,112.20971436917429,0.007424613087895043
31.07142857142857,0,-0.0025827043922834673,111.9202837647467,-0.0025793720807037552
31.075396825396822,0,0.013174701835320731,113.4045560862684,0.013261870606418407
31.07936507936508,0,0.013507476577618164,114.94675764907726,0.013599114674330995
31.083333333333332,0,0.00191577544563409,115.16718089824435,0.0019176117158530381
31.087301587301585,0,0.0036199491208390505,115.58483572201249,0.0036265090498057515
31.09126984126984,0,0.007645713324989146,116.47195123460664,0.007675016424539284
31.095238095238095,0,-0.007339751765421546,115.62020564925552,-0.007312881567816017
31.099206349206348,0,-0.008125934346077663,114.68449037832947,-0.00809300818720776
31.1031746031746,0,0.008053584099806,115.61184080150579,0.008086101443335552
31.107142857142854,0,0.0018648540348896584,115.82764116485434,0.0018665939565739372
31.11111111111111,0,-0.001287960043287387,115.67855581971867,-0.0012871309787230445
31.115079365079364,0,0.00020895911074888973,115.70273043354041,0.0002089809442246136
31.119047619047617,0,-0.014891759572448546,113.99247912168975,-0.014781425688419551
31.12301587301587,0,-0.0010615408570970968,113.87153565227469,-0.0010609776219181342
31.126984126984127,0,-0.004604859676619174,113.34837866613982,-0.004594273565717092
31.13095238095238,0,0.005922196575289638,114.02164167629219,0.005939767450361656
31.134920634920633,0,0.0064069936185534235,114.75452288245845,0.00642756230652125
31.138888888888886,0,0.003771632902018046,115.1881520475916,0.00377875445987773
31.142857142857142,0,0.002630044218727366,115.49150071629799,0.0026335058190790233
31.146825396825395,0,-0.009293509024313376,114.42315145826613,-0.009250457838072263
31.15079365079365,0,0.0038595905633483124,114.86563132013168,0.0038670483746192294
31.1547619047619,0,0.004103723268769491,115.3379766084581,0.004112155071085182
31.158730158730158,0,0.007982865308499877,116.2623889612319,0.008014813333443171
31.16269841269841,0,0.013482356480191448,117.84049431914919,0.013573653285616364
31.166666666666664,0,-0.010523241161488374,116.60693229771645,-0.010468065570837437
31.170634920634917,0,-0.002308285088962536,116.33808066710318,-0.00230562304758065
31.174603174603174,0,-0.004536951416871453,115.81145598581485,-0.004526674999867517
31.178571428571427,0,0.0012255820313600233,115.95347943821511,0.0012263333639263663
31.18253968253968,0,0.00022331266020097853,115.97937620959885,0.00022333759632923138
31.186507936507933,0,-0.0013356895676551888,115.82456717815244,-0.0013347979313718945
31.19047619047619,0,0.006612187904205191,116.59295855477099,0.006634096680340963
31.194444444444443,0,-0.006799368476008088,115.80288909836025,-0.006776305071970668
31.198412698412696,0,-0.006419559890471774,115.06186658036025,-0.006398998537684033
31.20238095238095,0,-0.006313123858332852,114.33775487369972,-0.006293237961290915
31.206349206349206,0,-0.002130961555980268,114.09436493307274,-0.002128692669326634
31.21031746031746,0,-0.007600502002801339,113.23047763119753,-0.007571691225784809
31.21428571428571,0,-0.00016708273056594244,113.2115603542308,-0.00016706877302388132
31.218253968253965,0,-0.0009036013478086121,113.1093084401482,-0.0009031932230473487
31.22222222222222,0,-0.0048156906207186875,112.56591845354835,-0.004804113773601447
31.226190476190474,0,0.0056430989180155,113.20293474870401,0.0056590511933544245
31.230158730158728,0,-0.0002359292080722298,113.17623002029387,-0.00023590137896522845
31.23412698412698,0,0.006832938071237642,113.95220426401261,0.006856335854088584
31.238095238095237,0,-0.0010898096814613001,113.82808569367606,-0.0010892160545567624
31.24206349206349,0,-1.3524580775796614e-05,113.82654622694695,-1.3524489319066338e-05
31.246031746031743,0,-0.0034063070278509194,113.43947767400476,-0.0034005121456502016
31.25,0,9.449985588834607e-05,113.45019819483284,9.450432114038165e-05
31.253968253968253,0,0.004625524393603432,113.97618038797178,0.0046362386448685605
31.257936507936506,0,-0.002452273216622749,113.69702207959128,-0.002449268851001832
31.26190476190476,0,0.003404577292573783,114.0847720670592,0.0034103794486053146
31.265873015873016,0,-0.004980935724802853,113.51793600911978,-0.004968551434771667
31.26984126984127,0,0.004920458005304853,114.07787268884655,0.004932583338035405
31.273809523809522,0,-0.003514174451359987,113.6776867166762,-0.0035080069669765693
31.277777777777775,0,0.005503967796515281,114.30509006359429,0.005519142454770591
31.28174603174603,0,0.0005230050010033053,114.36488783324093,0.0005231417919652555
31.285714285714285,0,0.009719996827431722,115.48193422915169,0.00976738942409987
31.289682539682538,0,-0.007131054443954931,114.66135554184953,-0.0071056888056095745
31.29365079365079,0,-0.009160150714332474,113.61583611239234,-0.009118324343161234
31.297619047619047,0,-0.00374291488835032,113.19137656137706,-0.0037359189135874418
31.3015873015873,0,-0.00858334023272104,112.22397417618559,-0.008546608536622126
31.305555555555554,0,-0.008571522205845335,111.26615473911478,-0.008534891444559484
31.309523809523807,0,0.004054290649317246,111.71817576299836,0.004062520403832095
31.313492063492063,0,0.00011256496472172483,111.73075202332177,0.00011257130039508895
31.317460317460316,0,-0.0028828172373207214,111.40911651639144,-0.002878665909839785
31.32142857142857,0,-0.0022987463471916022,111.15330934729872,-0.0022961062531635383
31.325396825396822,0,-0.0036233547620838883,110.7512902433035,-0.0036167983333641324
31.32936507936508,0,0.010535237435312253,111.92424923402531,0.01059092845008847
31.333333333333332,0,-0.00449436156418743,111.42234989355363,-0.004484277034749752
31.337301587301585,0,-0.008189771811722604,110.51355277331027,-0.008156326994642986
31.34126984126984,0,0.005153536424337053,111.08455847848562,0.005166838734672024
31.345238095238095,0,-0.001220243785735052,110.94909090485281,-0.0012194995910171777
31.349206349206348,0,0.012981955936874394,112.39881689338898,0.013066587357434175
31.3531746031746,0,-0.0031758950604662633,112.04241629103514,-0.003170857240355891
31.357142857142854,0,0.00546808830015421,112.65675220747656,0.005483065581571789
31.36111111111111,0,0.00695609128475487,113.443134763195,0.006980341083063688
31.365079365079364,0,-0.003145218162428732,113.08689187980315,-0.0031402771453337835
31.369047619047617,0,-0.004541072053283597,112.57452039389453,-0.004530776975046452
31.37301587301587,0,0.0048090590583885285,113.11720175841998,0.004820641141766801
31.376984126984127,0,0.003760367568748935,113.54336477800403,0.0037674466213736906
31.38095238095238,0,-0.008747119500056084,112.55451848109958,-0.008708974750200155
31.384920634920633,0,-0.006969587454456875,111.77278725760534,-0.00694535620642856
31.388888888888886,0,-0.015839118280193853,110.01635177512071,-0.01571433911222498
31.392857142857142,0,0.0038894735305675518,110.44509070714659,0.0038970473489452337
31.396825396825395,0,-0.0015104673956617312,110.27839292609777,-0.001509327213926417
31.40079365079365,0,-0.0008825627513135581,110.18110826045225,-0.0008821734073571364
31.4047619047619,0,-0.010516207394651925,109.02849207280907,-0.010461105409455393
31.408730158730158,0,-0.006778505731037772,108.29194099256692,-0.00675558348317105
31.41269841269841,0,-0.002871969252922169,107.98137604765039,-0.0028678490944938954
31.416666666666664,0,-0.004096364296952504,107.53994973283922,-0.004087985641305478
31.420634920634917,0,0.0008811863919638387,107.63475423722129,0.0008815747507563139
31.424603174603174,0,0.0038143926055567994,108.0460994652407,0.0038216766595006594
31.428571428571427,0,0.01443610420030552,109.61717705099433,0.014540807984086421
31.43253968253968,0,1.2793452108078759e-05,109.61857944206989,1.279353394463617e-05
31.436507936507933,0,0.007165265218064317,110.40684633474103,0.007190997152884588
31.44047619047619,0,-0.005089448165497202,109.84636389618703,-0.005076518867812334
31.444444444444443,0,-0.01041228113208457,108.7085465905378,-0.010358260986449878
31.448412698412696,0,-0.002080402881762365,108.48262410331955,-0.002078240343597306
31.45238095238095,0,-0.009925811896306693,107.41117229377137,-0.009876713606481714
31.456349206349206,0,0.00023132115382966202,107.43602164405999,0.00023134791063086484
31.46031746031746,0,-0.004777509975741036,106.92396912086954,-0.004766115827397787
31.46428571428571,0,-0.012171863691306255,105.63039372577535,-0.012098086198352617
31.468253968253965,0,0.011074819378652368,106.80673310696812,0.011136372209751602
31.47222222222222,0,-0.0032474316045079847,106.46044811903066,-0.0032421644016646356
31.476190476190474,0,-0.010177143058228475,105.38247953286904,-0.01012553117338295
31.480158730158728,0,0.005796839346736252,105.9951388649269,0.005813673532579602
31.48412698412698,0,-0.004450950170513028,105.52440816011324,-0.004441059371728346
31.488095238095237,0,0.007006289395829732,106.2663387572503,0.007030890862816692
31.49206349206349,0,-0.004481061164686807,105.79121811090154,-0.004471036189871095
31.496031746031743,0,-0.003268446285312551,105.4460096520151,-0.0032631107293282194
31.5,0,0.002311124478044936,105.68999033229753,0.002313797184810846
31.503968253968253,0,0.0038758197323337084,106.10042054530737,0.003883340434789113
31.507936507936506,0,0.004979881402223901,106.63010584669173,0.004992301620126003
31.51190476190476,0,-0.00042642714789575776,106.58464556821303,-0.0004263362407617423
31.515873015873016,0,0.003468861231992948,106.95501492170852,0.0034748846939537787
31.51984126984127,0,0.004835907613495804,107.47349213619911,0.0048476194862865874
31.523809523809522,0,0.0014023557015611227,107.62431392884623,0.0014033394621249726
31.527777777777775,0,-0.0007597727544516171,107.5425749628582,-0.0007594842002155892
31.53174603174603,0,-0.008965613501962403,106.58269916816532,-0.008925542233151213
31.535714285714285,0,0.003913331295690499,107.000609758366,0.003920998374616342
31.539682539682538,0,0.0004045582217344687,107.04390649220862,0.00040464006644846706
31.54365079365079,0,-0.0024666460721444027,106.7801924390399,-0.002463606400500146
31.547619047619047,0,0.008188060392952863,107.65810439665316,0.008221674240889851
31.5515873015873,0,-0.008855617554593308,106.70893434392798,-0.008816522063477335
31.555555555555554,0,0.010495344214637572,107.83477907010278,0.010550613527319381
31.559523809523807,0,-1.419578132169268e-06,107.83462599031726,-1.419577124568708e-06
31.563492063492063,0,0.0021390654057005178,108.06553818841027,0.002141354838229729
31.567460317460316,0,-0.0023496551205082882,107.81191951814223,-0.0023468968416732227
31.57142857142857,0,-0.010362683358608413,106.70046749270351,-0.010309175742406388
31.575396825396822,0,-0.0007405708061192803,106.62147749393282,-0.0007402966512410517
31.57936507936508,0,0.0022475835943265086,106.86138768566171,0.00225011130372456
31.583333333333332,0,0.004398708796971988,107.33247514042215,0.004408397316962899
31.587301587301585,0,-0.0011086030025492962,107.2135519676833,-0.0011079887292567067
31.59126984126984,0,-0.013672813871653823,105.75761707220471,-0.013579765512455108
31.595238095238095,0,-0.009572664738842258,104.7500650333152,-0.009526992634503477
31.599206349206348,0,0.013065397483893659,106.12764599428706,0.01315112272754879
31.6031746031746,0,-0.006743440900278533,105.41438809477333,-0.006720754925178151
31.607142857142854,0,0.009128455496246983,106.38106406178775,0.009170246913023686
31.61111111111111,0,-0.005745304468660277,105.77162484237788,-0.005728831768931348
31.615079365079364,0,-0.0010104753072396543,105.66479920869016,-0.0010099649489823303
31.619047619047617,0,0.004077330728233786,106.09650905522348,0.00408565435004229
31.62301587301587,0,-0.005027850473895023,105.5644104489285,-0.005015231990508082
31.626984126984127,0,0.010168901467296992,106.64336111119147,0.010220780447450244
31.63095238095238,0,0.0006159327047085726,106.70906647800484,0.0006161224302076512
31.634920634920633,0,0.0030419763431807404,107.03416715742536,0.0030466078483359347
31.638888888888886,0,-0.0015468768071031933,106.86872647784624,-0.001545681009838175
31.642857142857142,0,0.0042884366579372495,107.32801034306422,0.004297645161077098
31.646825396825395,0,0.010084348320691343,108.41581908644078,0.0101353667127479
31.65079365079365,0,-0.0006881347815657861,108.34124005361164,-0.0006878980711263282
31.6547619047619,0,0.011035055279103137,109.543412446752,0.011096166081774739
31.658730158730158,0,-0.003713802567922205,109.1373443354242,-0.0037069149322432817
31.66269841269841,0,0.004952241502922336,109.6791593135515,0.004964524117995824
31.666666666666664,0,0.003220019594544928,110.03289757207087,0.0032252094265981207
31.670634920634917,0,-0.006592545443919437,109.30988655459814,-0.006570862291426294
31.674603174603174,0,0.0014857634278473495,109.4724158965207,0.0014868677211676024
31.678571428571427,0,0.0001852899358528034,109.49270191277905,0.0001853071030932568
31.68253968253968,0,-0.005235716632479003,108.9209272833659,-0.00522203415775311
31.686507936507933,0,0.0023940922451589483,109.18200642978864,0.0023969603723951213
31.69047619047619,0,0.0010604264089166373,109.29784732230085,0.0010609888597960199
31.694444444444443,0,-0.0003183658992164561,109.2630561533104,-0.00031831522617123
31.698412698412696,0,-0.0002931085603289846,109.23103490930379,-0.00029306560821156245
31.70238095238095,0,-0.00042812244576927595,109.18428066047031,-0.00042803081443193414
31.706349206349206,0,-0.002177401003945455,108.9468013358307,-0.0021750321859802554
31.71031746031746,0,0.0010197608894065516,109.05795768967727,0.0010202810223310453
31.71428571428571,0,-0.0039173893767649095,108.63157091156495,-0.003909726416532334
31.718253968253965,0,0.016875215544378413,110.48030712437041,0.01701840631864343
31.72222222222222,0,-0.008739076068055811,109.51901782445982,-0.008701001336179312
31.726190476190474,0,-0.003544602165801196,109.13150367416483,-0.003538327479489242
31.730158730158728,0,-0.0030469869116944593,108.79948749217006,-0.0030423495582552144
31.73412698412698,0,0.012992789189288433,110.22231955967216,0.013077562222933886
31.738095238095237,0,-0.00817717773244388,109.3246871143421,-0.00814383555813415
31.74206349206349,0,0.00282194717057554,109.63363131290185,0.0028259326115117915
31.746031746031743,0,0.001703624420454475,109.82056503172173,0.0017050764129703552
31.75,0,0.002240385876905209,110.06688129332098,0.002242897416599722
31.753968253968253,0,0.007927118754135645,110.94286194640574,0.007958621547115515
31.757936507936506,0,0.007797893942654796,111.81136446188499,0.007828376699879756
31.76190476190476,0,-0.002701872099204273,111.5096722063476,-0.002698225327893292
31.765873015873016,0,0.0013610839397653995,111.66154956578686,0.001362010634899873
31.76984126984127,0,-0.01160385014807469,110.37333426074848,-0.011536785133717113
31.773809523809522,0,0.0007631161679703854,110.45759408256279,0.0007634074151937378
31.777777777777775,0,-0.004862774372200931,109.92176758240093,-0.004850970226287239
31.78174603174603,0,-0.0010352100345502433,109.80803434463564,-0.0010346743894934167
31.785714285714285,0,-0.010477955922944789,108.66347738098608,-0.010423253366482293
31.789682539682538,0,0.0026893445636524903,108.95610422398248,0.0026929640947382853
31.79365079365079,0,-0.010548489326897557,107.8128224702839,-0.010493049121399837
31.797619047619047,0,0.0010729941099115962,107.92856707930443,0.001073569974039403
31.8015873015873,0,-0.0075873701129384056,107.11277187882617,-0.007558658680966344
31.805555555555554,0,-0.005213346545980261,106.55580896134552,-0.005199780639704541
31.809523809523807,0,0.0074130173989775455,107.34864404657134,0.007440561832845707
31.813492063492063,0,0.0038424238322207144,107.76191651032404,0.0038498154068292126
31.817460317460316,0,0.007378188194058843,108.55994459094256,0.007405474090116855
31.82142857142857,0,0.009964246283456279,109.64706981239239,0.010014054682379328
31.825396825396822,0,-0.00472953735553134,109.1297142902969,-0.0047183707050324
31.82936507936508,0,0.009581522796392712,110.18036853133289,0.00962757254400149
31.833333333333332,0,-0.009092928994939449,109.18304742031087,-0.009051713334380353
31.837301587301585,0,0.00483887921819343,109.71265131070336,0.004850605500629677
31.84126984126984,0,-0.002968846599683691,109.38741430719118,-0.0029644439326428676
31.845238095238095,0,-0.005721451163662414,108.76334654732284,-0.0057051148326424175
31.849206349206348,0,0.004009685215151779,109.20032882514563,0.004017734758029223
31.8531746031746,0,0.006091523976053009,109.8675553964938,0.006110115038358673
31.857142857142854,0,0.005904537779236671,110.51819149045338,0.005922003922008406
31.86111111111111,0,0.0014923789668379087,110.6832496489139,0.0014934931185048078
31.865079365079364,0,0.0009701417531659829,110.79068019377709,0.000970612492892381
31.869047619047617,0,0.0034578364123927976,111.17443934772075,0.0034638216253610257
31.87301587301587,0,0.0020524227009220595,111.40285060884834,0.0020545303620842386
31.876984126984127,0,0.0035491101325486026,111.79893405085619,0.003555415681404065
31.88095238095238,0,0.0014239647024368468,111.95824518651236,0.00142497902156815
31.884920634920633,0,0.005447927957059703,112.56985011759058,0.005462794902326558
31.888888888888886,0,-0.010111556795766663,111.43732910928512,-0.010060606877618563
31.892857142857142,0,-0.0006880562749630427,111.36068032808765,-0.0006878196185250458
31.896825396825395,0,-0.008578524623978009,110.40945587441239,-0.008541834073505922
31.90079365079365,0,0.0018819477599658916,110.61743634538092,0.0018837197350653504
31.9047619047619,0,0.010482076782797067,111.78303508200663,0.010537206204873592
31.908730158730158,0,-0.002847564523949117,111.46517845034336,-0.0028435140576569488
31.91269841269841,0,0.0009405013317329086,111.57006091243436,0.0009409437417952842
31.916666666666664,0,0.004904307264619536,112.11857872320074,0.004916353063541517
31.920634920634917,0,-0.012886541248348258,110.68302754445067,-0.01280386529242557
31.924603174603174,0,-0.0031500979983814692,110.33491374508382,-0.0031451416453802147
31.928571428571427,0,0.002435121706566787,110.60392008719823,0.002438089023533488
31.93253968253968,0,-0.018110462524337158,108.61886135939483,-0.017947453636710426
31.936507936507933,0,-0.00601442623304476,107.96754185016734,-0.0059963757774297325
31.94047619047619,0,0.007073642285006638,108.73397315426058,0.0070987195870113266
31.944444444444443,0,0.006457175470701332,109.43835922331452,0.006478067972873838
31.948412698412696,0,0.002496872081317023,109.71195423081124,0.0024999918624366816
31.95238095238095,0,0.005696211656740674,110.33868003018216,0.0057124659182756716
31.956349206349206,0,0.0014939181989749191,110.50364018013542,0.0014950346506608103
31.96031746031746,0,0.003637547947279605,110.9063344354413,0.0036441718539715153
31.96428571428571,0,-0.0018495425730336223,110.70139802601152,-0.0018478332231697454
31.968253968253965,0,0.0008684402166961143,110.79757732904444,0.0008688174200860637
31.97222222222222,0,-0.0038446701085827393,110.37241502349862,-0.003837288827021639
31.976190476190474,0,0.008098085827885626,111.26984915831729,0.008130964015126417
31.980158730158728,0,0.009723812228301067,112.35709379274292,0.009771242098825059
31.98412698412698,0,0.008831522464124825,113.3537726081973,0.008870635416156823
31.988095238095237,0,-0.0024319546617448035,113.0784363108765,-0.0024289998558097983
31.99206349206349,0,-0.005869322813752898,112.41668637660145,-0.005852131987886085
31.996031746031743,0,0.008183066834423875,113.3403737780269,0.008216639639519635
32.0,0,0.0035651822087786607,113.74517402671049,0.0035715450301616984
32.00396825396825,0,0.002208775680273347,113.99668926896891,0.002211216822257042
32.007936507936506,0,-0.003852618062244943,113.55834848684114,-0.0038452062506263577
32.01190476190476,0,0.0028203188659281105,113.87907129716751,0.002824299706714591
32.01587301587301,0,-0.00669772027592111,113.11888971590807,-0.006675340539752943
32.019841269841265,0,0.0041331062933955606,113.58738962392238,0.004141659356725424
32.023809523809526,0,0.008825058634823787,114.59424122514108,0.008864114269658475
32.02777777777778,0,0.010413510046509183,115.79380449936193,0.010467919342160814
32.03174603174603,0,0.004602170900988519,116.32793551531324,0.0046127771538436385
32.035714285714285,0,-0.008567028555943492,115.33560749039711,-0.008530436137461454
32.03968253968254,0,0.001381951871419803,115.49510593321156,0.0013829072069324784
32.04365079365079,0,0.01361761693555952,117.07863149539308,0.013710758991789949
32.047619047619044,0,-0.005332849811631523,116.45593059842075,-0.005318655411485502
32.0515873015873,0,-0.00023391997805889998,116.42869241559212,-0.0002338926209140016
32.05555555555556,0,0.009043255334124988,117.4863619892821,0.009084269107091513
32.05952380952381,0,0.004026467182766559,117.96037061994969,0.0040345842925223726
32.06349206349206,0,0.015762405191630798,119.83444090437006,0.015887287184425024
32.067460317460316,0,-0.0044777542813876255,119.29905128968161,-0.004467744086323521
32.07142857142857,0,-0.006095986510533834,118.57401802405231,-0.006077443682841101
32.07539682539682,0,0.007850154309766091,119.5085054991384,0.007881047557118452
32.079365079365076,0,-0.007394438369738588,118.6280664085587,-0.007367166771122097
32.08333333333333,0,-0.001100632931086205,118.49757227836015,-0.001100027456817055
32.08730158730159,0,-0.0002746454733232184,118.46503192526903,-0.0002746077617077305
32.09126984126984,0,0.006665009144745837,119.25723954927153,0.006687269746419425
32.095238095238095,0,0.004008413369240744,119.73623121962225,0.004016457802990709
32.09920634920635,0,0.0030181272125199814,120.09815629060964,0.003022686343981204
32.1031746031746,0,-0.002396187355923514,119.81072311643504,-0.002393318790665211
32.107142857142854,0,0.0077926947851622175,120.74801880007684,0.007823136855045204
32.11111111111111,0,0.025499196601177013,123.86658779767627,0.0258270821218431
32.11507936507936,0,0.004493556792557428,124.42444178023736,0.004503667958240856
32.11904761904762,0,0.0007667647788739952,124.5198826454964,0.0007670588181352368
32.12301587301587,0,-0.008036879342265144,123.52314207986133,-0.008004669972848582
32.12698412698413,0,-0.003876866778516383,123.0451863978497,-0.003869361432715159
32.13095238095238,0,-0.0012073590436206354,122.89671632565607,-0.0012066304789330826
32.13492063492063,0,-0.0032287760791639953,122.50055025770686,-0.0032235691871496026
32.138888888888886,0,3.760805132106004e-05,122.50515735131918,3.7608758512687464e-05
32.14285714285714,0,0.011339337380095559,123.9021904066566,0.011403871359725575
32.14682539682539,0,0.007995302000188973,124.89679662766433,0.008027349780850446
32.15079365079365,0,-0.0008616631773869068,124.78922400937441,-0.0008612920522738762
32.154761904761905,0,-0.007472559319998615,123.86020453001919,-0.007444709162431157
32.15873015873016,0,0.008563513161708938,124.92543758056107,0.008600284930771813
32.16269841269841,0,-0.0001701239880723633,124.90418657461231,-0.00017010951780729584
32.166666666666664,0,-0.010737041502994456,123.57025917143052,-0.010679605221918943
32.17063492063492,0,0.004626776793757585,124.14331585936817,0.004637496852236596
32.17460317460317,0,0.006600107673536946,124.96538499920267,0.0066219363817042985
32.17857142857142,0,-0.015142897641774233,123.08730265776089,-0.015028820512606442
32.182539682539684,0,-0.005055317124129025,122.46662748562797,-0.005042560513805944
32.18650793650794,0,-0.0005569059807057001,122.39844407598096,-0.0005567509373528865
32.19047619047619,0,0.004765872714093703,122.98317174289735,0.004777247548615977
32.19444444444444,0,-0.0031100092121741727,122.60128708603891,-0.003105178143045133
32.198412698412696,0,-0.005103112368585693,121.9772326058628,-0.005090113611435152
32.20238095238095,0,0.004719624592954275,122.55428000506124,0.004730779563289996
32.2063492063492,0,-0.0028112647615797233,122.21023130888094,-0.002807316857201229
32.210317460317455,0,0.003553512227836208,122.64527937672261,0.0035598334376939714
32.214285714285715,0,-0.006863001590677398,121.80644637784606,-0.006839504978417526
32.21825396825397,0,-0.00838000839358882,120.78997231384564,-0.00834499399848921
32.22222222222222,0,0.004896637374242525,121.38288746726509,0.004908645494833595
32.226190476190474,0,0.0017296148026786067,121.59301477348578,0.0017311114491109863
32.23015873015873,0,0.005949813807004945,122.31862706004883,0.005967549105635414
32.23412698412698,0,-0.003216131659805705,121.92586617487933,-0.003210965448268633
32.238095238095234,0,-0.0048698037217544295,121.33355452928572,-0.004857965452089371
32.24206349206349,0,0.008710612176273927,122.39506053855918,0.008748659951417213
32.24603174603175,0,-0.009454849555243679,121.24328715702453,-0.009410293000931885
32.25,0,0.0080223503461757,122.21985523183639,0.008054615622117694
32.25396825396825,0,0.008457286653385269,123.25788686063332,0.008493150534566517
32.257936507936506,0,0.0055569435555612124,123.94473058915574,0.005572412005562332
32.26190476190476,0,-0.00419389120608843,123.42600836608668,-0.004185109125683615
32.26587301587301,0,-0.00500472780523399,122.8098379588295,-0.004992225021404386
32.269841269841265,0,-0.0011843381035079503,122.66447568428059,-0.0011836370519242537
32.273809523809526,0,-0.008019094260771442,121.68475119300702,-0.00798702709817316
32.27777777777778,0,-0.005919213868361772,120.96660066628024,-0.005901729836203605
32.28174603174603,0,0.0042003331675754575,121.47576928154255,0.004209166930853964
32.285714285714285,0,0.004229403818167923,121.99062736785942,0.0042383603690016244
32.28968253968254,0,-0.0064728110476950425,121.20355512030102,-0.006451907532085008
32.29365079365079,0,0.004398056738316748,121.73778916729471,0.00440774238398756
32.297619047619044,0,0.0030007307145604833,122.10364012595409,0.0030052374136404713
32.3015873015873,0,0.009650278264140737,123.28767818973179,0.009696992346471204
32.30555555555556,0,0.0037241114775689635,123.74767124819817,0.003731054597025762
32.30952380952381,0,0.006807322724093334,124.59293531127159,0.006830545209840799
32.31349206349206,0,0.0031441952262297053,124.98529633028184,0.0031491433926813723
32.317460317460316,0,0.0063118620477738705,125.77668120743452,0.006331823825591434
32.32142857142857,0,-0.00796918707416568,124.7783266261519,-0.007937517286181776
32.32539682539682,0,-0.0006280291040064587,124.69998680789931,-0.000627831935006836
32.329365079365076,0,-0.00010667946860376357,124.68668458912119,-0.00010667377855159182
32.33333333333333,0,-0.0013965914484347964,124.51266977377601,-0.0013956166684404856
32.33730158730159,0,0.0029351118272806036,124.87866523953487,0.0029394234853674824
32.34126984126984,0,0.004135105085543258,125.39612077241067,0.004143666429195183
32.345238095238095,0,0.002609876212544496,125.72381656187578,0.002613284904242965
32.34920634920635,0,-0.0009757527914116155,125.60120102787182,-0.000975276899453529
32.3531746031746,0,-0.0044957749762061005,125.03779371652031,-0.00448568410764298
32.357142857142854,0,0.007050511494080955,125.92248923143451,0.00707542486650073
32.36111111111111,0,0.0023419985509802368,126.21774512823607,0.0023447431718010598
32.36507936507936,0,-0.006277775280941578,125.42786044127685,-0.00625811122007225
32.36904761904762,0,-0.001081227937911991,125.2923176239205,-0.0010806436215971453
32.37301587301587,0,-0.01084286684414142,123.94112832813725,-0.01078429485069444
32.37698412698413,0,0.00036170281575295335,123.98596629176114,0.0003617682381039936
32.38095238095238,0,-0.0011107872854424293,123.8483207184601,-0.0011101705896061117
32.38492063492063,0,-0.0034799127469823305,123.41808838815336,-0.0034738648680166595
32.388888888888886,0,0.01012093181671243,124.6735368833666,0.010172321671883474
32.39285714285714,0,-0.007144197486280805,123.78601859240557,-0.007118738371811033
32.39682539682539,0,0.004588746217556329,124.35534646856868,0.004599290635864735
32.40079365079365,0,0.013913855516748758,126.09770212525814,0.01401110371342059
32.404761904761905,0,0.006925038814189438,126.97396417937937,0.006949072341150594
32.40873015873016,0,-5.978676369336723e-05,126.96637304391471,-5.9784976500427775e-05
32.41269841269841,0,-0.007005072038709934,126.08007237855738,-0.006980593712406322
32.416666666666664,0,-0.008441296324086857,125.02027246265371,-0.008405768619180671
32.42063492063492,0,-0.002453643102789012,124.7138933596128,-0.002450635381012583
32.42460317460317,0,-0.004188808950289823,124.19258328328668,-0.004180048126819495
32.42857142857142,0,-0.00439383058194076,123.64809917424357,-0.0043841918305304
32.432539682539684,0,-0.0019166926649945896,123.41133074815349,-0.0019148569826088584
32.43650793650794,0,-0.000505207254098847,123.34899819537624,-0.0005050796584023784
32.44047619047619,0,0.0031954368570478084,123.74378254880386,0.0032005477077518166
32.44444444444444,0,-0.007658494374143293,122.79971118328334,-0.007629242828004437
32.448412698412696,0,-0.004158843058931826,122.29006695653328,-0.0041502070472244955
32.45238095238095,0,-0.0008669506884158585,122.184093442342,-0.0008665749952447804
32.4563492063492,0,-0.0010925520796666568,122.05067385414517,-0.0010919554619416912
32.460317460317455,0,0.01170727086879165,123.48795103321241,0.011776069182418528
32.464285714285715,0,0.0016019049060065796,123.68592551361579,0.0016031886410528312
32.46825396825397,0,-0.010025771493282811,122.45207417839525,-0.009975680984694254
32.47222222222222,0,0.002773183854795933,122.79212759087658,0.002777032686158818
32.476190476190474,0,0.0035762472456752395,123.23204876353924,0.003582649647772202
32.48015873015873,0,-0.0006493435986812136,123.15205479611838,-0.0006491328207515411
32.48412698412698,0,-0.007504791687681489,122.23128369823168,-0.00747670105392104
32.488095238095234,0,0.011213592496148065,123.6096492753726,0.011276700493007906
32.49206349206349,0,-0.006600746270740937,122.79642025578656,-0.0065790091983383425
32.49603174603175,0,0.0043013625351745995,123.32574978029575,0.004310626673046745
32.5,0,0.001399088768770012,123.49841420998055,0.001400067950062064
32.50396825396825,0,0.003923639597929247,123.98392934859469,0.0039313471490304685
32.507936507936506,0,0.01089108315238103,125.34162862017713,0.010950606894907657
32.51190476190476,0,0.003676881227726941,125.80334321619132,0.003683649248034998
32.51587301587301,0,-0.003380364947171382,125.3787999643764,-0.003374657945976681
32.519841269841265,0,0.007105985345905823,126.27291289394654,0.007131292768985785
32.523809523809526,0,-0.0038366639619834245,125.78937434028325,-0.0038293133703929225
32.52777777777778,0,0.0011692075152797158,125.93653423556745,0.0011698913048579457
32.53174603174603,0,-0.00800677218545375,124.93221513865815,-0.007974803364294207
32.535714285714285,0,-0.0063701710204554975,124.1389050055184,-0.00634992449512899
32.53968253968254,0,0.00046259448574075587,124.19634426295748,0.00046270149907049737
32.54365079365079,0,0.002457617202730061,124.5019467082307,0.0024606396193615067
32.547619047619044,0,-0.010585164020465537,123.19102358982184,-0.010529338320155006
32.5515873015873,0,0.0032715048552308342,123.59470358210396,0.0032768620676955585
32.55555555555556,0,-0.00502302846625221,122.97544045792573,-0.005010434154784666
32.55952380952381,0,0.008200165663211826,123.98800536823015,0.008233879110608957
32.56349206349206,0,-0.00207827860875526,123.73059133062783,-0.002076120483088485
32.567460317460316,0,-0.006939266093975983,122.87496397979744,-0.006915244982092533
32.57142857142857,0,0.000616412718901659,122.95072901929717,0.0006166027402635266
32.57539682539682,0,-0.005632849100033264,122.26011300992052,-0.00561701435107608
32.579365079365076,0,0.0081324919165454,123.25844635736827,0.008165650455163929
32.58333333333333,0,0.0001422288824027815,123.27597851520048,0.0001422389974098193
32.58730158730159,0,-0.0008165840263656686,123.17535440992035,-0.0008162507123620814
32.59126984126984,0,0.003866884892998591,123.65258142338575,0.003874370938501691
32.595238095238095,0,-0.006191684932099631,122.88932894600003,-0.006172555951519714
32.59920634920635,0,-0.007982015810513792,121.91232878204835,-0.00795024411257864
32.6031746031746,0,0.0027112620476579543,122.24331354267251,0.002714940842577853
32.607142857142854,0,-0.006788385438381667,121.41628906944716,-0.006765396398852747
32.61111111111111,0,-0.006790523745556319,120.59460187603649,-0.0067675202372610285
32.61507936507936,0,0.005409956428517144,121.24878136343911,0.005424616667958989
32.61904761904762,0,0.003446481882657869,121.66738403060164,0.003452427830246171
32.62301587301587,0,-0.007759494815388031,120.72695992156795,-0.007729467650896315
32.62698412698413,0,-0.0037613015809667863,120.27372233232413,-0.0037542367466085053
32.63095238095238,0,-0.0055540847991954415,119.60756354304155,-0.005538689385881347
32.63492063492063,0,0.01132864867855603,120.9702597894243,0.011393060823384087
32.638888888888886,0,0.005846218118848717,121.67954962540207,0.005863340602991951
32.64285714285714,0,-0.0025121844517616574,121.37425179552945,-0.002509031557172043
32.64682539682539,0,0.0037685742573626987,121.83252264785197,0.0037756842620505745
32.65079365079365,0,-0.008404281062240108,120.81289849049153,-0.008369063819745694
32.654761904761905,0,-0.0040983835787114726,120.31877413842668,-0.004089996666239196
32.65873015873016,0,0.0007994653730514135,120.41500329289147,0.0007997850306721584
32.66269841269841,0,0.0029876748352139393,120.77530212788476,0.002992142383760598
32.666666666666664,0,-0.0004750458946882615,120.71794194186838,-0.0004749330782522669
32.67063492063492,0,0.0017012271534934014,120.92348537107196,0.0017026750613642725
32.67460317460317,0,0.0006323622022820855,120.99997699524582,0.0006325621854112256
32.67857142857142,0,-0.0008915518869708393,120.89214731245335,-0.0008911545726714684
32.682539682539684,0,-0.0017266529892183888,120.68358863097392,-0.001725163181529464
32.68650793650794,0,-0.0025463274105111786,120.37667961249481,-0.0025430882687588487
32.69047619047619,0,0.0015999578592201787,120.56943138334475,0.001601238474681672
32.69444444444444,0,0.0027267838501513495,120.89864680732744,0.0027305049066376394
32.698412698412696,0,0.0013884341912590924,121.06662320733557,0.0013893985122579269
32.70238095238095,0,-0.007285574659342451,120.18778858019427,-0.007259099195623878
32.7063492063492,0,-0.006153765091637357,119.45045218670498,-0.006134869458865988
32.710317460317455,0,0.002651608081857724,119.76760827209675,0.0026551267038824795
32.714285714285715,0,0.009409559281052528,120.89988745181246,0.009453968364662736
32.71825396825397,0,0.00109901604899744,121.03283140883399,0.0010996201884347918
32.72222222222222,0,-0.002454378354051316,120.73613529849085,-0.002451368830172495
32.726190476190474,0,0.0015521009224902004,120.92367546845198,0.0015533060545418686
32.73015873015873,0,-0.007022412942209246,120.07747414984998,-0.006997813416800651
32.73412698412698,0,0.008384455728211204,121.08849090563929,0.00841970372001357
32.738095238095234,0,0.0013143215138152974,121.24774474676164,0.0013151856128626586
32.74206349206349,0,-0.004078295157666958,120.75426761316439,-0.0040699902058213555
32.74603174603175,0,-0.0009118237851464775,120.64421118345724,-0.0009114082001619201
32.75,0,-0.003181127306256,120.26103637597176,-0.0031760728817964113
32.75396825396825,0,0.00840163308138222,121.27568184864558,0.008437025850182729
32.757936507936506,0,-0.001135103924931056,121.13809944611546,-0.0011344599381578771
32.76190476190476,0,0.0011176010947933131,121.27355919956254,0.0011182258436151663
32.76587301587301,0,0.0037530258528831683,121.72955715332922,0.003760077273037154
32.769841269841265,0,-0.004527502094689448,121.17967207057154,-0.004517268407253108
32.773809523809526,0,0.0013591438269667788,121.3444846504493,0.0013600678815315686
32.77777777777778,0,0.0018676704782400512,121.57132793043736,0.0018694156610540502
32.78174603174603,0,-0.009650887487808782,120.40370010789646,-0.009604467125743402
32.785714285714285,0,0.00173072714242408,120.61226649341172,0.001732225715060249
32.78968253968254,0,-0.0001493850237785716,120.59425017283147,-0.00014937386639149602
32.79365079365079,0,0.0009575995740319883,120.70978648536062,0.0009580582188917721
32.797619047619044,0,0.00036333498693775146,120.75365254261065,0.0003634010010889595
32.8015873015873,0,0.0017715056297129912,120.9677579063342,0.0017730756727875438
32.80555555555556,0,0.008563359347641374,122.00809632520225,0.008600129793871373
32.80952380952381,0,-0.007291309401431542,121.12173284741736,-0.007264792292327047
32.81349206349206,0,-0.002016468230715988,120.87774080485805,-0.002014436524506367
32.817460317460316,0,0.004338191535456757,121.40327069730665,0.0043476151105192665
32.82142857142857,0,0.0031684370914269763,121.78853935064124,0.003173461893749977
32.82539682539682,0,0.003032871853329777,122.15846907485933,0.003037475662246747
32.829365079365076,0,0.017484794909092025,124.31316718643156,0.017638548746479726
32.83333333333333,0,0.0040075790510391614,124.81236164352352,0.004015620134134717
32.83730158730159,0,0.0072631273583513446,125.72218982132341,0.007289567842634462
32.84126984126984,0,-0.001795483259445224,125.4966602620203,-0.001793872343646105
32.845238095238095,0,-0.006115871146851562,124.73148111209441,-0.006097207274904882
32.84920634920635,0,-0.00184112480274287,124.5020461625346,-0.0018394309721505415
32.8531746031746,0,0.0046238164049783705,125.07905372653516,0.004634522739066005
32.857142857142854,0,0.0027016634848219504,125.41743212516779,0.0027053162664026987
32.86111111111111,0,0.0026791337518664586,125.75389271084966,0.0026827258378732816
32.86507936507936,0,-0.0012113538310821507,125.6016524781517,-0.001210620438192765
32.86904761904762,0,-0.0022158462749296993,125.32364664722552,-0.0022133930998601207
32.87301587301587,0,-0.0009941052537144545,125.19912365641348,-0.0009936112947826717
32.87698412698413,0,0.004702655251052511,125.7892785325629,0.00471373008783196
32.88095238095238,0,0.0054349738777694735,126.47480118688335,0.005449770141920089
32.88492063492063,0,-0.006199837691743129,125.69310365025981,-0.006180658354769635
32.888888888888886,0,0.00494119561768911,126.3157148182022,0.004953423456507382
32.89285714285714,0,-0.003960269562089346,125.81645978237032,-0.003952438036315831
32.89682539682539,0,0.003092817639234223,126.20618951932978,0.0030976053342591484
32.90079365079365,0,-0.0010703816225387673,126.07117300590583,-0.0010698089684675212
32.904761904761905,0,0.01000242961983881,127.33851874292785,0.010052621125073392
32.90873015873016,0,-0.002494733724800893,127.02123897457716,-0.002491624462753135
32.91269841269841,0,0.0012640377275056338,127.18190013232608,0.001264836959911742
32.916666666666664,0,0.0039600666076880925,127.68654748721656,0.00396791803209019
32.92063492063492,0,-0.005366534381418534,127.00314862197395,-0.005352160260351754
32.92460317460317,0,-0.0003200674204352677,126.96250555641495,-0.0003200162043228044
32.92857142857142,0,-0.0015404380349246067,126.76707824432368,-0.0015392521692505737
32.932539682539684,0,-0.0030978318191206776,126.37498279216935,-0.003093038489051868
32.93650793650794,0,-0.0026311056532052498,126.04291390625086,-0.0026276473284635895
32.94047619047619,0,0.007143922414944574,126.94657871654246,0.007169501103122171
32.94444444444444,0,-0.0036316263283273633,126.48639229731437,-0.003625039948935022
32.948412698412696,0,0.003706923170259651,126.95613775289202,0.0037138023074727
32.95238095238095,0,0.002120651124789526,127.22565310222657,0.002122901295714095
32.9563492063492,0,-0.008661258665500004,126.12847713318794,-0.008623858021439862
32.960317460317455,0,0.0034093489421779945,126.55922699433155,0.003415167382768435
32.964285714285715,0,-0.008765407368071916,125.45473156148124,-0.008727103183869494
32.96825396825397,0,0.004095495502786336,125.96958441953791,0.0041038935052395776
32.97222222222222,0,-0.003056118146288362,125.58519415692056,-0.0030514529708788227
32.976190476190474,0,0.00019159763001571722,125.6092582877277,0.00019161598601393425
32.98015873015873,0,-0.008014308429226584,124.60661008282044,-0.007982279479833897
32.98412698412698,0,0.0009098250630045389,124.72003188886671,0.0009102390793784786
32.988095238095234,0,0.005978127659454692,125.46785723172505,0.005996032325622966
32.99206349206349,0,-0.004944515490098368,124.84901067712913,-0.004932311495947045
32.99603174603175,0,-0.0036859042401605983,124.38967623072516,-0.0036791196334900645
33.0,0,0.003002732148748916,124.76374644578212,0.0030072448646226977
33.00396825396825,0,0.0031602003379352954,125.15864853566826,0.003165199035264573
33.007936507936506,0,-0.015194999373326808,123.2712388589118,-0.015080137879713665
33.01190476190476,0,0.012834755625332204,124.86359195765014,0.012917474615152484
33.01587301587301,0,0.0034684628699978275,125.29742862843233,0.0034744849477762805
33.019841269841265,0,0.004529063805294374,125.86619569626804,0.004539335515993825
33.023809523809526,0,-0.0007653309324130832,125.76990325584822,-0.0007650381413938005
33.02777777777778,0,-0.011548739629540611,124.32577437479438,-0.011482308912301353
33.03174603174603,0,0.004389238360691331,124.87266918072095,0.004398885176278484
33.035714285714285,0,-0.003421461031801297,124.44615228073962,-0.0034156145037952043
33.03968253968254,0,0.0035653364913059257,124.89063658588222,0.003571699863727901
33.04365079365079,0,-0.0012394282980395643,124.73593948452358,-0.0012386605240196154
33.047619047619044,0,0.0016383960302749762,124.94047386100956,0.0016397389343537458
33.0515873015873,0,-0.004743129425834498,124.3492682137888,-0.004731898550973294
33.05555555555556,0,0.005584027408799648,125.04558023914726,0.005599647150004373
33.05952380952381,0,-0.007347195400841622,124.13021273679243,-0.007320270741310641
33.06349206349206,0,0.014284646629788225,125.91609393525296,0.01438715973400755
33.067460317460316,0,0.014236640162965315,127.72153728486234,0.01433846375934839
33.07142857142857,0,0.01042392952894278,129.0598607653635,0.01047844794974734
33.07539682539682,0,0.008173651267098996,130.11907398253,0.008207146752561574
33.079365079365076,0,-0.0003937157055040024,130.06785414320663,-0.00039363820964640123
33.08333333333333,0,0.007487442403528784,131.0453847448543,0.007515543391462028
33.08730158730159,0,-0.0004669661025579353,130.98420527776213,-0.000466857090856383
33.09126984126984,0,-0.009647351763866734,129.72663046092254,-0.009600965354355078
33.095238095238095,0,0.009608167726902792,130.97907288837538,0.00965447435890989
33.09920634920635,0,0.007249814609696034,131.932097335618,0.007276158139054861
33.1031746031746,0,-5.852893293721236e-05,131.924375716712,-5.852722015263296e-05
33.107142857142854,0,-0.007579046480467273,130.92829418343513,-0.007550397929612365
33.11111111111111,0,-0.003553828274458183,130.46382332332084,-0.003547520900742622
33.11507936507936,0,-0.011333249965529254,128.99359119292342,-0.01126927061422833
33.11904761904762,0,0.006092338662403304,129.78186260579213,0.006110934702870174
33.12301587301587,0,-0.009961008256640919,128.4955216632471,-0.009911561729177789
33.12698412698413,0,0.0019457535335183325,128.7457856756505,0.001947647740278867
33.13095238095238,0,-0.00517587963736012,128.08113454611768,-0.005162507852546778
33.13492063492063,0,-0.008848498039939048,126.95280823663776,-0.008809465293060745
33.138888888888886,0,0.0016403848425572316,127.16123059869477,0.001641731009749865
33.14285714285714,0,-0.001963849590448877,126.91175011931215,-0.001961922499553902
33.14682539682539,0,0.005418983947458468,127.60134963277056,0.005433693198699247
33.15079365079365,0,-0.007846273734090537,126.60407208737932,-0.007815572078675326
33.154761904761905,0,-0.004631744959089161,126.01903024290664,-0.00462103497009895
33.15873015873016,0,-0.014901843262225233,124.15503736485128,-0.0147913602767964
33.16269841269841,0,-0.013621201822036565,122.4753621115904,-0.01352885302853175
33.166666666666664,0,0.011466436332334237,123.88780039486386,0.011532427901593366
33.17063492063492,0,0.013264324093790268,125.5420352299733,0.013352685493140061
33.17460317460317,0,0.0007230090770825023,125.63283608196467,0.0007232705111478786
33.17857142857142,0,-0.005050744533706057,124.99989647552307,-0.005038010970545298
33.182539682539684,0,-0.0017411626251617515,124.78244069550658,-0.0017396476809004593
33.18650793650794,0,0.005641889106842464,125.48843909802657,0.00565783453653399
33.19047619047619,0,-0.0031014573577573213,125.0998449708218,-0.003096652807206036
33.19444444444444,0,0.0016358415443148361,125.3046559679088,0.0016371802629715662
33.198412698412696,0,5.853332392514522e-05,125.31199068058642,5.8535037033574566e-05
33.20238095238095,0,-0.0034442941292584257,124.88112177234068,-0.003438369352410665
33.2063492063492,0,-0.0031758138434460404,124.4851516734978,-0.0031707762808599574
33.210317460317455,0,0.001986636700375894,124.73270426157406,0.001988611370499733
33.214285714285715,0,-0.006014927938755202,123.98469789124017,-0.005996874474599105
33.21825396825397,0,0.0029845162899121446,124.35528497831683,0.002988974392644659
33.22222222222222,0,-0.0028317793272118227,124.00363638368441,-0.0028277736221158705
33.226190476190474,0,0.0009412274918884563,124.1204069605608,0.0009416705854905883
33.23015873015873,0,0.008857033588662175,125.22462841875488,0.008896373168877111
33.23412698412698,0,-0.0009206214067535978,125.10939699557592,-0.0009201977648808767
33.238095238095234,0,0.005933111600759995,125.85389141051789,0.005950747368467956
33.24206349206349,0,-0.01114985701093364,124.45843255720436,-0.011087927736471982
33.24603174603175,0,-0.0028241195873394335,124.10744291165734,-0.002820135513000918
33.25,0,0.00031331080677838967,124.14633320677987,0.00031335989373556925
33.25396825396825,0,0.012254733332034697,125.6770736654636,0.012330130251483955
33.257936507936506,0,-0.012207648715655472,124.15217872686975,-0.012133437659862419
33.26190476190476,0,-0.0004671762735876768,124.09419132087918,-0.00046706716374421333
33.26587301587301,0,0.009315166120138592,125.2555500545382,0.00935868731080235
33.269841269841265,0,-0.0048062748407474995,124.6549818596569,-0.004794743183992873
33.273809523809526,0,-0.0012018695914185991,124.50525282295256,-0.0012011476354224962
33.27777777777778,0,0.0022286480666077707,124.78304064460666,0.002231133348640225
33.28174603174603,0,0.0013011835267809778,124.94551196109231,0.0013020304333532877
33.285714285714285,0,0.010002315765697803,126.20152748554821,0.010052506126406388
33.28968253968254,0,0.0029640083436017115,126.5761447761163,0.0029684053595228927
33.29365079365079,0,0.008503071934371683,127.6570197065009,0.00853932573390079
33.297619047619044,0,-0.002128950595270415,127.38553331150858,-0.0021266859873164236
33.3015873015873,0,-0.004525982724663772,126.81029133794856,-0.004515755899480618
33.30555555555556,0,-0.001283033572704888,126.64769380814765,-0.0012822108370339912
33.30952380952381,0,-0.0071627742752452895,125.74378607305964,-0.007137182746155935
33.31349206349206,0,0.003184726279752992,126.14488396757434,0.0031898029082849957
33.317460317460316,0,-0.002291914736666638,125.85610170762386,-0.002289290305460296
33.32142857142857,0,-0.004092983403668361,125.34202753827526,-0.004084618563372672
33.32539682539682,0,0.003280141605622577,125.75384217365894,0.003285527156946101
33.329365079365076,0,-0.007065843299350951,124.86841705196872,-0.007040938919921674
33.33333333333333,0,0.00499259660909636,125.49339351703486,0.005005080386388488
33.33730158730159,0,-0.0028743534271402312,125.13319906236939,-0.002870226428426095
33.34126984126984,0,0.00744051016653768,126.06772627038615,0.007468259542784435
33.345238095238095,0,-0.002335125307552087,125.77368577661805,-0.0023324010233786493
33.34920634920635,0,0.004119545624055594,126.29288491148017,0.00412804261603867
33.3531746031746,0,0.0012700255218115932,126.45338199466393,0.0012708323457507986
33.357142857142854,0,0.004825030216706768,127.06499772941275,0.004836689419462362
33.36111111111111,0,0.0008314892080485604,127.17069484065938,0.0008318349910317429
33.36507936507936,0,-0.010339529883798219,125.86258392069328,-0.010286260695556604
33.36904761904762,0,0.00649369086280165,126.68255607332375,0.006514820585180179
33.37301587301587,0,-0.0004134616040896421,126.6301885272104,-0.00041337614061964084
33.37698412698413,0,0.005112372690717626,127.27922689424466,0.005125463166271549
33.38095238095238,0,0.004487032986825775,127.85161618833077,0.0044971147928301765
33.38492063492063,0,-0.0047324210598668065,127.24799792178423,-0.0047212407988435545
33.388888888888886,0,-0.005623780498250171,126.53439157611793,-0.005607996646870424
33.39285714285714,0,0.004267237981440247,127.07549763086685,0.004276355605846622
33.39682539682539,0,-0.0017714004376395195,126.85059529360896,-0.001769832433875125
33.40079365079365,0,0.006037838874288304,127.6188156105263,0.006056103364270422
33.404761904761905,0,-0.0009836715354272778,127.49334233658665,-0.0009831878891784875
33.40873015873016,0,0.006585764508984435,128.33575438458618,0.006607498341172452
33.41269841269841,0,0.002805456493831154,128.69630027153954,0.0028093954695809133
33.416666666666664,0,0.00195296083453895,128.94788469281752,0.0019548691046062726
33.42063492063492,0,-0.002217160204968064,128.66230328122072,-0.0022147041207935094
33.42460317460317,0,0.0016030452332481085,128.8687201768013,0.0016043307971052567
33.42857142857142,0,0.007653154685301001,129.85875604296555,0.0076825149253132415
33.432539682539684,0,-0.00020263639882169766,129.8324445982038,-0.00020261586945332312
33.43650793650794,0,0.003484973366937853,130.2856965365296,0.003491052946961978
33.44047619047619,0,0.00043092991869535127,130.3418526399488,0.00043102278233152533
33.44444444444444,0,0.0009238205780737656,130.46232076249944,0.0009242474317392819
33.448412698412696,0,0.010995356197632514,131.90471574109395,0.01105602728944469
33.45238095238095,0,0.00770907652024266,132.9255089190214,0.007738867956254253
33.4563492063492,0,0.0006390859083117515,133.0104868898463,0.0006392901672215323
33.460317460317455,0,0.0014898226610791823,133.20879661385612,0.0014909329981932485
33.464285714285715,0,-0.00428247969436716,132.63955240560492,-0.004273322954049077
33.46825396825397,0,-0.0009507294332715145,132.51350800567155,-0.0009502776332350774
33.47222222222222,0,0.0020879117509061077,132.79047355538694,0.0020900929564366126
33.476190476190474,0,0.005497250840821932,133.52246622807363,0.0055123884499251085
33.48015873015873,0,0.004858536913362824,134.1727685386775,0.004870358741674348
33.48412698412698,0,-0.006848786352705465,133.25698748661395,-0.00682538686529054
33.488095238095234,0,0.006293301604556634,134.09825830870147,0.0063131460342522
33.49206349206349,0,-0.00042033272682822585,134.04190426667745,-0.00042024439940367366
33.49603174603175,0,-0.006078572237999834,133.22959221858315,-0.0060601350938598985
33.5,0,0.008557321439239401,134.37457266023685,0.008594039977058357
33.50396825396825,0,0.009356680136681075,135.6377730201612,0.009400590713827935
33.507936507936506,0,0.001800338708691583,135.882186901159,0.001801960291411288
33.51190476190476,0,0.004603868892495958,136.50921293979846,0.004614482979255749
33.51587301587301,0,0.004973364484629517,137.1898140470938,0.004985752189454427
33.519841269841265,0,0.008931426991866174,138.42060302453166,0.008971431195433715
33.52380952380952,0,0.0047252894977123415,139.07622823581391,0.0047364712835852325
33.52777777777778,0,-0.008224761112821067,137.93705063570792,-0.008191030304434558
33.53174603174603,0,0.012799487667051116,139.71392147413871,0.01288175171385617
33.535714285714285,0,0.006851896299571835,140.67451395753346,0.006875424247343922
33.53968253968254,0,-0.003070811906633875,140.2431915790039,-0.003066101786282321
33.54365079365079,0,-0.006347139408955375,139.35586745476007,-0.006327038869077482
33.547619047619044,0,0.0033189145920665512,139.81914604251975,0.003324428287241618
33.5515873015873,0,-0.0016139845904632685,139.59366210810094,-0.0016126828177753473
33.55555555555556,0,0.0022176642233840554,139.9035774954881,0.002220125059454369
33.55952380952381,0,0.004821911805475441,140.5798092621658,0.0048335559303301825
33.56349206349206,0,-0.003429359605895453,140.09853624367005,-0.003423486068318016
33.567460317460316,0,-0.006891930599049812,139.1363064739663,-0.006868235711115349
33.57142857142857,0,0.0025693167869965507,139.49425136186403,0.0025726203100323755
33.57539682539682,0,-0.0032211387715991658,139.04564392168254,-0.003215956469903817
33.579365079365076,0,0.001059205833275803,139.1929999051978,0.0010597669898837207
33.58333333333333,0,-0.008323272258207866,138.03926674871414,-0.008288729729724014
33.58730158730159,0,-0.0014497129537459036,137.83929442184223,-0.0014486626275402547
33.59126984126984,0,0.004642662467620269,138.48072355797564,0.0046534563226249505
33.595238095238095,0,0.0039559049044202415,139.0296251168292,0.003963739824219135
33.59920634920635,0,-0.0048272995278400895,138.36010476093807,-0.004815666843152866
33.6031746031746,0,-0.007220484889190355,137.36467577995637,-0.007194479815562454
33.607142857142854,0,0.00023819080038417338,137.39739867901693,0.00023821917006528818
33.61111111111111,0,0.003673063313327783,137.9029960005037,0.003679817277093408
33.61507936507936,0,0.002691252361210844,138.27462761703518,0.002694877031751711
33.61904761904762,0,-0.0030874148722862837,137.84837482346907,-0.00308265370814621
33.62301587301587,0,0.002015006529784155,138.12642023644196,0.002017038019701022
33.62698412698413,0,0.009602838788444899,139.45921504734818,0.009649093986688142
33.63095238095238,0,0.0014311789493788776,139.65894903366674,0.0014322035747205536
33.63492063492063,0,-0.010148976092907646,138.24872198370096,-0.010097649020871569
33.638888888888886,0,0.0014189307006473228,138.44502657802062,0.0014199378591203027
33.64285714285714,0,0.013014607546854058,140.25861020667537,0.013099666152563019
33.64682539682539,0,-0.00797091094838039,139.14506519482734,-0.00793922747564103
33.65079365079365,0,0.00032613665794861945,139.1904529022553,0.00032618984629051396
33.654761904761905,0,-0.00128689032226621,139.011445261768,-0.001286062634001517
33.65873015873016,0,0.0007428947584383018,139.11475450501217,0.000743170773095075
33.66269841269841,0,0.0013625624338501066,139.30443624075215,0.0013634911438037086
33.666666666666664,0,0.007320037404848146,140.32789121908385,0.007346894369988325
33.67063492063492,0,0.0006729733916301016,140.42235993988012,0.0006731998890290807
33.67460317460317,0,0.008184867812849729,141.5764148446762,0.0082184554175713
33.67857142857142,0,-0.0006022720956075497,141.49117299259026,-0.0006020907661740222
33.682539682539684,0,-0.002066765465385663,141.1990459056651,-0.002064631176252771
33.68650793650794,0,-0.004076567669959933,140.62461009883322,-0.004068269747486344
33.69047619047619,0,-0.011307683467332795,139.0434281207212,-0.011243991908676091
33.69444444444444,0,0.0018761484892937334,139.3045391032327,0.001877909557039992
33.698412698412696,0,0.013077874498773236,141.13831116730657,0.013163763908044256
33.70238095238095,0,0.0030255010669969266,141.56597189611145,0.003030082514576488
33.7063492063492,0,0.004464990585658895,142.19947587004876,0.004474973508479372
33.710317460317455,0,-0.0024629638960343004,141.84967464566907,-0.002459933289060159
33.714285714285715,0,-0.0014002668022996157,141.65118625612914,-0.00139928688617551
33.71825396825397,0,0.0063415472429039325,142.55232824306046,0.006361697425546917
33.72222222222222,0,0.012792469442041026,144.3876385932274,0.012874643106758961
33.726190476190474,0,0.009512079845865764,145.76761817326613,0.009557463460749649
33.73015873015873,0,0.005211453257533258,146.52926221419142,0.005225056500683425
33.73412698412698,0,0.000360316725810601,146.5820686711414,0.00036038164767929464
33.738095238095234,0,0.0014599938707408262,146.79623389487622,0.0014610601806643011
33.74206349206349,0,-0.004607761059382705,146.12138788325498,-0.0045971616145448185
33.74603174603175,0,-0.008983709011415071,144.8145547476822,-0.008943476068108603
33.75,0,-0.006959273569084425,143.8102493158621,-0.006935113901845006
33.75396825396825,0,0.00045259961895431275,143.87535251163368,0.00045270205761583504
33.757936507936506,0,-0.001700489464659554,143.63090189222072,-0.0016990444516423718
33.76190476190476,0,-0.009117723770147046,142.32726712598904,-0.00907628336978507
33.76587301587301,0,-9.622629933539697e-05,142.31357215869764,-9.622166973355275e-05
33.769841269841265,0,-0.0018670336073932465,142.0481158217512,-0.0018652917843303806
33.77380952380952,0,-0.007249364436226493,141.02208080700845,-0.007223151175270424
33.77777777777778,0,-0.002193019688912646,140.71315547071012,-0.002190616778099206
33.78174603174603,0,-0.0018829249740524973,140.44845244227474,-0.001881153382922387
33.785714285714285,0,-0.0037455599716022473,139.92337830293752,-0.0037385541115376596
33.78968253968254,0,0.005976362230270753,140.76211489658735,0.005994256312436285
33.79365079365079,0,-0.011848264212861679,139.10416945131607,-0.01177834992383631
33.797619047619044,0,-0.012370468928216572,137.39398534386828,-0.012294269209855756
33.8015873015873,0,0.0001595873853509374,137.4159134404294,0.0001596001200951448
33.80555555555556,0,0.0007444332635642403,137.51824850342402,0.0007447104227774365
33.80952380952381,0,0.0026852049033516284,137.8880093983151,0.0026888132950723246
33.81349206349206,0,-0.0032563250781551473,137.43973148076216,-0.0032510290017895302
33.817460317460316,0,-0.005643487565350241,136.66627660944914,-0.005627593003710283
33.82142857142857,0,9.280158491369903e-05,136.67896004503507,9.280589111398665e-05
33.82539682539682,0,-0.002642791898097821,136.3182228833713,-0.0026393027979215214
33.829365079365076,0,0.009909720323228413,137.67581391091213,0.009958984197603306
33.83333333333333,0,-0.0019035508053312136,137.41399028081824,-0.0019017402015379641
33.83730158730159,0,-0.00019614607512213037,137.38703970916868,-0.00019612683973840636
33.84126984126984,0,0.01573255743239919,139.56558128240974,0.01585696567778746
33.845238095238095,0,-0.001087985218768139,139.41381856569228,-0.0010873935774351373
33.84920634920635,0,0.003642347829979525,139.92253808952222,0.0036489892398303067
33.8531746031746,0,0.004210255628734976,140.51288963650248,0.004219131206743856
33.857142857142854,0,0.004746286169322848,141.18138921138572,0.004757567626803593
33.86111111111111,0,0.0019624872507896605,141.45872793560622,0.0019644141892189416
33.86507936507936,0,0.0013599711173398596,141.65123859469122,0.0013608962974183845
33.86904761904762,0,0.0007709355052729001,141.76048466931792,0.0007712327524307668
33.87301587301587,0,-0.0034895316396830523,141.26666906648492,-0.003483450299883265
33.87698412698413,0,0.0021894646017178664,141.57630628397845,0.0021918632295897795
33.88095238095238,0,0.012918156469964696,143.41707523294858,0.013001956310951822
33.88492063492063,0,0.007765468050609159,144.5351113671635,0.007795697495565395
33.888888888888886,0,0.0020533924740245794,144.8322035961618,0.0020555021280862385
33.89285714285714,0,0.005530109866000954,145.63536031979268,0.005545429149654623
33.89682539682539,0,-0.005336404682706064,144.860261062057,-0.005322191369140825
33.90079365079365,0,-0.0015021834290210318,144.6428177391336,-0.0015010557162416494
33.904761904761905,0,0.006109781669703966,145.52925899936457,0.006128484456309265
33.90873015873016,0,0.009507161631422838,146.91942699169633,0.00955249825286188
33.91269841269841,0,-0.0047171115527222755,146.22802366067683,-0.00470600345493095
33.916666666666664,0,-0.0029074311198535566,145.80349319967976,-0.0029032086351809456
33.92063492063492,0,0.013880264761695318,147.84139487718895,0.013977042886881928
33.92460317460317,0,0.0007452777645578768,147.95161885010822,0.0007455555530366217
33.92857142857142,0,0.011624989674168282,149.681590862528,0.011692822463621565
33.932539682539684,0,0.0014419675040930125,149.8975825415784,0.0014430076391213314
33.93650793650794,0,0.0016896789001288207,150.1510754244565,0.0016911072118710425
33.94047619047619,0,-0.0017855228171693477,149.8832164585746,-0.0017839297196157737
33.94444444444444,0,0.006076428177939743,150.79674373907395,0.006094927117819519
33.948412698412696,0,0.008692083493295736,152.1131946885556,0.008729969340449034
33.95238095238095,0,-0.00638101231908724,151.1456487635729,-0.00636069689393949
33.9563492063492,0,-0.0020813408983079195,150.8313902961473,-0.0020791764102800095
33.960317460317455,0,0.005903341759341615,151.72443291549408,0.0059208008199983075
33.964285714285715,0,-0.0006771908212647238,151.62172130376774,-0.0006769615793102904
33.96825396825397,0,-0.0029691474211872024,151.17220173613603,-0.0029647438623327856
33.97222222222222,0,0.006498406691686367,152.15777905627118,0.00651956714803597
33.976190476190474,0,0.007089990705714008,153.24040968098274,0.007115184195157793
33.98015873015873,0,-0.002693590041838812,152.82819825298827,-0.002689965583180989
33.98412698412698,0,0.0014766722694849418,153.05404212299496,0.0014777630868411764
33.988095238095234,0,-0.007473786767425726,151.9144128261852,-0.007445927471121455
33.99206349206349,0,-0.005502110618092853,151.08085818013168,-0.005487001730423824
33.99603174603175,0,0.0009210563310449111,151.22007626506536,0.0009214806336862687
34.0,0,0.00033673305416436064,151.2710056375173,0.0003367897551034256
34.00396825396825,0,-0.005951857985714287,150.3733361452394,-0.0059341807671258835
34.007936507936506,0,-0.004371322896898616,149.7174403484517,-0.004361782571307813
34.01190476190476,0,-0.006570260011472736,148.73698229633436,-0.006548723046796901
34.01587301587301,0,0.003005496538986489,149.18468322663642,0.003010017571891037
34.019841269841265,0,-0.012256072978610331,147.36742384123218,-0.01218127321183147
34.02380952380952,0,-0.006233448685758672,146.45167367279555,-0.006214061049362176
34.02777777777778,0,-0.011596539784001735,144.76315044862525,-0.011529559081331213
34.03174603174603,0,0.002778470584175386,145.16592990013024,0.0027823341109721473
34.035714285714285,0,-0.011217265048152422,143.54666403459385,-0.011154586111564868
34.03968253968254,0,0.00033876405228039927,143.595300721909,0.00033882143930199506
34.04365079365079,0,0.01046691939885467,145.10619456869426,0.010521889220534066
34.047619047619044,0,0.010680532103002047,146.664311887487,0.01073777259078493
34.0515873015873,0,-0.011237259489245241,145.02543245958927,-0.011174357325284922
34.05555555555556,0,0.0020186926859111823,145.31848993633858,0.0020207316177526897
34.05952380952381,0,-0.006091044692072625,144.43603877259415,-0.0060725318858666855
34.06349206349206,0,-0.007377161660536882,143.37443140415715,-0.007350017194174636
34.067460317460316,0,-0.0005759046363348674,143.29188517603882,-0.0005757388350898874
34.07142857142857,0,0.007876395886090936,144.42496522668208,0.007907496291581011
34.07539682539682,0,0.003916384728555625,144.99169800232977,0.003924063784666778
34.079365079365076,0,-0.004366075513800469,144.3600332514099,-0.004356558062446321
34.08333333333333,0,0.004580185610299897,145.02274551245478,0.004590690692697932
34.08730158730159,0,-0.0139951450652123,143.0072675013621,-0.013897668286245017
34.09126984126984,0,-0.004604223809599971,142.350343508435,-0.0045936406198436915
34.095238095238095,0,-0.005051140002940551,141.63312490462403,-0.005038404447323647
34.09920634920635,0,0.0006322628718692765,141.72270258626511,0.0006324627921706899
34.1031746031746,0,-0.0011388071843825523,141.56139961829174,-0.0011381589895606075
34.107142857142854,0,-0.0007522952335457585,141.45494370026543,-0.0007520123304332189
34.11111111111111,0,-0.0009617406964608862,141.31896612225958,-0.0009612783721012
34.11507936507936,0,0.0002800412394227393,141.3585468025391,0.00028008045463116777
34.11904761904762,0,0.003541394160261045,141.86004060417642,0.0035476723055015143
34.12301587301587,0,0.0010795859319674603,142.0132734074276,0.0010801688946269318
34.12698412698413,0,-0.0016523591863137502,141.7788102325707,-0.0016509947924664876
34.13095238095238,0,0.0026696651698685236,142.15781787071688,0.002673231899212912
34.13492063492063,0,0.0053429780525094265,142.9193967093448,0.005357277215105157
34.138888888888886,0,-0.0033637449905521907,142.4394599495782,-0.0033580939383799943
34.14285714285714,0,-0.00023531314101122715,142.4059460161426,-0.00023528545704557042
34.14682539682539,0,0.007458212252019981,143.47201031273843,0.007486093989888554
34.15079365079365,0,-0.006807850415088694,142.49859153207203,-0.006784729499116672
34.154761904761905,0,0.011507444131330102,144.1478573301527,0.011573909470602663
34.15873015873016,0,-0.00829699451619659,142.9568112324717,-0.00826266945441308
34.16269841269841,0,-0.0020367036656116933,142.66594687380916,-0.0020346309920803232
34.166666666666664,0,-0.005846745468242464,141.83424912722583,-0.005829686514602864
34.17063492063492,0,0.013921533461462143,143.82260775965426,0.014018889264502137
34.17460317460317,0,-0.0030319182509843294,143.3872097494044,-0.003027326628490908
34.17857142857142,0,-0.0030161138409217575,142.95538913888214,-0.0030115699390275033
34.182539682539684,0,-0.0021966086462815544,142.64171672895569,-0.0021941978670116944
34.18650793650794,0,0.0007411299706195439,142.7474719646308,0.0007414046752959839
34.19047619047619,0,-0.001930099842408722,142.47222080804366,-0.0019282383974920001
34.19444444444444,0,-0.0006982192957608668,142.3727786746138,-0.000697975597389982
34.198412698412696,0,-0.022093044111670054,139.26182238016722,-0.02185078020817756
34.20238095238095,0,0.0004989620104176307,139.3313260774467,0.0004990865126679873
34.2063492063492,0,0.00025106006066013035,139.3663110000982,0.00025109157887475943
34.210317460317455,0,0.00668125735885226,140.3005707305119,0.006703626749602161
34.214285714285715,0,0.008385197746445281,141.4819649499705,0.008420451986098946
34.21825396825397,0,-0.001043560752836685,141.33439693560052,-0.0010430164326744387
34.22222222222222,0,0.005280648800717256,142.08270829511676,0.005294616001066107
34.226190476190474,0,-0.006800342170848419,141.11977511059348,-0.006777272168286885
34.23015873015873,0,0.004972691291802205,141.8232678638876,0.004985075640482227
34.23412698412698,0,-0.0034673696732850545,141.33236572734936,-0.00346136528887103
34.238095238095234,0,-0.0073240036813968104,140.30102833007146,-0.0072972485245697575
34.24206349206349,0,-0.0010302098936756613,140.1565632500474,-0.0010296794096487504
34.24603174603175,0,0.00896103606337308,141.41815541211992,0.009001306344973942
34.25,0,0.0012791165939260024,141.5991614606308,0.0012799350124701454
34.25396825396825,0,0.009565878123919114,142.9601810770578,0.009611777374864171
34.257936507936506,0,-0.004577683871147094,142.30725015778472,-0.004567222245760679
34.26190476190476,0,0.006739730397599184,143.26960201067286,0.006762493490817606
34.26587301587301,0,-0.003969333190976779,142.70204438200486,-0.003961465800859487
34.269841269841265,0,0.001558326098443655,142.92459405951564,0.0015595409195053678
34.27380952380952,0,0.0015038624079622967,143.13969468402726,0.0015049937761029276
34.27777777777778,0,0.004305895132432387,143.7573680626796,0.004315178818955684
34.28174603174603,0,0.0017184063266687528,144.00461400711987,0.0017198836329034564
34.285714285714285,0,-0.0045175360160176516,143.35553519918938,-0.004507347298596447
34.28968253968254,0,0.005684301442789305,144.17273166990506,0.005700487738964507
34.29365079365079,0,0.011047300090674738,145.77428121265456,0.011108546839609048
34.297619047619044,0,-0.0035387269916780637,145.25933748903077,-0.0035324730764583544
34.3015873015873,0,-0.011421986521497385,143.60962671652425,-0.01135700328132895
34.30555555555556,0,0.003284306514156132,144.0820601324524,0.0032897057581014887
34.30952380952381,0,-0.00194735149625959,143.8017547322202,-0.0019454566375195072
34.31349206349206,0,-0.0006869814754635825,143.70299951596598,-0.0006867455577165674
34.317460317460316,0,0.0036424794279610005,144.2273891949632,0.0036491213180200916
34.32142857142857,0,-0.002736113181518329,143.83330610806763,-0.002732373435414377
34.32539682539682,0,-0.0015547193388844882,143.60985942893114,-0.001553511388861988
34.329365079365076,0,-0.0004918047853923656,143.5392487775858,-0.000491683869242091
34.33333333333333,0,0.00939746843261794,144.89451238643727,0.009441763283514587
34.33730158730159,0,0.0003283095900953215,144.94209045414655,0.00032836348958720777
34.34126984126984,0,-0.007645123007513631,143.8382153507275,-0.007615973386062647
34.345238095238095,0,-0.0073944374429040565,142.7785353625101,-0.007367165851115709
34.34920634920635,0,0.001015954955008675,142.9236656334063,0.001016471212060479
34.3531746031746,0,-0.006975838762494961,141.93012261356424,-0.006951564077501887
34.357142857142854,0,-0.009702698013040589,140.5596767574327,-0.00965577870923733
34.36111111111111,0,0.004142389320418395,141.1431372873295,0.004150980874149868
34.36507936507936,0,0.004450823524153972,141.7727405702312,0.004460743150550938
34.36904761904762,0,-0.002180153294921674,141.4639909457948,-0.0021777784868557046
34.37301587301587,0,0.0019887685426292043,141.74561002566446,0.0019907474544356846
34.37698412698413,0,0.0013239438573885846,141.9333975380016,0.0013248206579595581
34.38095238095238,0,0.003933774318028017,142.49283111340628,0.003941521763790554
34.38492063492063,0,0.0039484552013053405,143.0565698898122,0.003956260620278278
34.388888888888886,0,-0.016276036282080887,140.74702209459403,-0.01614429730138985
34.39285714285714,0,-0.0013761121461455476,140.55347161208445,-0.001375165737997191
34.39682539682539,0,0.003401378614789218,141.03236116529843,0.0034071698672489812
34.40079365079365,0,-0.0024467445965315284,140.68771280287845,-0.0024437537567421736
34.404761904761905,0,0.0003669440800452813,140.73934679904175,0.0003670114122596887
34.40873015873016,0,0.004867854271605408,141.4261156186673,0.004879721522412222
34.41269841269841,0,0.0006486699412105942,141.51788424932965,0.0006488803730547203
34.416666666666664,0,0.009637888353481514,142.88841170416157,0.00968448236844206
34.42063492063492,0,0.007238234971090189,143.926423758337,0.007264494312698904
34.42460317460317,0,-0.0006079950710383354,143.83894379848672,-0.0006078102794878134
34.42857142857142,0,-0.001108684720269218,143.67956012876328,-0.0011080703564309807
34.432539682539684,0,-0.01781646524990996,141.14236725690915,-0.017658690419015775
34.43650793650794,0,-0.001917881624179154,140.8719323183479,-0.001916043664401168
34.44047619047619,0,-0.008385903842329689,139.69553331831207,-0.008350840232512613
34.44444444444444,0,0.0015325040098278567,139.90978140937537,0.001533678894192938
34.448412698412696,0,0.0011018838516725102,140.06403070499866,0.0011024911487202518
34.45238095238095,0,0.004522368124173864,140.69888625606075,0.004532609463447977
34.4563492063492,0,0.008937085870513003,141.9619599766121,0.008977140858476097
34.460317460317455,0,-2.6592963481419114e-05,141.95818483759103,-2.6592609891700093e-05
34.464285714285715,0,0.014504161381850495,144.03217363531823,0.014609857121658373
34.46825396825397,0,0.0016031953554351262,144.26327054437144,0.0016044811601492086
34.47222222222222,0,-0.008114698590763735,143.0973545125714,-0.008081863300343084
34.476190476190474,0,-0.0034018311122661882,142.61138853564896,-0.0033960514404879167
34.48015873015873,0,-0.0022091946135740165,142.29667997848205,-0.002206756139172402
34.48412698412698,0,0.0038689393328912524,142.84828357294685,0.003876433340175107
34.488095238095234,0,-0.005828224600247956,142.01815313567698,-0.0058112734469502715
34.49206349206349,0,-0.001738182736369655,141.77151404764504,-0.00173667297163284
34.49603174603175,0,-0.0008755695255169591,141.64743755708213,-0.0008751863263672778
34.5,0,-0.0026840068596110586,141.2677646133522,-0.002680408133588288
34.50396825396825,0,0.005250325341024818,142.01141683754324,0.005264132452484437
34.507936507936506,0,0.004178833899236458,142.6061006373173,0.004187577400586017
34.51190476190476,0,0.007487571096379752,143.67788146485933,0.007515673051518046
34.51587301587301,0,-0.0019463737466357536,143.39850258446222,-0.0019444807895880988
34.519841269841265,0,0.007714100528640674,144.50897067354643,0.007743930857507889
34.52380952380952,0,-0.008453485107568375,143.29251513058287,-0.00841785487290998
34.52777777777778,0,-0.008607110122076373,142.0644732005904,-0.008570174993951027
34.53174603174603,0,-0.00750734302146406,141.00193986061532,-0.007479233308913315
34.535714285714285,0,0.0001969170980757334,141.02970828738498,0.00019693648752017417
34.53968253968254,0,0.007713159075391199,142.12169879621882,0.007742982114156143
34.54365079365079,0,-0.003654249680871735,141.6032983828936,-0.003647581035944201
34.547619047619044,0,-0.002863997304350405,141.1983271131644,-0.0028598999765826866
34.5515873015873,0,-0.001221896321761521,141.02590276042,-0.0012211501104128664
34.55555555555556,0,0.0037473668852402147,141.55536999277393,0.003754397043310711
34.55952380952381,0,-0.002869867712415841,141.1497071846348,-0.0028657535786867005
34.56349206349206,0,-0.0032213221009960375,140.69575007692004,-0.003216139209704578
34.567460317460316,0,-0.008336304639512777,139.527742639818,-0.00830165400492533
34.57142857142857,0,-0.0034626155860162846,139.04544718722892,-0.0034566276459733376
34.57539682539682,0,0.007556200737834288,140.1000819960553,0.007584820863687035
34.579365079365076,0,0.0007116689035122217,140.19982235463758,0.0007119221999104944
34.58333333333333,0,-0.004521756445600331,139.56730402886205,-0.00451154869637139
34.58730158730159,0,0.007925863975822626,140.67789086230167,0.007957356783290277
34.59126984126984,0,-0.0035476096595121616,140.17970482509233,-0.003541324327196063
34.595238095238095,0,0.009083768260482256,141.45886578360174,0.009125150891888905
34.59920634920635,0,0.008980781750790316,142.73499874257575,0.009021229966074764
34.6031746031746,0,0.0004917289696404118,142.80520293574224,0.0004918498881491026
34.607142857142854,0,-0.00930108581763222,141.4831174345277,-0.009257964514145659
34.61111111111111,0,0.014561387114446553,143.55838056381418,0.014667920575377335
34.61507936507936,0,0.002578498730807573,143.92902331146564,0.0025818259177611534
34.61904761904762,0,-0.0019014075879951846,143.655615586542,-0.0018996010577521795
34.62301587301587,0,0.006161928612844978,144.54354410117583,0.006180952349188984
34.62698412698413,0,0.004562980602046141,145.20460053592862,0.004573406850257669
34.63095238095238,0,0.00839702426492913,146.42902063818102,0.00843237815973627
34.63492063492063,0,-0.004033509992731512,145.83958726205142,-0.0040253863172797655
34.638888888888886,0,0.0021450828160009434,146.15276102632404,0.002147385152084233
34.64285714285714,0,-0.007331391388308754,145.0851761558449,-0.007304582294458434
34.64682539682539,0,0.004336401034459846,145.7156897556911,0.00434581682672308
34.65079365079365,0,-5.653353430141469e-06,145.7148659757252,-5.65333744996908e-06
34.654761904761905,0,0.0019090808082353596,145.9933131343285,0.0019109042631912053
34.65873015873016,0,-0.0007830277152179322,145.8790410688437,-0.000782721229017482
34.66269841269841,0,-0.0014421920661925678,145.66880710850427,-0.0014411526069746687
34.666666666666664,0,-0.005330453413388679,144.89439214354272,-0.0053162717560030475
34.67063492063492,0,0.0051181312146171675,145.63788167028133,0.005131251221938542
34.67460317460317,0,0.009523142242000491,147.0314369138488,0.009568631647104558
34.67857142857142,0,-0.00336779215971714,146.5370984751705,-0.0033621275086084274
34.682539682539684,0,0.0036258663097332457,147.06938682369076,0.0036324477150091053
34.68650793650794,0,0.002861389821187658,147.49081231392364,0.0028654875044663423
34.69047619047619,0,0.0001899003055388808,147.51882352383063,0.000189918337743325
34.69444444444444,0,-0.00947776030876661,146.12728024686632,-0.009432987897571708
34.698412698412696,0,-0.008060403725823131,144.95416959686742,-0.008028005776998593
34.70238095238095,0,-0.004780834971056468,144.2628215609012,-0.004769424969898976
34.7063492063492,0,-0.013335574329596327,142.35176482195914,-0.01324704950495661
34.710317460317455,0,0.009008648769048446,143.63995558998693,0.009049348770904873
34.714285714285715,0,0.0024552015095672484,143.99305391217894,0.0024582179849733533
34.71825396825397,0,-4.9847975594077894e-05,143.98587632883738,-4.9846733204386104e-05
34.72222222222222,0,-0.013658299897702744,142.03264333431207,-0.013565448530969044
34.726190476190474,0,-0.011350417553689016,140.42962818180715,-0.011286244590489792
34.73015873015873,0,0.00012413952968565997,140.4470621319024,0.00012414723531592974
34.73412698412698,0,0.012551808911790918,142.22103682323566,0.01263091348729808
34.738095238095234,0,-0.004262155866346523,141.61615855523397,-0.004253085770661414
34.74206349206349,0,0.005580304910619122,142.40862895703356,0.005595903814114804
34.74603174603175,0,-0.00288421212132321,141.99848402003605,-0.0028800567774671976
34.75,0,0.00048686351433116406,142.06763473310934,0.00048698205160833545
34.75396825396825,0,0.0077906779025495015,143.1787605072552,0.007821104196133606
34.757936507936506,0,-0.0020404015374874606,142.88691618523384,-0.0020383213333281585
34.76190476190476,0,-0.004208363409327874,142.28685962911473,-0.004199520656889657
34.76587301587301,0,0.009071893716883377,143.5835436939907,0.009113168062433369
34.769841269841265,0,0.0004258761863663674,143.64470552876406,0.0004259668845043598
34.77380952380952,0,0.0070128348390286425,144.6556026082898,0.007037482347884455
34.77777777777778,0,-0.0041777733922494335,144.0525249188011,-0.004169058637305358
34.78174603174603,0,0.00900010349031567,145.35486435498265,0.00904072619980569
34.785714285714285,0,0.0018625786992293122,145.62585151827636,0.0018643143763792042
34.78968253968254,0,0.0028777934891081615,146.04553623895808,0.0028819383118187207
34.79365079365079,0,0.0009680756110038134,146.18698781755168,0.0009685443474433588
34.797619047619044,0,-0.0030453041976053834,145.74248114246228,-0.003040671962159147
34.8015873015873,0,0.00012828817919044908,145.76117937935453,0.00012829640847081177
34.80555555555556,0,-0.002649167545455766,145.37554462462862,-0.0026456615977448017
34.80952380952381,0,0.006183460920482478,146.27725359160573,0.00620261798024864
34.81349206349206,0,-0.001140251030142004,146.11055585920343,-0.0011396011909528701
34.817460317460316,0,-0.009288220539571459,144.75973188013958,-0.009245218260380775
34.82142857142857,0,-0.01044048622701799,143.25623218438525,-0.01038617353200898
34.82539682539682,0,-0.010738413052398709,141.72611779457077,-0.010680962122786488
34.829365079365076,0,0.004031738750788696,142.29867389842667,0.004039877143080847
34.83333333333333,0,-0.007114906448046394,141.28982533335375,-0.007089655422881646
34.83730158730159,0,0.002029251590928706,141.57682903906993,0.002031311915341511
34.84126984126984,0,0.0009992274810577473,141.7183671999602,0.0009997268751594497
34.845238095238095,0,-0.0002687369440151358,141.68028735600768,-0.00026870083747705583
34.84920634920635,0,0.0029005820832375614,142.09183924052675,0.0029047928416809283
34.8531746031746,0,0.0011361074384208456,142.25336257258257,0.0011367530529493362
34.857142857142854,0,-0.016930804014904956,139.86517280489193,-0.016788283415600347
34.86111111111111,0,-0.0018997585046075086,139.59971498607018,-0.0018979551056078953
34.86507936507936,0,0.002816786922903149,139.99349197025205,0.002820757794678899
34.86904761904762,0,0.01047169935810734,141.46716419002308,0.010526719485532698
34.87301587301587,0,0.010762573293955574,142.99793766803987,0.01082069812299819
34.87698412698413,0,-0.008448152202769595,141.7949579586204,-0.008412566845629587
34.88095238095238,0,-0.0020641734186568872,141.50257044858304,-0.0020620444777920614
34.88492063492063,0,-0.009726707115029237,140.1328884363436,-0.009679555699216937
34.888888888888886,0,0.00971326491303176,141.50066835523205,0.009760591779351001
34.89285714285714,0,0.006519283271338742,142.42616480420338,0.006540580053289243
34.89682539682539,0,0.0023473849872498627,142.76088655196,0.002350142252421238
34.90079365079365,0,0.0011851881673181559,142.93018537111848,0.0011858907803629364
34.904761904761905,0,0.008836047326617866,144.1987194134102,0.008875200427383363
34.90873015873016,0,0.00776952037022748,145.3234379050303,0.007799781414116282
34.91269841269841,0,0.007433884780434909,146.40778104566348,0.007461584698690411
34.916666666666664,0,0.003015701597831048,146.84996964420736,0.0030202534003705675
34.92063492063492,0,-0.0020610426142074283,146.54761728645272,-0.0020589201243097614
34.92460317460317,0,0.004971321103319023,147.27796644484636,0.004983698622449202
34.92857142857142,0,0.005279469700108808,148.0575721477134,0.005293430658271529
34.932539682539684,0,-0.001062014289946739,147.90041635597706,-0.001061450552354167
34.93650793650794,0,-0.0020737713194818597,147.59402251957832,-0.002071622541353914
34.94047619047619,0,0.00727809143360444,148.6721438844058,0.007304641112307806
34.94444444444444,0,0.01062183502351006,150.25973148976368,0.010678446976538794
34.948412698412696,0,-0.004581860801257577,149.57283714486974,-0.0045713800902195244
34.95238095238095,0,-0.0015202282167547099,149.34562504826127,-0.0015190732551817296
34.9563492063492,0,0.0023495594772840016,149.6969340260387,0.002352321855186045
34.960317460317455,0,0.0032041744514034183,150.17735838819956,0.003209313305490075
34.964285714285715,0,-0.003151709872584186,149.7047880186593,-0.0031467484487152663
34.96825396825397,0,0.01200395359638879,151.5126664830025,0.012076290199334034
34.97222222222222,0,0.00279783913224673,151.93716811704823,0.0028017567369088953
34.976190476190474,0,0.0034862897213625466,152.46778951707353,0.0034923738977190844
34.98015873015873,0,0.011218817138104036,154.18792868890546,0.011281984065488773
34.98412698412698,0,-0.0026899334533484207,153.7737307536163,-0.0026863188241204442
34.988095238095234,0,-0.0004181795707231558,153.7094391645527,-0.0004180921458333297
34.99206349206349,0,-0.007756299041159611,152.52183445146184,-0.007726296573234392
34.99603174603175,0,-0.00094681703474803,152.37749252391328,-0.0009463689449302339
35.0,0,-0.009240472893330494,150.9759379211373,-0.009197910922152691
35.00396825396825,0,0.004849897006354109,151.70993413478828,0.0048616767927246755
35.007936507936506,0,0.002784619727318768,152.13297734408323,0.002788500382044873
35.01190476190476,0,-0.0016064836881420047,151.88877440409092,-0.0016051939839439042
35.01587301587301,0,-0.000493721007827869,151.81380223450498,-0.0004935991476668827
35.019841269841265,0,0.0049356764277410925,152.5649582462073,0.00494787694298056
35.02380952380952,0,-0.007015953934899157,151.49831566002652,-0.006991399587705114
35.02777777777778,0,0.0014250255626740676,151.71435852928997,0.001426041394072468
35.03174603174603,0,0.004545386478271654,152.40552855054813,0.004555732416880528
35.035714285714285,0,-0.011088382484865024,150.7249325223366,-0.011027132966860368
35.03968253968254,0,0.004453592761708136,151.39769698831043,0.004463524744813999
35.04365079365079,0,-0.010406713389630895,149.83031434443777,-0.010352750900786288
35.047619047619044,0,-0.0006018867297400542,149.7401606004137,-0.0006017056322575484
35.0515873015873,0,-0.007189786203827366,148.66742186175043,-0.007164001523452316
35.05555555555556,0,0.009154894873682384,150.03470559991536,0.009196929098807032
35.05952380952381,0,-0.007150288601787337,148.96574041376294,-0.007124786107841134
35.06349206349206,0,-0.010256330325808603,147.4457068804926,-0.010203913524333603
35.067460317460316,0,0.0009789284209406103,147.59011634523597,0.000979407727756868
35.07142857142857,0,-0.002467194924876398,147.2264315843059,-0.0024641539009247894
35.07539682539682,0,-0.009339233150092633,145.8578503111174,-0.009295757959091707
35.079365079365076,0,0.003451213299702298,146.36210651131856,0.003457175593398295
35.08333333333333,0,-0.012406376005063832,144.55750064127102,-0.012329734198707866
35.08730158730159,0,-0.0063888156629936105,143.63689334349687,-0.006368450572888162
35.09126984126984,0,-0.0034846456185256285,143.1372407341832,-0.0034785812870426667
35.095238095238095,0,0.005192414950340876,143.88240160093432,0.005205918899434629
35.09920634920635,0,0.008299572532859725,145.08153328612394,0.008334109466114705
35.1031746031746,0,0.007085764071473845,146.11319755042177,0.007110927496632245
35.107142857142854,0,-0.0008266452350808533,145.99246368079858,-0.0008263036580360079
35.11111111111111,0,-0.015151715804027004,143.79710111618667,-0.015037506109985905
35.11507936507936,0,0.002601031492037835,144.1716087465839,0.0026044171091783638
35.11904761904762,0,0.009402632695009553,145.53359452030077,0.009446976319109965
35.12301587301587,0,0.00791103791044047,146.6894824118743,0.007942412852396306
35.12698412698413,0,0.0030551935305210332,147.13833248231202,0.00305986539087643
35.13095238095238,0,-0.007354274202214482,146.06020611726933,-0.00732729769906968
35.13492063492063,0,-0.003170234191018946,145.59789426351296,-0.003165214304745502
35.138888888888886,0,0.012320774557548299,147.4028696088394,0.012396987981569024
35.14285714285714,0,-0.008785668310543397,146.11350912877143,-0.008747187103545166
35.14682539682539,0,-0.007091831192713191,145.0809624380475,-0.007066743498809318
35.15079365079365,0,0.006076405560892495,145.9652170289883,0.006094904362923273
35.154761904761905,0,-0.0025771590568774067,145.58952576394333,-0.0025738410334452773
35.15873015873016,0,-0.007305468644278192,144.52980165228172,-0.007278848571702029
35.16269841269841,0,0.009764202577877763,145.94793210367231,0.00981202793595749
35.166666666666664,0,0.0030432685523452485,146.3927673890211,0.003047903995192471
35.17063492063492,0,-0.0022662323759132692,146.06138299880882,-0.0022636664100467666
35.17460317460317,0,-0.007078814145077681,145.03109253442784,-0.007053818355187137
35.17857142857142,0,0.01303633793797146,146.93414433010335,0.013121681443749
35.182539682539684,0,-1.5143090889088626e-05,146.93191930984798,-1.5142976233066538e-05
35.18650793650794,0,0.008941228301427004,148.25156196668004,0.008981320485232811
35.19047619047619,0,0.005768251084750134,149.10918531526193,0.005784919478787602
35.19444444444444,0,-0.0031424825151732407,148.64134777819584,-0.0031375500850387107
35.198412698412696,0,-0.003092336414642412,148.18240868848827,-0.003087560067018108
35.20238095238095,0,0.009249816358938694,149.55942752413085,0.009292728116853808
35.2063492063492,0,0.009351882103731732,150.96465015457633,0.009395747588153352
35.210317460317455,0,-0.01168457040772899,149.2109585895111,-0.011616570920871793
35.214285714285715,0,0.0036021789991057184,149.74941239223452,0.0036086746430253965
35.21825396825397,0,-0.0006246926075824327,149.65589425440922,-0.0006244975277792001
35.22222222222222,0,-0.0063704351899157826,148.7055513421723,-0.0063501869870984775
35.226190476190474,0,0.0017877343014223689,148.9716351298089,0.0017893332510790245
35.23015873015873,0,-0.008362771775779725,147.7310140897885,-0.008327901072840595
35.23412698412698,0,-0.0027995036494635342,147.31801893715146,-0.002795588693285353
35.238095238095234,0,-0.0048910228380796335,146.59924235130444,-0.004879081262650331
35.24206349206349,0,-0.003009500140633402,146.15871512669486,-0.0030049761345554227
35.24603174603175,0,-0.00031138329758524105,146.11321082901478,-0.000311334822837773
35.25,0,-0.0062585797473252314,145.20160530046962,-0.006239035631157734
35.25396825396825,0,0.010048985265509952,146.66809009399762,0.010099645871636925
35.257936507936506,0,0.003246281178123859,147.14498961045237,0.003251556055234549
35.26190476190476,0,0.011443573377293327,148.8385256667947,0.011509301545541256
35.26587301587301,0,-0.0008695201303095617,148.70916382207628,-0.0008691422072262344
35.269841269841265,0,-0.00331816292598412,148.21654034240152,-0.003312663907277209
35.27380952380952,0,0.01121586607327312,149.88827465811787,0.01127899971119497
35.27777777777778,0,-0.0035025451935998073,149.36420253106053,-0.003496418437350765
35.28174603174603,0,-0.0009842452799922626,149.21726384343643,-0.000983761069480335
35.285714285714285,0,0.00467476122306016,149.91645191760912,0.0046857049657891775
35.28968253968254,0,-0.007658050825494456,148.77276888996283,-0.007628802663198331
35.29365079365079,0,0.004619624233760495,149.4616331002674,0.004630311147963155
35.297619047619044,0,0.00381362999629527,150.03271271859765,0.0038209111360850124
35.3015873015873,0,0.008134886804046209,151.2581896534118,0.00816806490137011
35.30555555555556,0,0.005745642247805348,152.1297665850952,0.005762180108597906
35.30952380952381,0,0.008327982773368462,153.40199083841603,0.008362756887615942
35.31349206349206,0,-0.0005567037016834208,153.31661514895686,-0.0005565487709291953
35.317460317460316,0,-0.005295423317624716,152.50688459531642,-0.0052814272794486925
35.32142857142857,0,0.013430547640408458,154.56895192496984,0.013521142570876379
35.32539682539682,0,-0.009478389507215412,153.11080853500772,-0.00943361116060308
35.329365079365076,0,-0.008847298846066262,151.76216617337676,-0.008808276662732062
35.33333333333333,0,0.0036988609224498496,152.3245527730561,0.0037057101506889093
35.33730158730159,0,0.010375338811333868,153.91319873627904,0.01042934926971283
35.34126984126984,0,0.0013329469819622327,154.11849366324887,0.001333835750640568
35.345238095238095,0,0.006433910492790811,155.11327499218143,0.006454652555235668
35.34920634920635,0,-0.012433486546433064,153.19661624133568,-0.01235651011135165
35.3531746031746,0,-0.003007948584031242,152.73650104477858,-0.003003429239143776
35.357142857142854,0,-0.01166587270067276,150.96504932206525,-0.01159809024428304
35.36111111111111,0,0.005055015831514248,151.7301121094964,0.005067813979902928
35.36507936507936,0,-0.009607752327404186,150.27930741798025,-0.009561745334169834
35.36904761904762,0,-0.007910613223477584,149.09519564156244,-0.007879406664581212
35.37301587301587,0,0.003376943317333833,149.59953274576003,0.003382651614141033
35.37698412698413,0,0.0068277535828679785,150.62445647311253,0.006851115832657008
35.38095238095238,0,-0.0008625160653132722,150.4945964707952,-0.0008621442052512536
35.38492063492063,0,0.003730638056217628,151.0570859095195,0.0037376055480733217
35.388888888888886,0,0.003526635906935333,151.59074971855546,0.003532861804018036
35.39285714285714,0,-0.001218172767797892,151.40619842589973,-0.001217431096543601
35.39682539682539,0,-0.0067571074601013225,150.3865791909011,-0.006734329542642329
35.40079365079365,0,0.0036973702707321365,150.9436432593674,0.003704213976163133
35.404761904761905,0,0.004001028716689427,151.54878289390982,0.004009043517670024
35.40873015873016,0,0.005770713261745533,152.42585569903278,0.005787395902327357
35.41269841269841,0,0.0021047225809031306,152.74700768880356,0.0021069390642291345
35.416666666666664,0,-0.007221968677936798,151.6478474115626,-0.007195952928127815
35.42063492063492,0,0.004487623143705673,152.32991508797886,0.004497707603888235
35.42460317460317,0,0.00013018890121074781,152.349748043233,0.0001301973761535242
35.42857142857142,0,-0.0029020711735360033,151.90825915707842,-0.002897864235582991
35.432539682539684,0,-0.0017171424266870098,151.6476348688663,-0.001715668981122878
35.43650793650794,0,-0.004209322622297045,151.0106426422296,-0.0042004758411660365
35.44047619047619,0,0.005738078396592961,151.87964436407233,0.005754572701883202
35.44444444444444,0,-0.008794394243514329,150.5498110043087,-0.00875583667140992
35.448412698412696,0,-0.006119484240964234,149.63133696833842,-0.006100798332746427
35.45238095238095,0,-0.001932185612688787,149.34250058445386,-0.0019303201437386999
35.4563492063492,0,0.010304563704269673,150.88936609490113,0.01035783855495656
35.460317460317455,0,0.006780232091251511,151.9159071778861,0.006803269902660921
35.464285714285715,0,-0.010197436602634023,150.3746262589038,-0.010145619031044396
35.46825396825397,0,0.00865157539310367,151.6812476920978,0.008689108433388697
35.47222222222222,0,0.00863943724189281,152.99736538417915,0.008676864886772946
35.476190476190474,0,-0.007256668415337667,151.89113287087798,-0.0072304023701549765
35.48015873015873,0,-0.01574480521879016,149.5183649705829,-0.015621503740525655
35.48412698412698,0,-0.00031606456828355976,149.47111498052516,-0.00031601462513978893
35.488095238095234,0,0.0072094980614505625,150.5526205659962,0.007235549059843186
35.49206349206349,0,0.010162897086141527,152.09047263468008,0.010214714715043769
35.49603174603175,0,-0.005346807245383894,151.2794443318085,-0.005332538513570851
35.5,0,0.01117531987250748,152.97952227656302,0.011237997021099875
35.50396825396825,0,-0.013895766009195188,150.86845604114063,-0.013799665497751386
35.507936507936506,0,-0.0021796120493895997,150.5399794422983,-0.002177238419890352
35.51190476190476,0,-0.0024892912898437265,150.16570761177005,-0.0024861955735268697
35.51587301587301,0,0.0073979298281311385,151.28074236829178,0.007425362116659196
35.519841269841265,0,0.008317425677980708,152.54425600573364,0.008352111561997977
35.52380952380952,0,0.006149932906535917,153.48528360781955,0.006168882570383738
35.52777777777778,0,-0.008368776735224915,152.20615935523833,-0.008333856005697996
35.53174603174603,0,0.0055728780182490445,153.05675364264903,0.005588435389303014
35.535714285714285,0,0.0033455518788725346,153.56967046888724,0.003351154483752455
35.53968253968254,0,-0.010388898172896118,151.98250950183547,-0.010335119963503591
35.54365079365079,0,-0.012882074319541357,150.0372161274352,-0.012799455547724383
35.547619047619044,0,0.006677606805420966,151.04245823333227,0.006699951730931164
35.5515873015873,0,-0.000995630067510284,150.8921506582314,-0.0009951345923449185
35.55555555555556,0,-0.007956997316037826,149.69626635419039,-0.007925424210764094
35.55952380952381,0,-0.0011724709999398467,149.52085467573855,-0.0011717839243686253
35.56349206349206,0,0.0024321321451665724,149.88495173937682,0.0024350921777960676
35.567460317460316,0,-0.0003830241515964471,149.8275531761196,-0.0003829508072106166
35.57142857142857,0,-0.00963770491917643,148.39049552210693,-0.009591411082602211
35.57539682539682,0,0.012016780911964208,150.1844286595602,0.012089272504558704
35.579365079365076,0,0.006464867479470641,151.15849630489143,0.006485809840774022
35.58333333333333,0,-0.0019737904741267717,150.86043535649856,-0.001971843830674963
35.58730158730159,0,-0.001720032712876901,150.60117350595763,-0.0017185543043686997
35.59126984126984,0,0.0024034466171593163,150.96357071368163,0.00240633721031163
35.595238095238095,0,-0.006977057036793481,149.91395514206724,-0.00695277388215162
35.59920634920635,0,0.0021715593770254013,150.23985592548402,0.0021739189197426227
35.6031746031746,0,-0.008243937514683846,149.00637927905777,-0.008210049449448581
35.607142857142854,0,-0.00030543491276113994,148.960874478333,-0.0003053882722668392
35.61111111111111,0,-0.007222419629727777,147.88889234667826,-0.007196400634789987
35.61507936507936,0,-0.006904378163780692,146.87132837324015,-0.006880597706099102
35.61904761904762,0,0.010505966895148468,148.42248763344287,0.010561348340643118
35.62301587301587,0,0.0005119769542515839,148.49849598220513,0.0005121080368218902
35.62698412698413,0,0.0014454269381113608,148.71329490924694,0.0014464720711218789
35.63095238095238,0,-0.012531613264694028,146.86130585194954,-0.012453419571044842
35.63492063492063,0,-0.0036218686951942744,146.33035558224339,-0.0036153176401785636
35.638888888888886,0,0.0030442521454148515,146.77650082591842,0.0030488905866445227
35.64285714285714,0,0.001361832413069354,146.97652198895855,0.001362760127912915
35.64682539682539,0,-0.013430223549012998,145.01579044515515,-0.013340440481716818
35.65079365079365,0,0.0014437351140476045,145.2253060400304,0.0014447778013150687
35.654761904761905,0,0.002447992305731409,145.58125197050808,0.0024509910853931145
35.65873015873016,0,0.008225829340862956,146.78371736167378,0.008259754431905932
35.66269841269841,0,-0.0039886791872573955,146.19941028461588,-0.003980734972246195
35.666666666666664,0,-0.013984816482053635,144.16906843135797,-0.013887483193710262
35.67063492063492,0,-0.006140176643061892,143.28655704530863,-0.006121364281891688
35.67460317460317,0,-0.0067719712656578055,142.3195027259979,-0.0067490931407120395
35.67857142857142,0,0.004779718601411008,143.00137818877735,0.004791159677477189
35.682539682539684,0,-0.016974942993406482,140.5944246916753,-0.016831680418664376
35.68650793650794,0,-0.002685491330304965,140.21736610346932,-0.002681888624196
35.69047619047619,0,0.0091205561353817,141.50207619175407,0.009162275144554793
35.69444444444444,0,0.00018432313412244594,141.52816070183798,0.0001843401226751107
35.698412698412696,0,0.00578515410681273,142.3492958284317,0.005801920427155076
35.70238095238095,0,-0.010203468476578851,140.9042241845371,-0.010151589689886987
35.7063492063492,0,-0.009952696479866716,139.50880282983826,-0.009903332300891625
35.710317460317455,0,0.009192665358321564,140.7971732751642,0.009235047675789497
35.714285714285715,0,0.0007764857618701623,140.9065427319417,0.0007767873049822831
35.71825396825397,0,0.0007894562203512759,141.0178261995228,0.0007897679229329856
35.72222222222222,0,-0.006904811851431745,140.04747853118008,-0.006881028409626503
35.726190476190474,0,0.0007737541067494392,140.15588277654004,0.0007740535316804052
35.73015873015873,0,-0.007079839263096775,139.16710597524235,-0.007054836241688205
35.73412698412698,0,0.007615469951403039,140.2309746774699,0.007644541393400369
35.738095238095234,0,0.017322607167450717,142.68130252514624,0.017473513632149405
35.74206349206349,0,0.0031874309774913285,143.13681490019474,0.0031925162371454095
35.74603174603175,0,-0.0038608973772792116,142.58524381180615,-0.0038534536958450597
35.75,0,-0.015821658372291977,140.34706136352162,-0.015697153425206924
35.75396825396825,0,-0.010472237633710288,138.8849825659184,-0.010417594664246273
35.757936507936506,0,0.00993359776499445,140.27148519680964,0.009983099722341944
35.76190476190476,0,-0.006344410322233551,139.38436244923994,-0.006324327045693025
35.76587301587301,0,-0.0021971512882791398,139.07845010863065,-0.002194739318198459
35.769841269841265,0,0.004267054499406845,139.67317339088484,0.004276171339195702
35.77380952380952,0,0.009476436936601107,141.00306879286086,0.009521480536953912
35.77777777777778,0,-0.0011183905357315146,140.84546044548384,-0.0011177653701177957
35.78174603174603,0,-0.0024102727800713857,140.50639325233703,-0.002407370404941089
35.785714285714285,0,0.000590058960512546,140.58932477352232,0.0005902330795461346
35.78968253968254,0,-0.0038148577212228406,140.05401821077464,-0.003807590395714294
35.79365079365079,0,-0.0034758323240310514,139.5680589728369,-0.0034697986116073
35.797619047619044,0,0.0027334897483333744,139.95008873057103,0.0027372291378535336
35.8015873015873,0,0.0013061157370787468,140.1329991689657,0.0013069690777181744
35.80555555555555,0,0.013566740161507013,142.04710186521797,0.013659185970495728
35.80952380952381,0,0.0029033765840611077,142.46011737425673,0.002907595463866426
35.81349206349206,0,0.007390424229592252,143.51685814897903,0.0074178008147093395
35.817460317460316,0,-0.006609573398823697,142.57140091752896,-0.006587778213961582
35.82142857142857,0,0.003447068861776312,143.0637023652351,0.003453016836040525
35.82539682539682,0,-0.004415465505503958,142.43340208097845,-0.004405731669431233
35.829365079365076,0,0.002630010293249934,142.8084964293435,0.002633471804259226
35.83333333333333,0,0.004476123176149486,143.44915761948937,0.004486155979262307
35.83730158730159,0,0.0004530330779321625,143.51415955579446,0.0004531357129154418
35.84126984126984,0,0.015303615516868522,145.72733668701503,0.015421315486017984
35.845238095238095,0,0.009134315903870795,147.0645542021216,0.009176161079362114
35.84920634920635,0,0.007554837419310919,148.1798104847245,0.007583447205573253
35.8531746031746,0,0.004953439354344907,148.91563110636963,0.004965727916901658
35.857142857142854,0,0.011247017925529826,150.5999418606764,0.011310503415881114
35.86111111111111,0,-0.008913166831917639,149.2635838919403,-0.00887356231500003
35.86507936507936,0,0.008770861164968037,150.5785121603274,0.00880943786891147
35.86904761904762,0,-0.006105363344582673,149.6619763707316,-0.006086763486013893
35.87301587301587,0,-0.003416113406720245,149.15158635820453,-0.0034102851298902057
35.87698412698413,0,0.003675328876741063,149.70077609880846,0.0036820911799419127
35.88095238095238,0,0.007907445721582433,150.88921944336283,0.007938792139394461
35.88492063492063,0,-0.007127960838934981,149.8175110813645,-0.0071026171780329845
35.888888888888886,0,-0.0030898403541951515,149.35531331623451,-0.0030850717102018656
35.89285714285714,0,0.0007532831952964817,149.46786254928475,0.0007535669843360045
35.89682539682539,0,-0.0010351065903052897,149.31322742544594,-0.0010345710522742292
35.90079365079365,0,0.005518785188184585,150.1395330577731,0.005534041736119297
35.904761904761905,0,0.021783198400112884,153.4459335412493,0.022022184404982735
35.90873015873016,0,0.0027803610658862212,153.8731622904552,0.0027842298544266666
35.91269841269841,0,-0.004492413349582457,153.1834508364773,-0.00448233755458953
35.916666666666664,0,-0.008028345910145127,151.95856458979242,-0.007996204811918034
35.92063492063492,0,-0.001910018178487314,151.668597977953,-0.0019081952545568943
35.92460317460317,0,-0.005784128655608739,150.7938595328658,-0.005767432789312752
35.92857142857142,0,0.003084175734381633,151.25965221935763,0.003088936697652809
35.932539682539684,0,0.0029863575448547896,151.712042786773,0.0029908211527513557
35.93650793650794,0,-0.0027787965500761977,151.29105108171893,-0.002774939268636828
35.94047619047619,0,0.01264293015108574,153.2159558510485,0.012723189875188851
35.94444444444444,0,-0.004493993751820371,152.5289491608919,-0.004483910871687904
35.948412698412696,0,-0.0006134561217621554,152.435408037904,-0.0006132679960264197
35.95238095238095,0,0.00416523522522585,153.07166152187403,0.004173921873924183
35.9563492063492,0,0.005758306519205812,153.9556377287193,0.00577491743446543
35.960317460317455,0,0.008186864500456172,155.22122520166377,0.008220468516875584
35.964285714285715,0,0.002838162986705372,155.66239409625504,0.0028421943842938495
35.96825396825397,0,0.006759016641089538,156.71808249704833,0.006781910344642509
35.97222222222222,0,-0.004050898773355619,156.0845175290625,-0.004042704950768879
35.976190476190474,0,0.005922261627607396,157.0116334797574,0.005939832889077182
35.98015873015873,0,0.005838146829804715,157.93097145381736,0.00585522202199493
35.98412698412698,0,0.009669179134653929,159.46544088244156,0.009716076678935783
35.988095238095234,0,-0.010371269953649249,157.82012848419345,-0.010317673780245262
35.99206349206349,0,-0.005575827581294882,156.94259940784116,-0.005560311506400975
35.99603174603175,0,0.005324189600542502,157.78041994203784,0.005338388285640031
36.0,0,-0.016563137417673714,155.1886047130288,-0.016426722846606765
36.00396825396825,0,0.0032382364587755564,155.6919566572528,0.0032434852104942205
36.007936507936506,0,0.006815029238256078,156.75662564850944,0.006838304393595033
36.01190476190476,0,-0.003491933889377193,156.21019647753795,-0.00348584417858464
36.01587301587301,0,-0.0025710533892134148,155.8090875796052,-0.002567751062207604
36.019841269841265,0,-0.006627540384262104,154.77987091424149,-0.006605626676542734
36.02380952380952,0,-0.0031465491487571145,154.29361386022455,-0.003141603951113238
36.02777777777778,0,-0.0029640010155264486,153.8369645209231,-0.0029596127012431208
36.03174603174603,0,-0.00416260681864961,153.19793266535183,-0.004153955179506636
36.035714285714285,0,-0.004508046839723185,152.50886355402864,-0.004497900848495673
36.03968253968254,0,-0.0015682807894997887,152.2698742832125,-0.0015670516797961073
36.04365079365079,0,-0.0016445006690045088,152.0196721582523,-0.0016431492187011522
36.047619047619044,0,0.011944810153568325,153.8464065600148,0.012016434293194309
36.0515873015873,0,-0.0023442441092159042,153.48617542753792,-0.0023414985148609607
36.05555555555555,0,0.0023068314738716794,153.84065086817574,0.00230949425673287
36.05952380952381,0,-0.003495132217981361,153.30389601389737,-0.003489031353216843
36.06349206349206,0,-0.0035752153895174917,152.7567801768527,-0.003568831916672864
36.067460317460316,0,-0.010597636312887177,151.14646720297947,-0.010541679210630353
36.07142857142857,0,-0.00975978804041789,149.67848497025378,-0.00971231587407427
36.07539682539682,0,-0.00746448558931261,148.56537165373467,-0.007436695505971955
36.079365079365076,0,0.0012960701779481097,148.75804763523638,0.0012969104398747903
36.08333333333333,0,0.006918145696989757,149.7907455408588,0.006942131347103407
36.08730158730159,0,-0.011116039716983524,148.13488601499094,-0.011054484840762496
36.09126984126984,0,-0.003319969842167741,147.64389814429035,-0.0033144648361277404
36.095238095238095,0,-0.008471713221457998,146.39838464609093,-0.008435929380449682
36.09920634920635,0,-0.0015259003213210628,146.17516565219717,-0.001524736727343817
36.1031746031746,0,0.006915599718362662,147.18955810989314,0.006939567697221775
36.107142857142854,0,-0.0026762056347920484,146.79617520665454,-0.002672627788887665
36.11111111111111,0,-0.00016043990038531845,146.77262513216385,-0.00016042703059278591
36.11507936507936,0,0.009305966121396954,148.1448612977543,0.009349401254865147
36.11904761904762,0,0.0030233936203865005,148.59343929852707,0.0030279686844563304
36.12301587301587,0,-0.00464923973981783,147.90419624508468,-0.004638448754508463
36.12698412698413,0,0.0011399610932890654,148.0728974124527,0.0011406110959052708
36.13095238095238,0,-0.005074179877510675,147.32345191464577,-0.005061327973608671
36.13492063492063,0,0.002787676594782578,147.7347150213473,0.0027915657782700263
36.138888888888886,0,0.0033852267181322965,148.23567798402684,0.0033909630692220876
36.14285714285714,0,-0.008473407706416955,146.98492320893783,-0.008437609569429662
36.14682539682539,0,0.001242226509557008,147.1676252322072,0.0012429983924922567
36.15079365079365,0,-0.0006017530194178728,147.07909330921063,-0.0006015720023806871
36.154761904761905,0,0.003570033978592136,147.605109058235,0.003576414140101429
36.15873015873016,0,0.005375883055992588,148.4007535928009,0.005390359044089606
36.16269841269841,0,0.0031465386890792307,148.86843771269108,0.0031514942381860047
36.166666666666664,0,-0.0017710497116124196,148.60501764288514,-0.0017694823285129278
36.17063492063492,0,0.006018315380214772,149.5020661589842,0.0060364618256351045
36.17460317460317,0,-0.005360889646979062,148.70274652679316,-0.005346545721589354
36.17857142857142,0,-0.008179617766461063,147.49137592762247,-0.008146255717962902
36.182539682539684,0,-0.01998952524183484,144.57236536107672,-0.01979105929541384
36.18650793650794,0,-0.00030295757543943516,144.5285727017852,-0.0003029116884272334
36.19047619047619,0,-0.005036367228706832,143.80250364454855,-0.005023705995733139
36.19444444444444,0,0.002644506571170243,144.18329358922423,0.0026480063630669524
36.198412698412696,0,-0.012278676497299974,142.42373818342062,-0.0122036011385386
36.20238095238095,0,-0.003937952776671192,141.86398309609285,-0.003930209208572146
36.2063492063492,0,0.0031013108412583736,142.30463034371255,0.0031061248810502584
36.210317460317455,0,-0.006348469050121875,141.40407539947333,-0.0063283600966742605
36.214285714285715,0,0.0027169640774710587,141.78878758067137,0.002720658369365321
36.21825396825397,0,-0.0033700236377631806,141.31176026309163,-0.0033643514816593697
36.22222222222222,0,-6.778403638311553e-05,141.30218190622602,-6.778173909722806e-05
36.226190476190474,0,0.0038880319264317075,141.85263870412587,0.003895600127852974
36.23015873015873,0,0.006140945967664553,142.72642829514058,0.006159840232773338
36.23412698412698,0,0.0007215363139246552,142.82944775778446,0.000721796683869169
36.238095238095234,0,-0.004988893979909953,142.1186612791375,-0.004976470117369447
36.24206349206349,0,-0.002746484731728951,141.7288700686667,-0.0027427165930393373
36.24603174603175,0,0.0041513305245482746,142.31845639031786,0.004159959233185694
36.25,0,-0.006294403985940916,141.42545991975265,-0.00627463572339533
36.25396825396825,0,-0.0009828252337721441,141.28653169131303,-0.0009823424192391306
36.257936507936506,0,-0.0022919524424417055,140.96308048889767,-0.002289327924915189
36.26190476190476,0,-0.0005122291438018844,140.89089358056873,-0.0005120979768508053
36.26587301587301,0,-0.006218993432530458,140.0174129390917,-0.006199695518131561
36.269841269841265,0,-0.011527263963215538,138.4126622228548,-0.011461079608255213
36.27380952380952,0,0.003419259029132772,138.88674100510076,0.003425111363601717
36.27777777777778,0,0.006212345978730942,139.75223909534338,0.006231682621243659
36.28174603174603,0,-0.011150752166963195,138.20255265434037,-0.011088812966679958
36.285714285714285,0,0.002462905255452134,138.54335195351092,0.0024659406980917964
36.28968253968254,0,0.006962299881923153,139.51129797169796,0.006986593037765767
36.29365079365079,0,0.0038927756347205303,140.05544258250148,0.003900362327027646
36.297619047619044,0,-0.0024858865194771116,139.70771303297616,-0.0024827992623034424
36.3015873015873,0,-0.005804579580760514,138.89911754340653,-0.005787765557215569
36.30555555555555,0,0.000649002840335857,138.98929272402137,0.0006492134882471385
36.30952380952381,0,0.0016997880419992496,139.22574596502372,0.0017012335005681526
36.31349206349206,0,0.000742419479961638,139.32914825012622,0.0007426951415183669
36.317460317460316,0,-0.0009958526201627408,139.19046601776972,-0.000995356923502792
36.32142857142857,0,-0.006681175917120932,138.26360972106002,-0.006658906484236688
36.32539682539682,0,0.00280157484341757,138.65150868208767,0.002805502921631003
36.329365079365076,0,0.0031049934029727835,139.08268976264563,0.003109818888062936
36.33333333333333,0,0.0014039493692007846,139.27809195249924,0.0014049353674929939
36.33730158730159,0,0.0008380831316677387,139.39486749894823,0.000838434421465362
36.34126984126984,0,0.010717166350338415,140.89681944086144,0.01077480088658596
36.345238095238095,0,-0.0037943277489348695,140.36322368788439,-0.0037871383832127244
36.34920634920635,0,0.008211171243984433,141.52051501019406,0.00824497537106347
36.3531746031746,0,-0.004485030639199605,140.88721241666548,-0.004474987908876561
36.357142857142854,0,0.007124620870568172,141.89456463083505,0.007150061363911169
36.36111111111111,0,0.007908374157103461,143.02116887102088,0.007939727946006522
36.36507936507936,0,-0.001707160172086318,142.77721711936394,-0.0017057038030293765
36.36904761904762,0,0.01060197264582055,144.29898991232875,0.0106583726988644
36.37301587301587,0,0.003093537251495575,144.74607539422252,0.0030983271758550025
36.37698412698413,0,-0.005387408042797994,143.96836602336958,-0.005372921985862923
36.38095238095238,0,-0.0022180761114651876,143.64938712040643,-0.0022156179984102265
36.38492063492063,0,0.0072746206900941805,144.69819212814124,0.007301145022328831
36.388888888888886,0,0.005953649948859345,145.5622440915085,0.0059714081472566185
36.39285714285714,0,-0.006526139156607693,144.6153776822172,-0.006504890160225855
36.39682539682539,0,-0.000738349721357156,144.50864036798382,-0.0007380772082757544
36.40079365079365,0,0.001420963171062061,144.71412778429678,0.0014219732175851324
36.404761904761905,0,-0.0030587194612282423,144.27216413131708,-0.0030540463446554087
36.40873015873016,0,0.014991631053999348,146.45133302165686,0.015104569224845437
36.41269841269841,0,0.0016108321161815084,146.6874316389114,0.0016121302031412515
36.416666666666664,0,-0.00025049131378139094,146.65069231307794,-0.00025045994345163737
36.42063492063492,0,0.007640545345147172,147.7754750826011,0.007669808793823617
36.42460317460317,0,-0.0021617401316310664,147.4563679452656,-0.002159405254201839
36.42857142857142,0,0.006485086321254247,148.41574267165308,0.00650616002384851
36.432539682539684,0,-0.010366837711393427,146.88508848376722,-0.010313287258698095
36.43650793650794,0,-0.0027188629864062616,146.4862704648876,-0.0027151702258982557
36.44047619047619,0,0.00674741135274765,147.47801568307412,0.006770226418073362
36.44444444444444,0,0.01003020478860497,148.9646937610635,0.010080675896699047
36.448412698412696,0,-0.0047324162218878585,148.26139628857706,-0.004721235983705859
36.45238095238095,0,-0.005466460541204274,147.45314237274957,-0.005451546633584114
36.4563492063492,0,0.0037134654058211844,148.00172245210203,0.0037203688610837047
36.460317460317455,0,-0.0037858557404354377,147.4424685767777,-0.003778698423630209
36.464285714285715,0,-0.0015529929635499954,147.21366916846975,-0.001551787693983367
36.46825396825397,0,0.005659721610845866,148.04921981490656,0.005675768093794054
36.47222222222222,0,-0.00328863268339296,147.56314001890792,-0.003283231053877342
36.476190476190474,0,-0.012242129584743609,145.76766557614616,-0.012167499570229506
36.48015873015873,0,-0.008057172661849191,144.59790911914132,-0.008024800646846915
36.48412698412698,0,0.00020160318405995804,144.62706345673303,0.00020162350734759317
36.488095238095234,0,-0.011599573582873592,142.95914347390317,-0.01153255789729083
36.49206349206349,0,-0.0017330457864941752,142.71160329385404,-0.0017315449297881302
36.49603174603175,0,-0.00863049488011347,141.48523124337422,-0.008593359069441501
36.5,0,0.010469533597176079,142.97429693553713,0.010524530928613588
36.50396825396825,0,0.013778005219229528,144.95783073614015,0.013873359359810872
36.507936507936506,0,-0.006527126279887965,144.0147538089506,-0.006505870861893577
36.51190476190476,0,0.001756316542073497,144.26791155085766,0.0017578597693044024
36.51587301587301,0,-0.005911085951782535,143.41764699478463,-0.00589364985555549
36.519841269841265,0,-0.0018096162531788644,143.15835077387806,-0.0018079798849020227
36.52380952380952,0,0.011499677791040911,144.81412788553254,0.011566053273901035
36.52777777777778,0,-0.0028009726277924882,144.4090750130303,-0.002797053563879168
36.53174603174603,0,-0.0016629777557002343,144.1691255042085,-0.0016615957743664807
36.535714285714285,0,-0.005798487407502604,143.33558162773878,-0.0057817086255782905
36.53968253968254,0,0.007359203290520126,144.3943082256396,0.0073863487759135765
36.54365079365079,0,-0.02041775910291199,141.47599412432638,-0.020210728090146547
36.547619047619044,0,-0.002650472049154386,141.10151245210406,-0.0026469626493194685
36.5515873015873,0,-0.00015016633425045186,141.0803253460567,-0.0001501550598508329
36.55555555555555,0,-0.0040255068543685775,140.51354707963048,-0.0040174153627442095
36.55952380952381,0,0.005578714268040493,141.2996226162933,0.005594304271725453
36.56349206349206,0,0.007710949037699107,142.3933883718452,0.00774075496664277
36.567460317460316,0,-0.008756123950339641,141.152016945878,-0.008717900740766673
36.57142857142857,0,0.013326615219627769,143.04568563416703,0.013415810338828325
36.57539682539682,0,-0.008826798969486259,141.7886062788275,-0.00878795714646345
36.579365079365076,0,0.00825649916394107,142.96412996526726,0.008290678054399732
36.58333333333333,0,0.0010827146742093735,143.11900315327335,0.0010833010213387
36.58730158730159,0,-0.003034129773190987,142.6854196316614,-0.003029531453259489
36.59126984126984,0,-0.002439880375149991,142.33770863559397,-0.002436906286326175
36.595238095238095,0,-7.222184879434563e-05,142.32742911433058,-7.221924085940766e-05
36.59920634920635,0,0.001451798010973126,142.53420985844258,0.001452852379887286
36.6031746031746,0,-0.005657538686165876,141.7300938555906,-0.0056415649523757225
36.607142857142854,0,-0.0013347943247730067,141.54103953305048,-0.0013339038830578645
36.61111111111111,0,-0.004715893567450475,140.87511849570845,-0.004704791200763793
36.61507936507936,0,-0.007515203680787563,139.82038153235277,-0.007487035145867945
36.61904761904762,0,-0.005009690892840669,139.12167625038396,-0.004997163319906318
36.62301587301587,0,-0.007105270378122969,138.13668259223428,-0.00708008762327569
36.62698412698413,0,-0.0025078382807775723,137.79069215701404,-0.0025046962814471918
36.63095238095238,0,0.0028632247178069724,138.18578322001565,0.002867327660647239
36.63492063492063,0,0.0008992926456160672,138.31010857265292,0.0008996971304882999
36.638888888888886,0,0.012576091939706612,140.0604926400115,0.012655503530597731
36.64285714285714,0,-0.013785656251816221,138.1429147375519,-0.013691069239548185
36.64682539682539,0,0.0030954590715020105,138.57119299307016,0.00310025495214101
36.65079365079365,0,0.00017933259006306068,138.59604555238806,0.00017934867111326115
36.654761904761905,0,0.005277129073953496,139.32936799068574,0.005291077644927731
36.65873015873016,0,0.0046521954451660885,139.9790655300174,0.004663033707115826
36.66269841269841,0,-0.0009004614426229825,139.8530765113729,-0.0009000561488777486
36.666666666666664,0,0.0012264897538097155,140.02471010866176,0.001227242199958869
36.67063492063492,0,-0.0045483065768298706,139.38928095748105,-0.00453797869452948
36.67460317460317,0,0.004004709388772551,139.94861375474397,0.004012738952528542
36.67857142857142,0,-0.011696917725948013,138.3211828515793,-0.01162877473025073
36.682539682539684,0,0.005032435480617623,139.01902974183713,0.005045119452214522
36.68650793650794,0,-7.090088419612074e-06,139.01804408811833,-7.090063284994577e-06
36.69047619047619,0,-0.0029293135519715746,138.61141251406406,-0.002925027299309491
36.69444444444444,0,-0.0013259325808783013,138.42774491846333,-0.0013250539206647587
36.698412698412696,0,-0.0008639531262986223,138.30820148287276,-0.0008635800262511211
36.70238095238095,0,0.008311134424937246,139.4624896150249,0.00834576778366241
36.7063492063492,0,0.020507984362362217,142.3521130723684,0.020719718006756992
36.710317460317455,0,0.007823352775377738,143.4701515736176,0.007854035160551436
36.714285714285715,0,-0.003422328823483594,142.97998876614224,-0.0034164793310603996
36.71825396825397,0,0.004106141477668477,143.56829182971185,0.004114583226970048
36.72222222222222,0,0.0043804639457332125,144.19856699681097,0.004390072202340878
36.726190476190474,0,-0.005689075859587771,143.38053952681523,-0.005672923712299419
36.73015873015873,0,-0.007803400143518095,142.26603791057482,-0.007773032657837936
36.73412698412698,0,-0.0002597434936039173,142.22909003156002,-0.00025970976318316483
36.738095238095234,0,0.0052269685288987905,142.97446333340415,0.005240652961209811
36.74206349206349,0,-0.010014548818709269,141.54978425648292,-0.009964570201595817
36.74603174603175,0,-0.004402340821802332,140.92800351251586,-0.004392664723814666
36.75,0,0.0037462555789954275,141.45694599014817,0.003753281565400863
36.75396825396825,0,0.00040172294725314926,141.51378390718418,0.0004018036487225064
36.757936507936506,0,0.009060574099665049,142.8018063321465,0.009101745352291404
36.76190476190476,0,-0.008751890377816776,141.55747365150305,-0.008713704067225386
36.76587301587301,0,0.01495613521392235,143.69053780469307,0.015068537874880102
36.769841269841265,0,-0.009549552834876941,142.32488847052224,-0.009504100652939388
36.77380952380952,0,-0.012643641038383899,140.53671202211072,-0.0125640460191323
36.77777777777778,0,-0.00023222673871458468,140.50407942903516,-0.00023219977617267912
36.78174603174603,0,-0.007007530627196373,139.52293450570338,-0.006983035135484201
36.785714285714285,0,-0.00010524884672520077,139.50825065049779,-0.00010524330825963969
36.78968253968254,0,-0.0003255467936230391,139.4628415786045,-0.00032549380901543233
36.79365079365079,0,-0.0010943727262441433,139.31030073195174,-0.001093774118798637
36.797619047619044,0,-0.005167801808468025,138.5922297302782,-0.005154471693052453
36.8015873015873,0,0.002864366467288601,138.9897777555508,0.002868472684552403
36.80555555555555,0,-0.0018601470335984766,138.73147664625938,-0.0018584180323368592
36.80952380952381,0,0.0070913240764492414,139.71876295304924,0.0071165270539666715
36.81349206349206,0,-0.0009973495006502563,139.57948398103824,-0.0009968523129407407
36.817460317460316,0,-0.00593781869150244,138.7531420742228,-0.0059202246866572016
36.82142857142857,0,-0.010492688266437733,137.30486008172517,-0.010437832043637024
36.82539682539682,0,-0.0009452986203994684,137.1751273146793,-0.0009448519664101566
36.829365079365076,0,-0.007856348393710707,136.1016540350047,-0.00782556794871449
36.83333333333333,0,-0.0083650714566357,134.96790254089268,-0.00833018159955966
36.83730158730159,0,0.003461557620332322,135.43591126469397,0.003467555729848769
36.84126984126984,0,-0.011059379908642813,133.94632619489155,-0.01099844978996154
36.845238095238095,0,0.009034870989367548,135.16199741841697,0.00907580863215783
36.84920634920635,0,0.001145007539872214,135.31684755993723,0.0011456633112692438
36.8531746031746,0,-0.0001372937266225686,135.29827068093448,-0.00013728430227019005
36.857142857142854,0,-0.006379523834579438,134.43787949941088,-0.006359217876129726
36.86111111111111,0,0.0049539817583907466,135.10553471249892,0.0049662730145262415
36.86507936507936,0,0.00012058952728445051,135.12182800744407,0.00012059679849377015
36.86904761904762,0,-0.004183113711226566,134.55777859992384,-0.004174376677979503
36.87301587301587,0,0.0013976661582913307,134.745976941998,0.0013986433488453727
36.87698412698413,0,-0.010461663075323408,133.34365801442036,-0.01040713021199404
36.88095238095238,0,-0.010162703735672135,131.99538855865364,-0.010111237953445318
36.88492063492063,0,-0.006917620167829301,131.08544554542763,-0.0068937485101733375
36.888888888888886,0,0.0023407037139632336,131.3926371166324,0.0023434452995640693
36.89285714285714,0,0.00011836339081640569,131.4081901151244,0.00011837039603893305
36.89682539682539,0,0.006746837143945327,132.297777348823,0.006769648321913411
36.90079365079365,0,-0.005656502438589995,131.55154716475585,-0.005640534550323971
36.904761904761905,0,0.0037589560136035726,132.0469742049408,0.0037660297492696617
36.90873015873016,0,-0.0005784281665669784,131.97061660157394,-0.0005782609092453758
36.91269841269841,0,-0.005801737445346764,131.2071745202702,-0.005784939867399782
36.916666666666664,0,0.00256609906734591,131.5442974889111,0.002569394317600982
36.92063492063492,0,-0.00027694673134476326,131.50787176991915,-0.00027690838513879583
36.92460317460317,0,-0.0038241895223637004,131.00592113349867,-0.003816886621803421
36.92857142857142,0,0.0004034582695436422,131.05878721965186,0.00040353966977810495
36.932539682539684,0,-0.0006770758454362476,130.97008051446582,-0.0006768466813094273
36.93650793650794,0,-0.0008292549415281752,130.86151794725077,-0.0008289112046708789
36.94047619047619,0,-0.0024602036523319847,130.5399676646218,-0.0024571798315731076
36.94444444444444,0,-0.008081514224562693,129.48925843840004,-0.008048946579496149
36.948412698412696,0,0.0006098667391892407,129.56825371605171,0.000610052745720169
36.95238095238095,0,-0.004917736365120217,128.93263538566515,-0.004905664097159456
36.9563492063492,0,-0.006288578823697639,128.12437640886884,-0.006268847095063326
36.960317460317455,0,-0.001377377606605195,127.94802224296372,-0.001376429457439378
36.964285714285715,0,0.004762821487935916,128.55886935579073,0.004774181750672731
36.96825396825397,0,0.001308144082519153,128.72715292557405,0.0013090000762031326
36.97222222222222,0,-0.003206992525691666,128.31498716779384,-0.0032018556179705445
36.976190476190474,0,-0.003460252972243181,127.87175214696293,-0.003454273196094992
36.98015873015873,0,0.004144135965146478,128.4027696182938,0.004152734770698528
36.98412698412698,0,-0.014959127311802626,126.496271566089,-0.014847795400926725
36.988095238095234,0,0.005161816187868719,127.15091017691898,0.005175161312861062
36.99206349206349,0,-0.011666300857486515,125.67614863693348,-0.011598513435204835
36.99603174603175,0,-0.00877734284715091,124.57787301455711,-0.00873893443018508
37.0,0,-0.0031006813427787317,124.19219496933698,-0.003095879194976241
37.00396825396825,0,0.013809386023013185,125.91910930069274,0.013905176019975993
37.007936507936506,0,0.010705637629276682,127.27439531176402,0.010763148013021804
37.01190476190476,0,0.004589343427344489,127.85984360543408,0.004599890592573431
37.01587301587301,0,0.0023848947575204936,128.16513978106704,0.002387740881141415
37.019841269841265,0,-0.011592353324645387,126.68798260277407,-0.011525420881343158
37.02380952380952,0,0.0011263724959405213,126.83076085759829,0.0011270070916816904
37.02777777777778,0,-0.003320881474908562,126.41026952080345,-0.003315373446879739
37.03174603174603,0,-0.0050056443495362585,125.77908572818204,-0.004993136989693326
37.035714285714285,0,0.0011140566942634236,125.91928884324447,0.0011146774859334084
37.03968253968254,0,-0.0028288252186093373,125.56358852766714,-0.0028248278627127235
37.04365079365079,0,0.005614961301876841,126.27060629933055,0.005630754743104773
37.047619047619044,0,-0.012056479836284826,124.75736777559673,-0.011984091690718736
37.0515873015873,0,0.0006114164341667502,124.83366980431835,0.0006116033872948651
37.05555555555555,0,-0.005398903091267115,124.16152098434591,-0.005384355206620557
37.05952380952381,0,-0.002441574281141413,123.8587411880978,-0.002438596062996276
37.06349206349206,0,0.0020578549572748774,124.11388694909782,0.0020599737939577135
37.067460317460316,0,-0.006899489069119112,123.26051185409824,-0.006875742239461627
37.07142857142857,0,0.0011734541219957852,123.4052373075455,0.0011741428886696832
37.07539682539682,0,-0.001198716074971858,123.25739809217394,-0.0011979979018482126
37.079365079365076,0,-0.004022417217334448,122.76260121879976,-0.0040143381333116075
37.08333333333333,0,-0.0028254391392404316,122.41623251275539,-0.0028214513427185853
37.08730158730159,0,-0.000834696512861877,122.3140947433094,-0.000834348250632081
37.09126984126984,0,-0.004698026491581068,121.7408075994457,-0.0046870080268895335
37.095238095238095,0,0.00018357988268425014,121.76315881417668,0.0001835967345021158
37.09920634920635,0,-0.0016134591146362027,121.56685734054716,-0.001612158189236279
37.1031746031746,0,-0.0037118291441487323,121.11645835566802,-0.003704948821843879
37.107142857142854,0,0.01015395359063812,122.3525341608353,0.010205679904686694
37.11111111111111,0,0.0027546545306121454,122.69003776288831,0.002758452077579711
37.11507936507936,0,-0.0022719715664031074,122.41160590001668,-0.0022693925924920305
37.11904761904762,0,0.001057723236714887,122.54115199990302,0.0010582828232161205
37.12301587301587,0,-0.006329469975625472,121.76798092035027,-0.00630948107582138
37.12698412698413,0,-0.0026125136141354555,121.45027559787101,-0.0026091039703367023
37.13095238095238,0,-0.0018774095257282663,121.22247759554043,-0.0018756482948209287
37.13492063492063,0,-0.007715174496281157,120.29082358594978,-0.007685488929693975
37.138888888888886,0,0.0025789900325255736,120.60145280363926,0.0025823184880556633
37.14285714285714,0,-0.0030461717559415757,120.23463903689485,-0.0030415368821598465
37.14682539682539,0,-0.0021003406383461815,119.98237035620859,-0.0020981364663883438
37.15079365079365,0,-0.00344370947516846,119.56989655815475,-0.0034377867084070812
37.154761904761905,0,0.018779407483538593,121.8365651000946,0.01895684956821377
37.15873015873016,0,-0.00403519421183529,121.3459214847051,-0.004027063755338422
37.16269841269841,0,-0.012892551022807617,119.79150473014082,-0.012809798100714876
37.166666666666664,0,-0.009939735182012287,118.60670693886793,-0.009890499279910774
37.17063492063492,0,0.004922045816248958,119.19193365940032,0.004934178982256108
37.17460317460317,0,0.00855774951078518,120.21632536338925,0.008594471727560522
37.17857142857142,0,-0.0041560297133846425,119.71773952957032,-0.0041474053737027925
37.182539682539684,0,0.00819551452037378,120.70291951642703,0.008229189681728666
37.18650793650794,0,0.004810466780212224,121.28495571153809,0.0048220556507078535
37.19047619047619,0,-0.001054723742009052,121.15710102673896,-0.0010541677164247155
37.19444444444444,0,-0.0015017684843201462,120.97528766572367,-0.0015006413943099185
37.198412698412696,0,0.0012782642190597555,121.13002492381791,0.0012790815469831997
37.20238095238095,0,0.005666341012375209,121.81833721629988,0.005682425087544031
37.2063492063492,0,0.002641609407464763,122.1405590866795,0.0026451015318614333
37.210317460317455,0,-0.004124602663071346,121.63781533325107,-0.0041161081723200595
37.214285714285715,0,-0.0009585123565076644,121.52127984351125,-0.0009580531302752673
37.21825396825397,0,0.012619675514829107,123.06455630606764,0.01269963963960679
37.22222222222222,0,0.0017213870640172563,123.27658047680893,0.001722869501223382
37.226190476190474,0,0.005615124336309042,123.97074087854016,0.0056309186955572415
37.23015873015873,0,0.0035398446337430466,124.41035566535292,0.003546117282975976
37.23412698412698,0,0.0018608808164402714,124.6420840521613,0.0018626133296469596
37.238095238095234,0,0.0008236275965701926,124.7447850001424,0.0008239668709179537
37.24206349206349,0,0.0057919184686285015,125.46939303391657,0.005808724058270928
37.24603174603175,0,0.0046659094514118135,126.056189766365,0.004676811756710848
37.25,0,0.0018012615446756735,126.28345455367283,0.0018028847907357577
37.25396825396825,0,-0.004231404233815413,125.75022715535879,-0.004222464456635762
37.257936507936506,0,0.0025676810681088107,126.07352852270931,0.0025709803844022323
37.26190476190476,0,-0.00028322143435436005,126.03782685310472,-0.00028318133095005845
37.26587301587301,0,-0.0018029408291697893,125.81079283500151,-0.00180131650768487
37.269841269841265,0,0.017013591383686036,127.96959870224826,0.017159146831527798
37.27380952380952,0,-0.009556223051976964,126.75251728603774,-0.009510707453590292
37.27777777777778,0,0.006176952349659376,127.53788463674178,0.006196069060559202
37.28174603174603,0,-0.00529542725819897,126.86430207373992,-0.005281431199211083
37.285714285714285,0,0.0009653427887366287,126.98682874349839,0.0009658088820543867
37.28968253968254,0,0.016319469356072227,129.07618865579434,0.016453359241817272
37.29365079365079,0,-0.00592346594392939,128.31387026062825,-0.005905956808183271
37.297619047619044,0,-0.004421080219570728,127.74783650920547,-0.004411321630881392
37.3015873015873,0,2.8562715006776553e-05,127.75148538636306,2.8563122925004574e-05
37.30555555555555,0,-0.005198076293038085,127.08914635455135,-0.005184589672743319
37.30952380952381,0,0.005707920435449078,127.81663533962139,0.0057242416519229875
37.31349206349206,0,-0.003228330054604157,127.40466639793303,-0.003223124600281644
37.317460317460316,0,0.004258762371922197,127.94840961194085,0.004267843787679771
37.32142857142857,0,-0.00823421560661787,126.89918053821842,-0.008200407311858659
37.32539682539682,0,-0.011243079719914315,125.48043342340618,-0.01118011250186854
37.329365079365076,0,-0.0013035808927280834,125.31696609757415,-0.0013027316002367146
37.33333333333333,0,-0.009741781751356477,124.1020827363102,-0.00969448430724025
37.33730158730159,0,0.009703084047216986,125.31211671252704,0.009750311594591728
37.34126984126984,0,-0.009497967279321416,124.12754076525528,-0.009453004053784204
37.345238095238095,0,-0.006397922812013543,123.33591741346336,-0.006377499682273844
37.34920634920635,0,0.0027444492562146887,123.67487148865294,0.002748218704639169
37.3531746031746,0,-0.0035548568007243613,123.2360055456164,-0.003548545777763318
37.357142857142854,0,-0.0094260562586871,122.0798336554168,-0.00938177024710228
37.36111111111111,0,0.012989455200877374,123.67592794141306,0.013074184639712345
37.36507936507936,0,-0.006170810987101719,122.9150970525357,-0.006151810635597692
37.36904761904762,0,-0.001097419090850771,122.78028166649585,-0.0010968171467354128
37.37301587301587,0,-0.0011789001214335762,122.63562126436652,-0.0011782054916786003
37.37698412698413,0,0.004613415960500201,123.20269747025779,0.0046240741478264956
37.38095238095238,0,0.0030514356245898264,123.5792167403654,0.0030560959933414473
37.38492063492063,0,-0.005069468086269141,122.95432112744929,-0.00505664001924363
37.388888888888886,0,-0.0019136296533281503,122.71925707703696,-0.001911799831489654
37.39285714285714,0,-0.0012905880779045076,122.56097922464787,-0.001289755627266561
37.39682539682539,0,0.004856890256253469,123.15769236254616,0.004868704066116488
37.40079365079365,0,-0.007220847392022153,122.27159250690596,-0.007194839710309714
37.404761904761905,0,0.012851790439864844,123.85314249660988,0.01293472962343694
37.40873015873016,0,-0.004643516927085591,123.27936154473564,-0.004632752470450447
37.41269841269841,0,8.377286998464869e-05,123.28968944325496,8.377637902950832e-05
37.416666666666664,0,-0.007168357732276527,122.40906493131928,-0.007142726337557769
37.42063492063492,0,-0.008038744223059861,121.42899431404848,-0.00800651992416303
37.42460317460317,0,-0.0053694923247997964,120.77872961905413,-0.005355102367994703
37.42857142857142,0,-0.005974832719572607,120.05924844370443,-0.005957018902409367
37.432539682539684,0,-0.002470685074861965,119.7629859867965,-0.0024676354445680965
37.43650793650794,0,-0.006028011130963616,119.04322491754948,-0.006009879123474771
37.44047619047619,0,0.004520457294968189,119.58257286327913,0.00453068997503367
37.44444444444444,0,-0.0047934460339231376,119.01073189301484,-0.004781975806107653
37.448412698412696,0,-0.005491619476945037,118.35896151523667,-0.005476568099455389
37.45238095238095,0,-0.002336582271696413,118.08272890984509,-0.002333854588239418
37.4563492063492,0,0.00639318594838084,118.84007209138991,0.006413665982626474
37.460317460317455,0,0.001492481550903785,119.01757113056665,0.0014935958557845501
37.464285714285715,0,-0.0004890961215853638,118.95937433120075,-0.0004889765335747609
37.46825396825397,0,-0.008888444632441796,117.90669578694099,-0.008849059186617433
37.47222222222222,0,-0.0070594977917039885,117.07726485597772,-0.007034638070615447
37.476190476190474,0,-0.007914336765725014,116.15433296862932,-0.00788310086064729
37.48015873015873,0,0.00837127778983526,117.13077448572247,0.00840641491486058
37.48412698412698,0,0.0034811224094319377,117.53923158171322,0.003487188553000326
37.488095238095234,0,-0.005288810137602365,116.91922988299072,-0.005274849004704082
37.49206349206349,0,-0.0034163182934430305,116.52047809842124,-0.0034104893178699297
37.49603174603175,0,-0.005059950553465048,115.93237937078027,-0.005047170568113965
37.5,0,-0.005441512241255237,115.30324518236094,-0.0054267340309408375
37.50396825396825,0,0.003038512833709348,115.65412838420932,0.003043133792925619
37.507936507936506,0,-0.0016724190471079068,115.46086786835232,-0.0016710213336694497
37.51190476190476,0,0.013249013384175438,117.00078914494254,0.01333717046320843
37.51587301587301,0,0.00801541542464684,117.94236760508913,0.008047624866701747
37.519841269841265,0,0.00838783966889636,118.93580986740584,0.008423116158250442
37.52380952380952,0,0.004368040309511181,119.4564625673135,0.004377594102970659
37.52777777777778,0,-0.002523612991891437,119.15538075319172,-0.0025204313575923226
37.53174603174603,0,0.00390461749957129,119.6215464451432,0.003912250449830584
37.535714285714285,0,-0.0020585505370429935,119.37555272858444,-0.002056433175034318
37.53968253968254,0,0.010408662695107386,120.62458167482094,0.01046302126094689
37.54365079365079,0,0.002685609621604868,120.94896760398578,0.0026892191016195032
37.547619047619044,0,0.0017916038001872306,121.16585446362028,0.001793209681166607
37.5515873015873,0,0.000939371420373036,121.2797276806777,0.0009398127678913391
37.55555555555555,0,0.011101536940773846,122.6336202972262,0.011163387669481406
37.55952380952381,0,-0.00889288926703485,121.54788789579908,-0.008853464480585941
37.56349206349206,0,0.011719013722623677,122.98068836840534,0.011787950390669188
37.567460317460316,0,-0.0010337698733288495,122.85362032864084,-0.0010332357173339956
37.57142857142857,0,-0.008719017054721565,121.78711371884361,-0.008681116656914033
37.57539682539682,0,-0.00459958702465911,121.22822959421744,-0.004589025123925959
37.579365079365076,0,-0.010260219396029844,119.9907605693288,-0.010207762903333358
37.58333333333333,0,0.004256539345125605,120.50259451060917,0.004265611275833543
37.58730158730158,0,-0.006401741907893077,119.73363197731092,-0.006381294414624393
37.59126984126984,0,0.0012013953150681513,119.87756584524956,0.001202117279512304
37.595238095238095,0,0.007283784590300979,120.75391591017427,0.007310375871795236
37.59920634920635,0,-0.004094419848757435,120.26050947590527,-0.004086049140103998
37.6031746031746,0,-0.001550005628540979,120.0742493987015,-0.00154880499022889
37.607142857142854,0,-0.008071549008689944,119.10896512035406,-0.008039061523860337
37.61111111111111,0,-0.002307530944846552,118.83443436345466,-0.00230487064195301
37.61507936507936,0,0.016353713606218068,120.79379642449084,0.016488167520901036
37.61904761904762,0,0.005039407195712286,121.40406194811976,0.005052126364869695
37.62301587301587,0,-0.0015287559988883335,121.21860655426894,-0.0015275880466833931
37.62698412698413,0,-0.0037143835484689624,120.76918932699716,-0.0037074937589764317
37.63095238095238,0,-0.0001296762598090732,120.75352944560451,-0.00012966785220632025
37.63492063492063,0,0.0009581316225109317,120.86928266525095,0.000958590777245807
37.638888888888886,0,-0.002501002128035737,120.56736603653074,-0.0024978772278836893
37.64285714285714,0,0.0034779479654443836,120.98742310683124,0.003484003044184149
37.64682539682539,0,-0.00586726574648866,120.27963616098353,-0.005850086956747602
37.65079365079365,0,-0.005898385986343902,119.57226865473355,-0.005881024659096721
37.654761904761905,0,0.0024709010694620656,119.86808521745581,0.002473956261350343
37.65873015873016,0,-0.007222862186486892,119.00541378624393,-0.007196840006636136
37.66269841269841,0,0.004731265918769295,119.56979410853357,0.004742476029732328
37.666666666666664,0,4.892948657462235e-05,119.57564474030225,4.893068364147445e-05
37.67063492063492,0,-0.01137585685379711,118.22307721610177,-0.011311396456510364
37.67460317460317,0,0.0008286685436824632,118.32108556393712,0.0008290119843197071
37.67857142857142,0,-0.010476537042878736,117.08796104416297,-0.010421849274766547
37.682539682539684,0,0.004506658998624235,117.61682737242705,0.0045168292585141545
37.68650793650794,0,-0.0014278641175285275,117.44900636631358,-0.0014268452045735794
37.69047619047619,0,0.011799623395350529,118.84306894158033,0.011869513573565726
37.69444444444444,0,0.0068875254664107,119.6644289273606,0.0069112990189106995
37.698412698412696,0,-0.006542845846823579,118.88403878570324,-0.0065214880366087705
37.70238095238095,0,-0.012590575739870427,117.39660377199574,-0.012511646045173536
37.7063492063492,0,-0.004617801920973725,116.85573927326239,-0.0046071562664948135
37.710317460317455,0,-0.007554317181557218,115.9762999185158,-0.007525855043286666
37.714285714285715,0,0.01163995778654515,117.33414646099662,0.011707965708811685
37.71825396825397,0,7.391264290401951e-05,117.34281925837516,7.391537451070972e-05
37.72222222222222,0,0.00601887466255545,118.05122073128537,0.006037024484219624
37.726190476190474,0,-0.0016566370886698,117.85581460386827,-0.0016552656228929208
37.73015873015873,0,-0.00099290990319254,117.73885247443675,-0.0009924171312608151
37.73412698412698,0,-6.664203391843973e-05,117.73100637927936,-6.663981338742451e-05
37.738095238095234,0,0.0071094313958186125,118.57098925460046,0.00713476339966938
37.74206349206349,0,0.0021019403314752037,118.82048051507148,0.002104150956649809
37.74603174603175,0,-0.006521688260185753,118.0480917591956,-0.006500468206555432
37.75,0,0.010359767241419777,119.27739918795385,0.010413615420958108
37.75396825396825,0,-0.0017056753738327072,119.07412407546373,-0.0017042215363013604
37.757936507936506,0,-0.0027306181705467007,118.74942162957663,-0.0027268934238084065
37.76190476190476,0,-0.01768531911846729,116.66776187795855,-0.01752985170834332
37.76587301587301,0,0.004135230674731622,117.1512088791459,0.004143792538791169
37.769841269841265,0,0.0007752087075068004,117.24206072638577,0.0007755092594353709
37.77380952380952,0,0.0007683613578495377,117.33217961286384,0.0007686566230562719
37.77777777777778,0,-0.002398668019969705,117.0510759378909,-0.0023957935146220466
37.78174603174603,0,-0.0034846429079659976,116.64390457167538,-0.0034785785859119344
37.785714285714285,0,-0.002189248965469256,116.38882134648745,-0.0021868543077722437
37.78968253968254,0,0.0030565281317908354,116.74511128088024,0.003061204076739774
37.79365079365079,0,0.00416495242681191,117.23236310139824,0.004173637895171911
37.797619047619044,0,-0.001316473320252608,117.0781313663621,-0.0013156071493897786
37.8015873015873,0,0.006116633221524396,117.79644996033086,0.00613537802137431
37.80555555555555,0,-0.0003586016896045489,117.75421552746779,-0.0003585373997037073
37.80952380952381,0,-0.0030374389845017396,117.39708693536267,-0.0030328306337516447
37.81349206349206,0,0.0013887895256669692,117.56024004648499,0.0013897543404301205
37.817460317460316,0,-0.008424440632476656,116.57402078902297,-0.008389054471750201
37.82142857142857,0,0.0016048764397344996,116.76125789449424,0.0016061649431319592
37.82539682539682,0,-0.009575945224436704,115.64849486669435,-0.009530241861606304
37.829365079365076,0,-0.0063351824249050885,114.91815641087086,-0.006315157466297308
37.83333333333333,0,-0.012577671672909522,113.48180548106276,-0.012498903347114851
37.83730158730158,0,-0.0009642442233022034,113.37243404453979,-0.0009637794892255023
37.84126984126984,0,0.010278628122741357,114.54375661549287,0.010331634676669824
37.845238095238095,0,-0.0005986247528998534,114.47520840686691,-0.0005984456128501337
37.84920634920635,0,0.004193095701786981,114.9562216737634,0.004201899027664459
37.8531746031746,0,0.014957073598054866,116.68855335264323,0.015069490399536378
37.857142857142854,0,0.0026842014839056957,117.0021896839493,0.002687807178123624
37.86111111111111,0,-0.004681493897328197,116.45572478106808,-0.004670552785015088
37.86507936507936,0,-0.0038144217146142416,116.01235966401016,-0.003807156049145581
37.86904761904762,0,0.00014303521095787057,116.02895470315764,0.00014304544098140283
37.87301587301587,0,-0.003847972628884563,115.58333637471897,-0.0038405786691668195
37.87698412698413,0,-0.0033767287574075194,115.19370101559448,-0.003371034020520862
37.88095238095238,0,0.006345405132114624,115.92697571935072,0.006365579864970473
37.88492063492063,0,0.006603065853675186,116.69498198175502,0.006624914155127612
37.888888888888886,0,-0.010235558595784136,115.50663572462445,-0.010183353533713508
37.89285714285714,0,-0.005015094622200612,114.92880915551731,-0.005002540031420952
37.89682539682539,0,-0.0027840640040059446,114.60928498917544,-0.0027801920918673053
37.90079365079365,0,0.003912794519272269,115.05860604857092,0.003920459493643278
37.904761904761905,0,0.0073395882625431,115.90619551695072,0.007366589058293004
37.90873015873016,0,0.017159686994983204,117.91227215169503,0.017307760174484918
37.91269841269841,0,-0.0027945771448435425,117.58321720970409,-0.0027906759490446556
37.916666666666664,0,-0.0024799558516292535,117.29197730245244,-0.0024768833015705602
37.92063492063492,0,0.0038465314853812437,117.7440134143444,0.0038539388821650627
37.92460317460317,0,-0.004158672488742069,117.25537138037289,-0.004150037184921855
37.92857142857142,0,-0.0007490873726554941,117.16756975194717,-0.0007488068767525763
37.932539682539684,0,-0.0024756054455297646,116.87786782002603,-0.002472543661479703
37.93650793650794,0,-0.016375978494529226,114.9794648976267,-0.016242621103616458
37.94047619047619,0,0.0009151852704131184,115.08474057632831,0.0009156041802363288
37.94444444444444,0,-0.0010098771757833822,114.96857778848579,-0.001009367421439164
37.948412698412696,0,0.008146891788610814,115.90904007136498,0.008180168016076485
37.95238095238095,0,0.0001734752054069596,115.92914916006357,0.00017349025310052643
37.9563492063492,0,-0.007765277267788993,115.03241338045682,-0.00773520539142938
37.960317460317455,0,-0.0014869811862774614,114.86148945777103,-0.0014858761775302252
37.964285714285715,0,-0.013033694858190649,113.37413377884563,-0.012949124079330696
37.96825396825397,0,-0.007489176468422898,112.52822641254309,-0.0074612024639821115
37.97222222222222,0,0.004142200194674998,112.99530755786,0.004150790963367086
37.976190476190474,0,-0.0014192094284603903,112.83505729324271,-0.0014182028270085447
37.98015873015873,0,0.005950144565364829,113.5084435823377,0.00596788183786708
37.98412698412698,0,-0.012251367662262013,112.12629380765364,-0.012176625201291967
37.988095238095234,0,-0.0013884743488536638,111.97071735681943,-0.0013875108643210626
37.99206349206349,0,-0.002856558292151783,111.6513228773363,-0.0028524822116244896
37.99603174603175,0,0.0061601689856225095,112.34123670489278,0.006179181847352213
38.0,0,0.0043768959743943295,112.83402025605893,0.004386488573743347
38.00396825396825,0,0.0041846971463416665,113.30718579538201,0.004193465217753144
38.007936507936506,0,0.009848859434482061,114.42864582718121,0.009897519066657898
38.01190476190476,0,-0.002179841949160892,114.17948113331062,-0.0021774678190886595
38.01587301587301,0,0.00854910762787481,115.1597982539856,0.008585755609893695
38.019841269841265,0,-0.006438991569948663,114.4206674660205,-0.006418305686286596
38.02380952380952,0,-0.006670000929070942,113.66002108378079,-0.0066478058473624585
38.02777777777778,0,0.004880746575653426,114.21612283439187,0.00489267682082542
38.03174603174603,0,-0.009340086781247748,113.15430080941972,-0.009296603654737261
38.035714285714285,0,0.003746973203941727,113.57908226784713,0.0037540018840541037
38.03968253968254,0,0.0007771020201182684,113.66737910550273,0.0007774040421220075
38.04365079365079,0,0.006890926417714576,114.45335760083057,0.006914723481029196
38.047619047619044,0,-0.00023557289257367393,114.42639866783729,-0.00023554514745852462
38.0515873015873,0,0.0004919640630440788,114.48270619334934,0.0004920850972110819
38.05555555555555,0,0.003346956800104054,114.86651680581615,0.0033525641140822685
38.05952380952381,0,-0.0040354109107468734,114.40391722807851,-0.004027279581566287
38.06349206349206,0,-0.004309792691883341,113.91192102404906,-0.004300518862903443
38.067460317460316,0,0.0031275134423969044,114.26873977517428,0.003132409215097591
38.07142857142857,0,-4.560696683871468e-05,114.2635284433861,-4.560592685681277e-05
38.07539682539682,0,-0.002426947612831716,113.98655308409067,-0.0024240049565129565
38.079365079365076,0,-0.00038260192137398177,113.9429499517229,-0.00038252873859245074
38.08333333333333,0,0.010183669623255008,115.10923576530776,0.010235699655652247
38.08730158730158,0,-0.002651864755058294,114.80438602878766,-0.00264835166781562
38.09126984126984,0,-0.002834555184180382,114.47942743531479,-0.0028305416257475226
38.095238095238095,0,-0.010616998720564588,113.27042882562151,-0.010560837320543118
38.09920634920635,0,-0.0001279095436268838,113.2559413833249,-0.00012790136354998206
38.1031746031746,0,0.004276866058129315,113.7413591684118,0.004286024902163702
38.107142857142854,0,0.0054064418909660255,114.3579605251402,0.005421083071598372
38.11111111111111,0,0.0008205957017323346,114.45184068956765,0.0008209324824991688
38.11507936507936,0,0.0061600744344562685,115.15904853752983,0.00617908671194162
38.11904761904762,0,0.0047452074471387405,115.70680068322547,0.004756483773110333
38.12301587301587,0,0.00714981633974113,116.53704757693284,0.007175437301912796
38.12698412698413,0,0.006339412796541549,117.27817068825188,0.006359549402775025
38.13095238095238,0,0.010028821914349796,118.46025010097452,0.01007927908310251
38.13492063492063,0,-0.0009300775823524372,118.35012409875735,-0.0009296451942597197
38.138888888888886,0,-0.008220791005008183,117.38118066074814,-0.008187092708078745
38.14285714285714,0,0.004319923975278993,117.88935528491724,0.004329268297597106
38.14682539682539,0,0.005055911803189801,118.48690276857315,0.005068714492599681
38.15079365079365,0,0.010028930246992503,119.68117829464765,0.010079388507666083
38.154761904761905,0,0.008210259459580356,120.66783663896527,0.00824405606943854
38.15873015873016,0,0.012394213414469182,122.1727262554566,0.012471339989246346
38.16269841269841,0,0.004043601939168722,122.66774428169069,0.004051788327936629
38.166666666666664,0,0.0015802601355724378,122.86174447291206,0.001581509404590486
38.17063492063492,0,-0.00858568470408712,121.81140765508349,-0.00854893296798443
38.17460317460317,0,0.0020797146272819485,122.06500423420616,0.002081878733728649
38.17857142857142,0,-0.0033415551130393894,121.65779802508419,-0.0033359783311899625
38.182539682539684,0,0.001471276734941863,121.83692205113707,0.0014723595935536968
38.18650793650794,0,0.0004822896844819387,121.89569691394718,0.000482406004851104
38.19047619047619,0,0.003110531177397101,122.27544758655517,0.0031153738993439416
38.19444444444444,0,-0.0004742369500834001,122.2174737989643,-0.00047412451751491637
38.198412698412696,0,0.006028962449609364,122.95654403386501,0.006047173222680045
38.20238095238095,0,-0.017015370857588204,120.88209167573231,-0.016871427010515857
38.2063492063492,0,0.001335735914050117,121.04366611331538,0.0013366284066000395
38.210317460317455,0,0.007713862483495225,121.98099085745,0.007743690968985844
38.214285714285715,0,0.011919087205561299,123.44359204516742,0.011990402581880343
38.21825396825397,0,0.004749811914319538,124.031320584455,0.004761110152015556
38.22222222222222,0,0.010752654284098943,125.37218248821486,0.010810671832255743
38.226190476190474,0,0.0012030856323762575,125.52310672885466,0.0012038096302103586
38.23015873015873,0,0.00015692142225091037,125.54280553883012,0.00015693373506133048
38.23412698412698,0,0.0034738939654791923,125.97968633282356,0.003479934928316814
38.238095238095234,0,0.00011876679806282559,125.99464942533199,0.0001187738511182068
38.24206349206349,0,-0.004789499912844696,125.39264087364792,-0.004778048547536023
38.24603174603175,0,-0.003106819566885427,125.00367310264949,-0.0031019983971020937
38.25,0,-0.006867015895290368,124.1482114884051,-0.006843491819171908
38.25396825396825,0,0.0034673517257370334,124.57942415472584,0.0034733699434809427
38.257936507936506,0,0.0002106505623616025,124.60566964469925,0.00021067275074928554
38.26190476190476,0,-0.002130700315328032,124.3404549519474,-0.0021284319847414083
38.26587301587301,0,-0.003430883236376036,123.91458833650343,-0.0034250044815141247
38.269841269841265,0,0.0033204448177440167,124.32672374697071,0.0033259636012192995
38.27380952380952,0,0.005055250310477146,124.9568177553928,0.005068049647189221
38.27777777777778,0,-0.006982679893088391,124.0873235293564,-0.006958357628299824
38.28174603174603,0,-0.007972762071341148,123.10193816397825,-0.007941063900415794
38.285714285714285,0,0.006151736428194853,123.86156295150853,0.00617069721939238
38.28968253968254,0,-0.008523636274491346,122.81029870229358,-0.008487413077667486
38.29365079365079,0,0.0035877317659756508,123.25170045420998,0.0035941753792688444
38.297619047619044,0,0.010324459442402763,124.5307992766635,0.010377940569904712
38.3015873015873,0,0.010339109374600319,125.82501582512778,0.010392742646652414
38.30555555555555,0,0.004787049303325752,126.42879037574572,0.004798525528953752
38.30952380952381,0,0.004603969137599741,127.01220660937359,0.004614583686943905
38.31349206349206,0,0.014324572433539818,128.8446956393716,0.014427660765187957
38.317460317460316,0,-0.014566421553122275,126.98149253326483,-0.01446084448305003
38.32142857142857,0,-0.002786150929597786,126.62819532801306,-0.0027822732132335463
38.32539682539682,0,0.005483885132036597,127.32451733558135,0.005498949153974099
38.329365079365076,0,-0.0019858195473085177,127.07192470490428,-0.0019838491121966172
38.33333333333333,0,0.007948758139904371,128.08601373556823,0.007980433388562662
38.33730158730158,0,-0.00010901838887636628,128.07205076583713,-0.00010901244658775121
38.34126984126984,0,0.0009687972013005772,128.19618673176296,0.0009692666368929242
38.345238095238095,0,-0.001591398856456149,127.99233771236571,-0.0015901332527451075
38.34920634920635,0,-0.0031526207642350234,127.58946180199338,-0.0031476564736056586
38.3531746031746,0,-0.003307579926097778,127.16814661029274,-0.00330211590949799
38.357142857142854,0,0.0018470759969184862,127.4032529042229,0.0018487828925478837
38.36111111111111,0,-0.004740411763088611,126.80073823759034,-0.004729193744256442
38.36507936507936,0,0.006143515246532328,127.5821383202024,0.006162425341309383
38.36904761904762,0,0.0042538254280300785,128.126006404185,0.004262885785921031
38.37301587301587,0,0.007064561484369654,129.0343652547856,0.007089574365840024
38.37698412698413,0,-0.006972666099114028,128.1377811339181,-0.006948413464095828
38.38095238095238,0,-0.010566807067739105,126.79090255800683,-0.010511174487278558
38.38492063492063,0,0.00011252110686380703,126.80517001338283,0.00011252743760099692
38.388888888888886,0,0.01839961632660304,129.15993342897235,0.018569932245988366
38.39285714285714,0,0.008115254447758421,130.21236374726473,0.008148272381009538
38.39682539682539,0,-0.0033537945578886318,129.77638972266544,-0.0033481768708645727
38.40079365079365,0,0.002813063975161623,130.1419729728747,0.002817024352353222
38.404761904761905,0,0.004722255589561643,130.75798998231653,0.004733423010039795
38.40873015873016,0,-0.00848114678245477,129.65370171102344,-0.008445283316471546
38.41269841269841,0,0.008766720885713378,130.7953364103821,0.008805261124770408
38.416666666666664,0,-0.0009157839754928926,130.67561096691702,-0.0009153647733239826
38.42063492063492,0,-0.00043234673851513724,130.61912600413658,-0.000432253290131838
38.42460317460317,0,0.00028871816003257544,130.65684356247152,0.00028875984313200115
38.42857142857142,0,0.00734881406541249,131.6205531363253,0.007375882866732222
38.432539682539684,0,-0.004618311551953879,131.0140899112877,-0.00460766354939614
38.43650793650794,0,-0.010614011416126338,129.63085866729662,-0.010557881560126192
38.44047619047619,0,0.0021733160069973213,129.91289385221862,0.002175679370031903
38.44444444444444,0,-0.012734946970302322,128.26895002467165,-0.012654200663230747
38.448412698412696,0,-0.0017578854720542466,128.04366597070407,-0.0017563412963483634
38.45238095238095,0,0.007615494147133707,129.02250419717353,0.007644565774096596
38.4563492063492,0,0.0037868375899311646,129.51201773517352,0.003794016718601758
38.460317460317455,0,0.0067051149067193115,130.38332855105423,0.0067276445160666404
38.464285714285715,0,0.004046735169379588,130.91202437670205,0.0040549342582615515
38.46825396825397,0,0.01532256896937199,132.9333795281466,0.015440561408079817
38.47222222222222,0,-0.0035666724589519805,132.46009423304955,-0.003560319438029912
38.476190476190474,0,0.002646882713701069,132.81116498331383,0.0026503888004688237
38.48015873015873,0,-0.002621010661385173,132.46352129186963,-0.002617578811901089
38.48412698412698,0,0.0061661703515211155,133.28283735474744,0.006185220314901548
38.488095238095234,0,-0.0002489963707283477,133.249654543337,-0.0002489653737047986
38.49206349206349,0,0.010966593872950178,134.71899147317853,0.011026947385920575
38.49603174603175,0,-0.0032049373252510697,134.28791670178472,-0.003199806995879861
38.5,0,0.009002952818054303,135.5023630787196,0.009043601291632298
38.50396825396825,0,0.003875316723605429,136.02849646073446,0.0038828354728337
38.507936507936506,0,-6.559662562405668e-05,136.01957374303123,-6.559447421245208e-05
38.51190476190476,0,0.0035559544283408806,136.50411413983184,0.003562284335018453
38.51587301587301,0,0.0017846998313647167,136.74795053198048,0.0017862933559554366
38.519841269841265,0,0.0023811926078312787,137.0739617346137,0.00238402989854735
38.52380952380952,0,-0.0011642763798273576,136.91446262721578,-0.001163598873043603
38.52777777777778,0,-0.0042807032865669874,136.32962508812386,-0.004271554135842062
38.53174603174603,0,-0.001971860765731935,136.06106691588536,-0.001969917925505503
38.535714285714285,0,-0.010463927854249901,134.64475673475596,-0.010409371418533422
38.53968253968254,0,0.005442664852333747,135.37958090668445,0.005457503060264706
38.54365079365079,0,-0.007641912774832595,134.34896491222844,-0.007612787597314713
38.547619047619044,0,-0.0012321586866806344,134.18352761149967,-0.001231399890850342
38.5515873015873,0,0.0042211889320492475,134.75113878729474,0.004230110699120284
38.55555555555555,0,0.005426591185961278,135.484365791604,0.005441341801694507
38.55952380952381,0,-0.0110403675124693,133.99679537306199,-0.010979646321923803
38.56349206349206,0,-0.0004396996002670842,133.93788998698582,-0.00043960294656456386
38.567460317460316,0,0.003035008272988216,134.34501008508795,0.003039618573516981
38.57142857142857,0,0.0004665595776443175,134.40770466049187,0.0004666684334926513
38.57539682539682,0,0.008605765273255234,135.56937718890015,0.008642901322826269
38.579365079365076,0,-0.005038007975137268,134.88809517853616,-0.005025338498196634
38.58333333333333,0,-0.012768856960220596,133.17667805868572,-0.01268768098167027
38.58730158730158,0,0.005243462987115229,133.8768190183039,0.005257233997904778
38.59126984126984,0,-0.0032444356471473187,133.44316815091764,-0.0032391781532169392
38.595238095238095,0,-0.0109388756149765,131.99140473889057,-0.010879263675643557
38.59920634920635,0,-0.0008596453138759458,131.87798770253124,-0.0008592759246985853
38.6031746031746,0,0.007890675503561003,132.92271047313696,0.007921888927833694
38.607142857142854,0,-0.007818854610596166,131.88745963750787,-0.00778836687834729
38.61111111111111,0,0.014854280216978323,133.86117569424513,0.014965153337262142
38.61507936507936,0,-0.005139269033164118,133.17499185123933,-0.005126085584165867
38.61904761904762,0,0.0006870057493175856,133.26651527126458,0.0006872417918184736
38.62301587301587,0,-0.00754092347511505,132.26534230651288,-0.007512562046916627
38.62698412698413,0,0.00040100944749920877,132.31839259447688,0.0004010898625364046
38.63095238095238,0,-0.0007036431938969509,132.22532040674622,-0.0007033956950784823
38.63492063492063,0,-0.009244040741861557,131.00865626811625,-0.00920144594762456
38.638888888888886,0,0.017939925574468767,133.3801504221737,0.018101812671096
38.64285714285714,0,-0.0029814419786116687,132.98307746171952,-0.0029770018941898953
38.64682539682539,0,-0.00297593244269391,132.58791708409987,-0.002971508745038662
38.65079365079365,0,0.006243241146671174,133.41828481942153,0.006262770798299778
38.654761904761905,0,0.01156762040370924,134.97057775152282,0.01163478404929484
38.65873015873016,0,0.007234774175445736,135.9506002479211,0.007261008382156224
38.66269841269841,0,-0.007427834647592819,134.94452278322936,-0.0074003164594866585
38.666666666666664,0,0.0014863889896484888,135.1452519799849,0.001487494213292346
38.67063492063492,0,-0.011712643758422882,133.57157772136097,-0.011644317766021085
38.67460317460317,0,0.005819096986751337,134.3511095728183,0.005836060820390512
38.67857142857142,0,-0.010161828161954534,132.9927699795412,-0.010110371232482483
38.682539682539684,0,-0.004920803861082429,132.3399461697976,-0.004908716540335177
38.68650793650794,0,0.00011872130915503461,132.35565867414647,0.00011872835680855782
38.69047619047619,0,0.0029421667283440747,132.74564450975967,0.0029464991487318493
38.69444444444444,0,-0.0015048447348023272,132.54603315526847,-0.0015037130237187336
38.698412698412696,0,0.009708216577776605,133.83908521059143,0.009755494182223455
38.70238095238095,0,0.004694870014600865,134.46891965706655,0.004705908184324734
38.7063492063492,0,0.0042002730873202596,135.03491367398237,0.004209106597712754
38.710317460317455,0,-0.007605608845039479,134.01178662414267,-0.00757675938764922
38.714285714285715,0,0.010843900419631333,135.4729048860838,0.010902908607876004
38.71825396825397,0,-0.004919946011932889,134.80802244200004,-0.0049078629017578
38.72222222222222,0,0.011084377389141182,136.31059760867007,0.011146036707989419
38.726190476190474,0,0.01287752037243452,138.07729100722912,0.012960792701026812
38.73015873015873,0,0.003368321490382424,138.54316387819736,0.003374000659846339
38.73412698412698,0,0.006639960332272597,139.46614588148475,0.0066620537415971555
38.738095238095234,0,-0.019281680170669797,136.80276401681144,-0.01909697760585321
38.74206349206349,0,-0.0010895108645502256,136.65379708439602,-0.0010889175630772675
38.74603174603175,0,0.007081879809906664,137.62499775507493,0.00710701562196006
38.75,0,0.005962756161471427,138.4480735197887,0.005980568778490147
38.75396825396825,0,-0.007544645922810707,137.40746228415188,-0.0075162565226167535
38.757936507936506,0,-0.0017113860446087135,137.17250617841967,-0.0017099224585511831
38.76190476190476,0,-0.015838711969980008,135.01698575822738,-0.015713939186826374
38.76587301587301,0,0.0027404992420968686,135.3875071803113,0.0027442578428414017
38.769841269841265,0,-0.01172496488899456,133.8093633323601,-0.01165649535041219
38.77380952380952,0,0.007260229923852432,134.78438523485755,0.0072866492913183575
38.77777777777778,0,0.007589355200488343,135.81120332491255,0.007618227350785156
38.78174603174603,0,-0.0028493411614480806,135.42478165811167,-0.0028452856416884766
38.785714285714285,0,0.0034226185946634583,135.88908314419507,0.003428482441681155
38.78968253968254,0,-0.0012287045249528734,135.72221814772539,-0.0012279499766186784
38.79365079365079,0,0.0016627685395272532,135.94808050855158,0.0016641517056574105
38.797619047619044,0,-0.007088166166293897,134.9878650276271,-0.0070631043655228895
38.8015873015873,0,0.004060223827138952,135.53706014666523,0.004068477702982602
38.80555555555555,0,-0.010199606288649425,134.16166168083257,-0.010147766701922183
38.80952380952381,0,-0.011388587601919686,132.64241728834267,-0.011323983121974733
38.81349206349206,0,-0.0006291873103434738,132.55898661208533,-0.0006289894135146258
38.817460317460316,0,-0.0011918186920280795,132.40109444215403,-0.0011911087581962252
38.82142857142857,0,0.0018542285570137716,132.646824081501,0.001855948701800821
38.82539682539682,0,-0.003952623715489776,132.12355592118362,-0.0039448223803371495
38.829365079365076,0,0.012017629834164592,133.72094711161859,0.012090131689975593
38.83333333333333,0,0.001150605225113111,133.87489568210287,0.0011512674252577679
38.83730158730158,0,0.001605906200394501,134.09005892690936,0.0016071963582884878
38.84126984126984,0,0.0013813455311175644,134.2754116191591,0.0013823000283019443
38.845238095238095,0,0.006456627223767447,135.14518276976116,0.00647751617451031
38.84920634920635,0,0.003767457530718192,135.65529681946788,0.0037745633196247445
38.8531746031746,0,0.002923339930953643,136.05244358016571,0.0029276170559441586
38.857142857142854,0,0.0047751529612004035,136.70366842067898,0.004786572173027761
38.86111111111111,0,-0.01135510294005218,135.1601641033927,-0.011290877085583937
38.86507936507936,0,-0.011117193287801598,133.66588392508467,-0.011055625658791441
38.86904761904762,0,-0.00034023617087116547,133.6204136923095,-0.00034017829710894943
38.87301587301587,0,-0.0011063395260369937,133.47266589184224,-0.0011057277580920422
38.87698412698413,0,0.0037913475914096093,133.9796676648489,0.00379854384130987
38.88095238095238,0,0.0002649835203066531,134.01517477302772,0.0002650186315409012
38.88492063492063,0,0.0038042934441144603,134.52597883203785,0.003811538953520006
38.888888888888886,0,-0.00770762377181974,133.49308887669415,-0.007677996207954115
38.89285714285714,0,7.120445735167487e-05,133.5025945180659,7.120699244921798e-05
38.89682539682539,0,-0.0083089744984059,132.39792057402266,-0.008274550378822552
38.90079365079365,0,0.002575864810457635,132.73939933135273,0.0025791852005651113
38.904761904761905,0,-0.011693194714410554,131.19629120309614,-0.011625095005925934
38.90873015873016,0,0.002333036269535482,131.50273424126394,0.002335759916363376
38.91269841269841,0,-0.00911493739197208,130.30954125254453,-0.009073522277721274
38.916666666666664,0,-0.002277109115268908,130.01314979426897,-0.0022745184690752597
38.92063492063492,0,0.005776403443555218,130.76633144672053,0.005793119031754739
38.92460317460317,0,0.0015712481816129715,130.97195931112145,0.0015724832388128353
38.92857142857142,0,-0.010227796097981152,129.63923186679995,-0.0101756700543485
38.932539682539684,0,-0.004096794197184861,129.10921304428598,-0.004088413784019828
38.93650793650794,0,-0.009318906830597946,127.91164499607704,-0.009275620383482537
38.94047619047619,0,-0.010537086164130871,126.57090512233763,-0.010481765548246112
38.94444444444444,0,0.0008800972282233802,126.68234885857777,0.0008804846274302638
38.948412698412696,0,0.0036684366914161784,127.14792848785758,0.0036751736408007414
38.95238095238095,0,0.0029144452993564046,127.51903469204704,0.0029186964239446764
38.9563492063492,0,0.003935080997343125,128.02182102593946,0.003942833594267692
38.960317460317455,0,6.385758091972454e-05,128.02999645076378,6.385961985844533e-05
38.964285714285715,0,-0.0015833076103729266,127.82744597519586,-0.00158205484013917
38.96825396825397,0,-0.006620812489535674,126.98391991963899,-0.006598943201294352
38.97222222222222,0,-0.0026333524646986284,126.64996640278449,-0.0026298882336113034
38.976190476190474,0,-0.008184823546467768,125.61758945055826,-0.008151419076914794
38.98015873015873,0,-0.005185153495545975,124.96792871837911,-0.005171733791586835
38.98412698412698,0,0.0006990755175801276,125.05532128127024,0.0006993199278201879
38.988095238095234,0,-0.0006032197076891709,124.97990819453877,-0.0006030378072584454
38.99206349206349,0,0.019444860851547258,127.43390662618962,0.01963514349707353
38.99603174603175,0,-0.008338826507596417,126.3756757216981,-0.008304154934179185
39.0,0,-0.0006491589793329935,126.29366443909436,-0.0006489483212287683
39.00396825396825,0,-0.008829780396401614,125.18342790233602,-0.008790912368321446
39.007936507936506,0,-0.0023039325153011788,124.89534572079842,-0.00230128049986282
39.01190476190476,0,-0.0020475926388321356,124.63987257200435,-0.002045497751094348
39.01587301587301,0,0.005461132786742725,125.322409482664,0.005476071954946275
39.019841269841265,0,-0.002693744053200855,124.98527726520001,-0.0026901191802459405
39.02380952380952,0,-0.0010663113079704817,124.85207508084117,-0.0010657430000833858
39.02777777777778,0,-0.0025718594763147256,124.53138564924939,-0.0025685550791538507
39.03174603174603,0,-0.008686907512798474,123.45427815965989,-0.00864928535062858
39.035714285714285,0,-0.003968969932825262,122.96526292688661,-0.003961103981676997
39.03968253968254,0,-0.0022670862651032867,122.68680583061446,-0.002264518365952769
39.04365079365079,0,0.0006039482408244689,122.76092469089295,0.0006041306542841808
39.047619047619044,0,0.0036599258364866925,123.21104376965559,0.0036666315433518857
39.0515873015873,0,-0.0013389302138233313,123.04618317352151,-0.0013380342466883563
39.05555555555555,0,-0.0014496722564635363,122.8679357668876,-0.0014486219892136925
39.05952380952381,0,-0.010701215087692825,121.5601097034273,-0.010644160783669459
39.06349206349206,0,0.0035388967618836626,121.99106047741891,0.003545166050302633
39.067460317460316,0,-0.004244855747526108,121.47432353600713,-0.004235859081718732
39.07142857142857,0,0.004845322905729963,122.06433409983036,0.004857080464813719
39.07539682539682,0,0.008431681074538984,123.09789283108648,0.008467327814288828
39.079365079365076,0,-0.001044864511686721,122.96933938356707,-0.001044318830833563
39.08333333333333,0,-0.006307366260429075,122.19616762325664,-0.006287516580850144
39.08730158730158,0,3.369751396976123e-05,122.20028539970127,3.369808173736253e-05
39.09126984126984,0,0.0023355050041952105,122.48601831321156,0.002338234420449012
39.095238095238095,0,-0.0018487002943625712,122.25978755596662,-0.0018469925005351446
39.09920634920635,0,-0.00341421911374476,121.84307762674837,-0.0034083972952058316
39.1031746031746,0,0.003688808139555102,122.29336336149031,0.003695620165810845
39.107142857142854,0,0.003273337395149422,122.69432668706588,0.003278700614279298
39.11111111111111,0,-0.002042530801357928,122.44397550769054,-0.0020404462548123943
39.11507936507936,0,-0.010280748552363612,121.19160844975218,-0.010228082294335975
39.11904761904762,0,0.003013801227719758,121.55740681298673,0.0030183472924711426
39.12301587301587,0,-0.0046948180826897655,120.98805445005335,-0.004683814650713633
39.12698412698413,0,0.0014891107488317205,121.16835327155474,0.0014902200247861124
39.13095238095238,0,0.0010910899457739034,121.30063099387887,0.0010916854009541488
39.13492063492063,0,-0.01176036142451639,119.8824472542919,-0.011691478667234528
39.138888888888886,0,0.0006496554908775692,119.96035484821851,0.0006498665627115003
39.14285714285714,0,0.003380139135543271,120.36652360509201,0.0033858582478140022
39.14682539682539,0,0.00415257183687863,120.86739347042223,0.004161205710098373
39.15079365079365,0,0.0008782236265963883,120.97358869580557,0.0008786093778825773
39.154761904761905,0,-0.012316212463487873,119.49278990956194,-0.012240678334898244
39.15873015873016,0,0.008183743399879498,120.47470061276273,0.00821732176430055
39.16269841269841,0,0.0027280883210985263,120.80381495887569,0.0027318129403022836
39.166666666666664,0,-0.007441310380899932,119.90821263668451,-0.007413692377977417
39.17063492063492,0,-0.0048235518166039205,119.33122185099124,-0.0048119371726565744
39.17460317460317,0,0.0015954644957718684,119.52176253872413,0.0015967379263982348
39.17857142857142,0,0.004421126795221854,120.05135323687863,0.004430914395049067
39.182539682539684,0,-0.002934988175236717,119.69952049973064,-0.00293068530809312
39.18650793650794,0,0.0053392101481515505,120.34033058185258,0.005353489132175688
39.19047619047619,0,-0.01115448060759898,119.00545545807876,-0.011092500056461322
39.19444444444444,0,-0.006427985623807503,118.24294343491871,-0.006407370319495218
39.198412698412696,0,-0.01286538202909741,116.73144663554002,-0.01278297677197609
39.20238095238095,0,-0.005514232142786343,116.08953379517683,-0.005499056671228067
39.2063492063492,0,0.009638882194113022,117.21391733027252,0.009685485834404282
39.210317460317455,0,0.013101824508093586,118.7597379275153,0.013188029480212074
39.214285714285715,0,0.0016166699338506741,118.95188850535497,0.0016179774492001637
39.21825396825397,0,-0.003882837092427077,118.49091322556437,-0.003875308627570138
39.22222222222222,0,-0.0012573112498268481,118.34202688521266,-0.0012565211651994989
39.226190476190474,0,0.003120649928771362,118.71190775716867,0.003125524225766356
39.23015873015873,0,-0.009706965009665761,117.5651501945447,-0.009660004495671622
39.23412698412698,0,-0.0034675169335769934,117.15819701172879,-0.0034615120394305005
39.238095238095234,0,0.009177865634041861,118.23840863794548,0.009220111385877241
39.24206349206349,0,-0.006448465365680062,117.47840541575931,-0.0064277186317127505
39.24603174603175,0,-0.004579524466447421,116.9416401867166,-0.004569054432967048
39.25,0,0.00022200110939039216,116.96760424248988,0.00022202575346031399
39.25396825396825,0,0.0019225174705612101,117.1926928041532,0.0019243666921372308
39.257936507936506,0,-0.0037982665269514155,116.74840801203398,-0.0037910622368042615
39.26190476190476,0,0.0006237189314939811,116.8212489180975,0.0006239134845934478
39.26587301587301,0,0.003968547980410599,117.28578079841455,0.003976433094314116
39.269841269841265,0,0.012494873970585801,118.76044553749553,0.012573261047010918
39.27380952380952,0,-0.0006563759501685093,118.68251961436212,-0.0006561605825978047
39.27777777777778,0,-0.0001212597449343057,118.66812907481966,-0.00012125239326859164
39.28174603174603,0,0.009760934238803115,119.83211241979421,0.009808727533241957
39.285714285714285,0,-0.0033205308482161036,119.4348660932388,-0.0033150239825844407
39.28968253968254,0,-0.008203751046213272,118.45906029226501,-0.008170192113013916
39.29365079365079,0,0.0017153092589895335,118.66242858508933,0.001716781243432383
39.297619047619044,0,0.00691815432593965,119.48619978133368,0.006942140035956641
39.3015873015873,0,0.0024132720586762277,119.7749007054869,0.0024161863435400326
39.30555555555555,0,-0.00047225230908591793,119.71835008618947,-0.00047214081551592206
39.30952380952381,0,-0.008985131744227218,118.64748308349286,-0.00894488607574086
39.31349206349206,0,-0.00022880279490789418,118.62033931315825,-0.00022877662154463296
39.317460317460316,0,0.007907034753286999,119.56199239427153,0.00793837790859227
39.32142857142857,0,-0.007635317983705401,118.65257482782968,-0.007606242989351482
39.32539682539682,0,-0.0014028733872286313,118.48623699101995,-0.0014018898203520308
39.329365079365076,0,-0.0023020354876003846,118.21379117895424,-0.0022993878359596643
39.33333333333333,0,-0.004256236783731521,117.71171452909604,-0.004247191844969158
39.33730158730158,0,0.0017006570180537269,117.91207210398494,0.001702103955332007
39.34126984126984,0,0.0029314494204481433,118.25823250738395,0.002935750319896683
39.345238095238095,0,0.0028654421051299943,118.59758058503171,0.002869551408411721
39.34920634920635,0,-0.00601443423669542,117.88642398202815,-0.005996383733087463
39.3531746031746,0,-0.010229833771287968,116.68661285826143,-0.010177686990909136
39.357142857142854,0,0.0017917806745064203,116.89587709797823,0.0017933868726742086
39.36111111111111,0,-0.0030481015094331763,116.54010908251297,-0.003043460764378719
39.36507936507936,0,0.011719168385799797,117.91389634383711,0.011788106877019257
39.36904761904762,0,0.012010184124473359,119.33860231481641,0.012082595988728025
39.37301587301587,0,0.01267905587328466,120.86133613569618,0.012759775892654859
39.37698412698413,0,-0.005783253132441364,120.16438170936104,-0.005766562315285341
39.38095238095238,0,0.003725577002525895,120.61289833921964,0.0037325255910142102
39.38492063492063,0,0.00562537404220584,121.29330297771472,0.005641226169538796
39.388888888888886,0,0.004916071526154329,121.8910576292423,0.004928175231878951
39.39285714285714,0,-0.002093608314657533,121.63613244736307,-0.0020914182454189363
39.39682539682539,0,0.008196870362908702,122.63726553013255,0.008230556682675704
39.40079365079365,0,0.00014188102175071148,122.6546666650869,0.000141891087338911
39.404761904761905,0,0.000945881622230182,122.7707383465473,0.000946329109330638
39.40873015873016,0,-0.00954855128072626,121.6040346850307,-0.009503108617163376
39.41269841269841,0,0.004200526421213308,122.1159099658269,0.004209360997947388
39.416666666666664,0,-0.0015015507125415463,121.932684329923,-0.0015004239493049876
39.42063492063492,0,0.0030667205168831103,122.30719175592661,0.003071427714904385
39.42460317460317,0,0.0016199659829539254,122.50548581749392,0.0016212788366773002
39.42857142857142,0,0.001278682186335819,122.6622315925954,0.0012795000489609534
39.432539682539684,0,-0.00014907954989010113,122.64394652531978,-0.0001490684380861912
39.43650793650794,0,0.0050940014585578305,123.27028890790338,0.005106997942652973
39.44047619047619,0,-0.0011140163259316495,123.13304025637116,-0.0011133960401019903
39.44444444444444,0,-0.009027993207243349,122.02639889704574,-0.008987363237530119
39.448412698412696,0,0.0037229723210350438,122.48154652787558,0.003729911190887879
39.45238095238095,0,-0.0049573668925241236,121.87586310206756,-0.004945099429081263
39.4563492063492,0,-0.008203176602704164,120.88018332540105,-0.00816962236265499
39.460317460317455,0,-0.006300638829051154,120.12095527121176,-0.0062808314258216225
39.464285714285715,0,0.0019237151130570402,120.35225617545356,0.0019255666400549432
39.46825396825397,0,-0.000469122420231551,120.29580947499774,-0.0004690123995140367
39.47222222222222,0,-0.013295751401211444,118.70697209676688,-0.013207753330436296
39.476190476190474,0,-0.002277916383323784,118.4368752859802,-0.0022753239006589356
39.48015873015873,0,0.007504353285114224,119.3290107030482,0.0075325815115762215
39.48412698412698,0,-0.002704006618372447,119.00678012149241,-0.002700354085375846
39.488095238095234,0,-0.0009035154163051651,118.8993042213855,-0.0009031073691529644
39.49206349206349,0,0.006709117371597118,119.69969556626322,0.006731673916169094
39.49603174603175,0,0.005150000193251864,120.317739117762,0.005163284238735853
39.5,0,0.006575315745403618,121.11147290763763,0.0065969805923524385
39.50396825396825,0,-0.017326557179674084,119.03110291730876,-0.01717731557864431
39.507936507936506,0,0.011059057583457668,120.35478056158102,0.011120435010938682
39.51190476190476,0,0.004147834808878222,120.85502906667881,0.004156448981616387
39.51587301587301,0,0.015644732816410226,122.76064123495183,0.015767752347497672
39.519841269841265,0,-0.004789301876827823,122.17410912627619,-0.004777851457725337
39.52380952380952,0,-0.010969805758475995,120.84120708507537,-0.010909856848828338
39.52777777777778,0,0.0001843608920900757,120.86348753157324,0.00018437788760376178
39.53174603174603,0,-0.0015957937360775857,120.6707681463413,-0.0015945211342802037
39.535714285714285,0,0.00425658494042369,121.185508261099,0.004265657065624489
39.53968253968254,0,0.0069103009769599395,122.02583671453291,0.0069342321989801035
39.54365079365079,0,-0.00041101253554728196,121.97569287156252,-0.00041092808146605175
39.547619047619044,0,-0.001377429272522575,121.8077956414909,-0.0013764810522409344
39.5515873015873,0,0.0034317142408037456,122.22652325425612,0.003437609313591866
39.55555555555555,0,-0.0014758299285381662,122.04627073692323,-0.0014747414270960336
39.55952380952381,0,-0.002002797037744848,121.80208143984815,-0.002000792778022749
39.56349206349206,0,0.006672224897819917,122.61748958844699,0.006694533779388438
39.567460317460316,0,0.008074743452109763,123.61160256176241,0.008107432117979353
39.57142857142857,0,0.0069672343909139844,124.47584074924738,0.006991562034422527
39.57539682539682,0,-0.0009208586896910603,124.3612688499975,-0.0009204348294429848
39.579365079365076,0,-0.01334051472956244,122.71324271104467,-0.013251924447157705
39.58333333333333,0,-0.0007947217001149925,122.61575857568043,-0.0007944059924634547
39.58730158730158,0,-0.00463593637849458,122.04863530932653,-0.004625207012065327
39.59126984126984,0,-0.000678301918551926,121.96587755638386,-0.0006780719238104678
39.595238095238095,0,-0.004088586371232826,121.4682275673813,-0.004080239481509972
39.59920634920635,0,8.240079866492308e-06,121.46922847940148,8.24011381604366e-06
39.6031746031746,0,-0.006407932203008466,120.693350440387,-0.006387445188606564
39.607142857142854,0,-0.007928872628494284,119.74017204629702,-0.007897522030931924
39.61111111111111,0,0.007841121253268522,120.68275989757939,0.007871943351792502
39.61507936507936,0,-0.005969379925042614,119.96450455568532,-0.00595159857550151
39.61904761904762,0,0.0001409779316431259,119.98141809559812,0.00014098786949873172
39.62301587301587,0,0.006151767238484291,120.72179081809264,0.006170728219803263
39.62698412698413,0,0.005898463509564263,121.4359680997308,0.005915893699044763
39.63095238095238,0,0.005145961937108239,122.06248359926622,0.0051592251401237745
39.63492063492063,0,0.0020467685979841267,122.31257310805829,0.0020488646586374
39.638888888888886,0,0.004699681038356678,122.8887560661958,0.00471074185994407
39.64285714285714,0,0.008788531096150708,123.97352751189462,0.008827263619744475
39.64682539682539,0,0.00281627956816349,124.32316372999526,0.0028202490089434713
39.65079365079365,0,-0.011434398058193419,122.9096996438542,-0.011369273784013945
39.654761904761905,0,-0.003190557356617754,122.51817412190587,-0.0031854729373093694
39.65873015873016,0,0.004525608008519501,123.07389990193086,0.00453586403819628
39.66269841269841,0,-0.003811444179622849,122.6057034216559,-0.0038041898456785575
39.666666666666664,0,0.010344598275880554,123.88059291080782,0.01039828860789167
39.67063492063492,0,-0.0002591066187400914,123.84849878733063,-0.0002590730535192068
39.67460317460317,0,0.0006759056712481127,123.93223698641044,0.0006761341469594355
39.67857142857142,0,0.007224111362356888,124.8307789436281,0.007250268203552521
39.682539682539684,0,-0.0010129571957160806,124.7043947295566,-0.001012444327761616
