time,state,data
0,0,-0.4015005018140828
1,0,1.311010171434149
2,0,0.5389911873847474
3,1,3.7672746705238986
4,1,7.330529586985605
5,0,1.673046786029344
6,0,-0.9299295742791217
7,1,1.953483357472117
8,0,-1.8347673708634802
9,0,0.25096960218688197
10,1,5.3672429595527404
11,1,5.161944227699385
12,0,0.6866862376633934
13,0,-0.08278782012862253
14,1,5.039400048999573
15,0,-0.9276165728379024
16,0,-0.38016390050097226
17,0,0.5112292345584127
18,0,-0.7512343650279857
19,1,5.5084425216171224
20,0,0.5102858806385531
21,1,4.567978260992491
22,1,7.103542143707105
23,0,-0.17490411372097026
24,1,4.382626151335782
25,1,1.7639824566990523
26,0,1.7473603696964684
27,0,0.19839491544567217
28,0,-1.7160829234462758
29,0,-0.3094383574872621
30,1,6.301206500476889
31,0,-1.8230488169597783
32,1,4.712297095474399
33,1,7.053658088811183
34,0,-0.6938071396213713
35,0,0.7346983702413084
36,0,-0.439703789526586
37,0,1.0024063309050848
38,0,-0.3166747427068981
39,1,5.614122856607925
40,0,-1.5884056089249385
41,1,6.592599043752354
42,0,-1.2533441769221598
43,1,4.529507601470897
44,1,2.341360117302905
45,1,4.105114054838696
46,1,4.071960713434146
47,0,-1.2762173592436061
48,0,0.4544576882915308
49,0,-1.0607950718274424
50,0,-0.6986119451816585
51,1,8.909790928899449
52,0,-1.5058374024687775
53,0,1.1426294964268144
54,1,4.504260065041322
55,1,6.399666717610776
56,1,7.2704362957168005
57,1,4.474429736783544
58,1,3.215270757019924
59,1,6.3897535221690145
60,1,4.376847967034022
61,1,4.053760196288033
62,1,1.8034857870041061
63,0,0.23673435999905595
64,1,2.7151900782411054
65,0,0.7203122608862247
66,1,4.7056320210242255
67,0,-1.3872090762459575
68,0,0.9306514221885474
69,1,3.96759220447874
70,1,2.477793119415674
71,1,5.901445499513691
72,0,-0.7977091420702818
73,0,0.22752196714946826
74,0,0.1790027544217701
75,0,0.4514533145379599
76,1,4.8233013151486945
77,0,1.1554174897614666
78,0,-1.9752508213752298
79,1,2.707555783260989
80,1,3.0704636042629883
81,1,3.904033532107278
82,1,7.205456318865847
83,0,0.7101141609140763
84,1,3.088403695328254
85,1,3.617838269487189
86,0,-1.6534934957071152
87,1,7.37473435132244
88,0,1.1676666682419832
89,0,1.2126447480516815
90,1,5.228940728572885
91,1,6.588441387510712
92,1,7.798077285979799
93,1,5.927621246018738
94,1,8.07490315952489
95,0,-0.4376236910614847
96,0,2.298067396560434
97,1,4.5996988420290075
98,0,0.0009598060798768752
99,1,4.537077986251133
100,0,-0.19200105889637226
101,0,-0.31979828583706144
102,0,0.7656200622916843
103,1,2.605802707319849
104,0,0.18038384708903477
105,1,4.245725085878605
106,1,5.3397968084995036
107,1,1.9534197546732752
108,0,-0.24620445080400263
109,1,5.295605532060824
110,1,5.915770229301899
111,1,6.069553334409335
112,1,5.117204878908584
113,1,8.587038255125144
114,1,5.3744368639871745
115,1,3.198775426970159
116,0,0.6277671907190966
117,0,-0.5292008858002347
118,1,4.14478793876794
119,1,3.9188582889515153
120,1,7.342752149464893
121,0,1.9540055625422634
122,0,0.24281293558332662
123,0,0.9966427571805487
124,0,-1.337320145005731
125,0,0.42948488103567806
126,1,2.1427427231818204
127,0,-0.6357689466110026
128,0,1.1691204692306552
129,1,6.082823275221379
130,1,5.556508451194576
131,0,1.9775401398182133
132,1,4.7733777983942725
133,0,0.24074808393660915
134,1,0.28320368881882985
135,0,0.7123885898629221
136,1,3.74294971175184
137,1,3.04232303552528
138,1,1.7209994349498965
139,1,7.918068237727899
140,0,0.7055037906089452
141,0,-0.6897517492689828
142,1,4.713670342822328
143,1,4.362540641885284
144,0,0.08286746430703044
145,0,0.7734494721764492
146,1,2.731143582891449
147,1,3.4845499174095345
148,0,-0.9275114620184723
149,1,3.7404950091330464
150,1,3.0360760210241153
151,1,6.1700873289139055
152,1,1.8738794023677308
153,1,6.56435504883746
154,1,6.106356031132748
155,1,7.307555814225473
156,1,3.742981077706559
157,1,5.914422658207897
158,1,2.8413875550757823
159,1,1.3785946788221124
160,0,-0.9813835816554065
161,0,-1.1656261784475683
162,0,-0.5595581978858896
163,1,3.57667391388048
164,1,7.445577941175689
165,1,1.7246561295089968
166,0,0.5189396244197514
167,0,0.2847147372874628
168,1,6.282711120604938
169,0,-0.4321111124781011
170,1,4.196241385387511
171,0,-0.027229833194033666
172,0,-0.1729673986571522
173,0,0.08698252013496402
174,1,6.318804235663894
175,0,0.46088857321892124
176,0,-0.02544782093105452
177,1,4.008293160250498
178,1,4.036705285346705
179,1,7.502522984923784
180,1,7.150013355264299
181,0,-0.06126562956944347
182,1,8.766623181824068
183,1,-0.24176610622292305
184,1,7.570901875307131
185,0,-0.5878099293844461
186,0,1.792581205401544
187,0,-0.9000071963471239
188,1,1.632891905391594
189,0,-0.7156474375772728
190,0,0.14923231594776148
191,1,3.7973455364830655
192,0,1.0515373921220075
193,1,4.2385845863076135
194,1,3.8642144143236843
195,1,4.190790976595193
196,1,4.734407266658439
197,1,5.155913302434952
198,1,3.6908961115435517
199,0,-1.5306406790777511
200,0,-1.5313934283098551
201,0,0.7657749383911172
202,0,1.3499709520325809
203,1,3.8046296667409667
204,1,6.611680352795246
205,1,6.045280187924014
206,1,2.489566411553886
207,1,5.372067827478892
208,0,1.6041820527906903
209,1,3.6748992593964163
210,1,4.312820530670291
211,1,2.8253565987801026
212,1,6.539821705448273
213,1,7.734886344049935
214,0,1.4056887982758433
215,1,4.595278339304455
216,0,2.1598370451604967
217,1,2.565545170438466
218,0,0.200060775484951
219,0,-1.00304706028785
220,1,3.6165597152206868
221,1,4.54411728037741
222,1,4.4021749009523745
223,0,-1.974633095744078
224,0,1.4324109856845952
225,1,2.285722786776326
226,1,2.5579862308710672
227,1,0.6159046911766541
228,1,5.712951496110217
229,1,1.8508723500075797
230,0,0.6682097591562968
231,1,0.5411430781754465
232,0,0.23750838987698977
233,0,0.048037658501466504
234,1,6.540141445934377
235,1,4.782672052499108
236,1,7.623595123766805
237,1,2.484780965959078
238,0,-1.5187490246603619
239,1,6.927158844042932
240,0,-0.7667316309624361
241,1,4.479973116087424
242,0,1.0876826713255183
243,0,-0.4099905906540227
244,0,1.9783112813454895
245,1,5.76067269130544
246,1,7.072895507998661
247,1,9.444348173374665
248,1,2.447044433298189
249,1,7.387175451667988
250,1,5.541380021376326
251,1,6.213309860226117
252,1,3.7887378978860733
253,0,1.9346032556358406
254,1,3.8036854784248133
255,1,6.354659995845059
256,1,5.68392921325719
257,0,0.3909022913682107
258,0,1.5109772739533156
259,1,7.18811716247709
260,1,9.664758030985205
261,1,5.571986918769143
262,1,5.064420492099052
263,1,7.274702504986982
264,0,-1.2189283989565287
265,0,0.4861734716332075
266,0,-0.715282134296942
267,1,0.3060587593733741
268,0,1.4728856700109032
269,0,2.5340578169413237
270,0,-0.37327327059778165
271,1,6.3556760625908275
272,1,4.667181498321935
273,1,5.699373432827088
274,1,5.917964388064864
275,1,4.202957648302539
276,1,4.024547102746197
277,0,-0.7932197580221516
278,1,3.6230929315580394
279,0,0.4768791826123925
280,0,2.290217781987657
281,1,4.968782024013353
282,0,0.17950644381583364
283,1,3.4758926182268075
284,0,-0.3774845985024124
285,1,4.333878134227236
286,0,0.7490649995347493
287,0,0.1921054169033039
288,1,7.39193489462272
289,1,8.086789187917487
290,1,8.424416569526638
291,1,4.56896594170935
292,0,0.08035180268817509
293,1,7.058804872438974
294,1,2.5067664229356033
295,0,1.710202431496855
296,1,6.259122697123052
297,0,1.6830612044653779
298,0,1.0138216457420404
299,0,0.40192830220688297
300,0,-1.9478518635434725
301,1,3.2265276792819924
302,1,5.754683153187369
303,0,-0.19790780690241022
304,0,-0.47264452726671236
305,0,-0.423685432991678
306,0,0.3170899848148369
307,0,-1.186697366753243
308,1,1.8881687586424012
309,1,4.12128075324791
310,0,0.5233728455058951
311,0,-1.5408031022442614
312,0,-0.24433403771158776
313,1,7.928661659522064
314,1,4.534148437425565
315,0,0.4006662847903466
316,1,4.668706881849491
317,1,7.973081150529087
318,1,4.671125733017912
319,1,5.167542966834439
320,0,-0.7150881240606293
321,0,-0.6929093355812104
322,0,-0.8349994720538423
323,0,-0.749115214720611
324,1,5.6589472273388175
325,0,0.3008013966827795
326,1,2.3029930247122588
327,1,4.553173604849995
328,1,2.3697919471270774
329,1,4.8630866910461465
330,0,2.7409173828819013
331,1,5.095020372963934
332,1,8.19838672577763
333,1,4.7618651003506045
334,0,1.8013064251840725
335,1,3.6647860949308813
336,0,1.9493173784988937
337,1,7.605054808959634
338,1,5.525891099534397
339,0,0.30247137228912924
340,1,4.083638175991357
341,1,6.189405838751015
342,0,-0.1455417166151897
343,0,1.8165769162901413
344,0,-2.2336162490583176
345,0,1.5572591409737593
346,0,0.19028894625182347
347,0,-0.736669016690614
348,1,6.532251378527102
349,0,-0.7410205173831155
350,1,5.092879891871289
351,0,-0.5114692291180059
352,0,0.35942707996916556
353,0,-0.49236112208628413
354,0,-0.868511580331589
355,0,-2.874884431205613
356,0,-0.5539657952183837
357,0,-0.4334710633569619
358,1,3.7316280850530177
359,1,5.384209170608978
360,0,-0.07370046642689977
361,1,3.7818706372737214
362,0,-0.9980907223011748
363,1,5.511562911355336
364,0,1.3319972278308825
365,1,4.9229535594116856
366,0,-0.8697863230646505
367,0,0.400127639659853
368,1,5.166845022947946
369,1,6.046605653338235
370,1,5.500580574747
371,0,0.2542268583388348
372,1,4.6949327063866475
373,0,0.2276474458133598
374,0,0.2975636264076903
375,1,4.262022004353157
376,0,-0.13782875480862203
377,1,4.354358781579891
378,1,3.7792730697905683
379,0,1.2176960477208683
380,1,0.7790644791547487
381,1,5.154988352434721
382,1,6.883422365386453
383,1,9.226917854095742
384,1,2.6602091253357343
385,1,2.1248141907365947
386,0,-0.7386540670771251
387,1,2.4930405911258458
388,1,3.189744406525902
389,0,-0.4143291200375804
390,1,5.824562814753564
391,1,1.5165403129002968
392,0,0.4175030217209287
393,0,0.7460136173870296
394,1,3.7726295440620117
395,1,5.295682416194853
396,1,2.222312222197598
397,1,3.7352252830842527
398,1,1.472086079719796
399,1,4.548873255803589
400,1,3.1797957695017747
401,0,1.0155004089794426
402,0,0.5494202416299256
403,1,2.102955836128189
404,0,0.13938942119077344
405,0,-1.0422116382685833
406,1,3.991384503160995
407,0,-0.19594462724791636
408,1,6.1727538494671395
409,1,2.9219635188184507
410,0,-0.2717045943268915
411,1,3.6256574665181898
412,1,7.238748542749162
413,0,-0.2875191246663015
414,0,-0.058220580645137854
415,0,-0.5535014312600343
416,1,6.169692774022188
417,0,0.2707826262507527
418,0,-0.33212871551555684
419,1,7.117065986799469
420,0,-1.2305985465736409
421,0,2.0015902883403904
422,1,5.987920705252233
423,0,-0.42302904675842884
424,1,6.766320362403864
425,0,1.0237881748540703
426,0,0.23965494789893368
427,0,1.1603300728783836
428,0,-0.7997003302405662
429,0,0.5225490750440278
430,0,-0.6140661114312563
431,0,0.28881308172669734
432,1,4.057031917178903
433,1,4.481000232275539
434,0,-0.014274858276662248
435,0,0.729392547204524
436,0,-0.6105816010878996
437,1,4.393053411273724
438,1,6.78205098580109
439,1,7.3639457071635945
440,1,7.572867593530336
441,0,-0.90951229096156
442,0,-0.12105323741643845
443,1,6.532518072725941
444,0,-0.11454930973469274
445,0,0.3964452848461122
446,1,6.181984611705618
447,1,5.8463897624488546
448,1,6.673668302186391
449,1,5.459444122050451
450,1,3.9110306271276194
451,0,-0.7065283364192727
452,1,8.029963153494895
453,0,0.7486234099720274
454,0,-1.8473456063013889
455,0,-1.1203414180782008
456,1,8.42630448131141
457,1,7.799897525737326
458,0,0.9847554671013545
459,0,0.48809811430407735
460,1,5.364238709918975
461,1,5.196245361355809
462,0,-0.5846367248081201
463,0,-0.02218043112989315
464,1,3.765580820385921
465,0,0.02454252262418558
466,1,4.564791785350477
467,1,6.308419309004707
468,1,4.259982554931574
469,0,-0.28627035983694127
470,0,0.45902013702388955
471,0,-0.5649335659217651
472,1,5.060696491670281
473,1,4.693485327162527
474,1,4.340796901395301
475,0,0.5363554748317163
476,0,1.118111195769173
477,1,2.3128527438714
478,1,4.677177693794169
479,0,-0.17966723304170132
480,0,0.20604140213990263
481,0,1.4568289732842585
482,0,0.8560120650406655
483,0,0.09243497747022783
484,1,3.600014439472421
485,1,5.722362021397376
486,1,5.973297943612205
487,1,4.332074474438001
488,0,-1.6499654431182573
489,0,-0.29363977170619826
490,1,3.01848851518292
491,1,4.929225861901798
492,1,4.5611103437631995
493,1,4.864503888625271
494,1,9.68732062867621
495,1,3.9217874033147133
496,0,-0.9014898262106551
497,1,2.0042243155486053
498,0,-1.248506368940081
499,1,4.357982635685666
500,0,1.0960415727153507
501,0,0.02250694383925323
502,0,1.967415610287174
503,1,6.112490509000544
504,1,4.585680680684329
505,1,1.29435826994604
506,0,-0.5890859630626675
507,0,0.6384336299146341
508,1,5.966808509093247
509,1,6.342764824752314
510,0,-0.2351936530601835
511,1,5.105239264060398
512,0,-0.43053186772686597
513,1,2.7544272282679962
514,1,3.3564932378527113
515,1,2.861519061656715
516,1,7.001891838235205
517,1,4.125081409355204
518,1,5.220992421691458
519,0,0.39779242073459853
520,0,-0.49156618875299934
521,0,1.0369989709795013
522,1,4.386442967954771
523,0,-1.4476710812172116
524,0,-0.16960809406440552
525,0,0.32248488080083426
526,0,0.13428564430778303
527,0,-1.7959309446709888
528,0,-0.8832343278603018
529,1,7.381066840324214
530,0,-0.22287545827709926
531,0,0.5043160304488197
532,0,-1.0591629290269569
533,1,7.324272658582604
534,0,-0.4087847524060949
535,0,-0.31017645001882066
536,1,4.011545219840606
537,1,3.2034976932566117
538,1,3.0947270372726847
539,1,5.604196501069894
540,1,2.6300265684833803
541,0,0.32508911432324417
542,0,-0.9650485380853594
543,1,1.875777904234051
544,1,7.855911210894073
545,0,-0.247074393310309
546,1,6.142804244933389
547,0,-0.3457317977912218
548,1,8.73581095507516
549,1,7.469436395853098
550,1,5.43946406833092
551,1,7.131767843134934
552,1,4.280798155102676
553,1,5.2016245493280096
554,0,-0.4911210167423558
555,0,-0.5969145190412689
556,1,3.319755496742714
557,1,1.9000403254617746
558,0,-1.3595426329230444
559,0,-1.442764724074165
560,0,-0.21621730493057578
561,0,0.7655436787961986
562,0,1.2265277182798906
563,1,2.7585967093227373
564,1,4.086008587748699
565,1,7.379140042634766
566,1,5.815914274663175
567,1,2.7212718714596744
568,1,6.144418669875085
569,1,5.886293457926623
570,1,6.977835105322011
571,1,8.775595924695791
572,1,3.0582805938248776
573,1,4.877372403757354
574,0,0.16842946051492408
575,0,0.7633627935278418
576,0,1.1438143288641016
577,1,7.767046943762385
578,0,-1.0432747439118837
579,0,-0.619305105132515
580,0,-0.6808015127953021
581,1,0.5868188194803672
582,1,6.8489673988269075
583,1,2.167954631014353
584,1,6.205132873959749
585,1,0.896271304391604
586,1,7.377830430255002
587,1,3.9648794725102565
588,0,-0.1905329538126876
589,0,-1.4021279225881533
590,0,0.5036308345687378
591,1,6.608452700002994
592,1,5.7944580862158706
593,1,9.063119814004029
594,0,0.32612766623933537
595,0,-0.7224371580087486
596,0,-0.7327706995747209
597,0,-0.20379021497419073
598,0,0.4678815913763083
599,0,-0.2507530791985257
600,0,-1.3202991204673824
601,1,4.446635221550051
602,0,-0.6925029986354984
603,0,1.38625793191052
604,1,6.154291911981556
605,0,-0.4898015777193626
606,0,-0.9378476921740169
607,0,1.3414357642760815
608,0,1.0060009236764977
609,0,-2.0181096743877647
610,0,0.6586492475644711
611,0,0.04667984572965729
612,1,6.102702598497948
613,0,0.0783976894648909
614,1,2.8267625859160797
615,1,5.784230029162479
616,1,4.763306316222329
617,1,4.224739194642267
618,1,6.122492013340951
619,0,-1.283069895540166
620,1,7.5654992090794515
621,1,6.5550905694786445
622,0,0.13311225834475543
623,0,-1.0643534820698737
624,0,-0.7641135839326524
625,0,0.5393049565447182
626,0,0.1360682246007498
627,0,-0.12629137873321014
628,1,5.029684741621847
629,1,4.6002991884704345
630,1,4.422397015893127
631,1,7.5446411212761175
632,0,-1.302739417935161
633,1,3.90887257706495
634,1,6.286871059804502
635,1,5.230660472150766
636,1,8.198129759684724
637,0,0.7604296521380359
638,0,-0.8294364980915706
639,1,3.2439725461202444
640,1,-1.2276250036138316
641,1,9.02471656594453
642,1,0.37628546710933986
643,1,5.7315713740825345
644,0,-1.4975849562441097
645,0,-1.2667139902992741
646,0,1.435893287396801
647,0,-0.47996697531758353
648,0,-0.07536100713080728
649,0,-0.6459112470732481
650,1,2.993259091368122
651,0,0.15543109320329457
652,1,5.965549402480683
653,1,3.40228606089657
654,1,5.73060529647829
655,1,5.555282164653571
656,1,6.0701955671105425
657,1,2.0496256843967617
658,1,3.2888803229322328
659,1,6.893798576358931
660,1,2.740138011730974
661,0,-0.5848959140286952
662,1,5.303678699497368
663,1,6.122498698165121
664,0,0.8894001238669851
665,1,3.2934144113243278
666,1,5.92631595961594
667,0,-1.2982997425206162
668,1,5.538063786428257
669,1,4.824174086874497
670,1,6.051829492390511
671,0,-0.6461343182495184
672,1,5.3838736640116664
673,0,-1.4807064862313166
674,0,1.5998223451414686
675,0,1.7983141581070368
676,1,7.197838090814581
677,0,1.766632020651157
678,1,6.22799012422027
679,0,-0.032329338208644705
680,1,7.496332116553608
681,0,-0.054971219551464
682,0,0.4077470702790823
683,0,0.38541694044477937
684,1,5.452891176770162
685,1,7.860734341465935
686,0,-0.19560910614073965
687,0,-1.4715723749872336
688,0,-0.30516045680151094
689,0,-0.5223951867711448
690,0,0.9530471935511412
691,1,6.699885505272086
692,0,1.2960207162333288
693,1,7.557477848980934
694,1,6.0436636947632625
695,1,5.441738073785842
696,1,8.346929313587147
697,1,7.767465653844647
698,1,7.167607827018196
699,1,4.258245382280968
700,0,-0.4876046398728038
701,0,-0.2663481525701408
702,0,0.38189450152475735
703,0,-2.0637572265229642
704,1,7.478128749083101
705,1,4.499711031369384
706,0,0.6823616696475301
707,1,6.983879593224602
708,1,8.174961881313738
709,1,3.243138331644623
710,1,1.6429819816129667
711,0,-0.3855045463739544
712,1,8.332312796364555
713,0,1.068118233921517
714,1,4.313262519500619
715,0,-1.1525306799624437
716,0,-0.08748948292769418
717,0,0.6915268393077243
718,1,6.045326547191064
719,1,4.2195127487902955
720,1,2.8419140878213787
721,0,-0.020551202257149036
722,1,4.371184909331889
723,1,7.698955821901006
724,1,4.639439210759463
725,1,5.850239992454238
726,0,0.8556834991176796
727,1,4.111142243405998
728,1,5.273825002085123
729,1,6.42285144952954
730,1,6.667475030637443
731,0,0.2749294943325795
732,1,3.4705911834475778
733,0,0.33883870814271233
734,0,0.7866039762513723
735,1,4.88242717246704
736,0,1.0299488402512695
737,0,0.6122668354395566
738,1,1.907666970154029
739,0,-0.6059073296745879
740,0,-0.9361798713873768
741,1,3.0508617571632985
742,1,8.671752225456954
743,1,8.143268380468458
744,1,0.7171372106520391
745,1,2.456780045822778
746,1,7.903544351217702
747,1,3.169047286658203
748,1,4.470154106825132
749,1,3.60426193802697
750,1,6.753910307088558
751,1,5.722776664999498
752,1,3.969199350721567
753,1,2.7929723244133062
754,1,4.981842849034722
755,0,-0.4867886187016776
756,0,0.06497010561100558
757,1,5.751956649709897
758,1,4.030691687222358
759,0,-0.47019353198055114
760,0,-0.7306409022706293
761,1,5.2707141513658895
762,0,-0.04116077251722684
763,0,-0.25576737450592585
764,1,5.885183356758281
765,0,1.2798747606970067
766,0,2.3020920708859887
767,0,-1.1716700260565793
768,1,4.652544006397321
769,1,6.104453309138116
770,0,-1.083774137577651
771,0,0.79810538440797
772,1,6.2747432271459935
773,0,1.0326417836527588
774,0,-1.0628367585015588
775,0,-0.17393812531635186
776,1,8.152468457726716
777,1,4.764892003830167
778,0,0.2318324204356623
779,1,6.349310092973203
780,1,5.503044139459235
781,1,5.40368230706521
782,0,0.35499977086768775
783,0,-0.29266055779346145
784,0,0.35628015971629756
785,0,1.8864704457580168
786,0,-1.0584107644442156
787,0,-0.14786146481278056
788,0,-1.8653235259235774
789,1,6.34812392700511
790,0,1.2550312136432393
791,0,0.7960657049239026
792,0,-0.15555028636166493
793,0,0.16574649756983
794,1,8.092619922917295
795,1,6.457457532331233
796,1,5.562486195624557
797,1,3.2316374369417513
798,1,8.92324905025259
799,1,2.8783174857825244
800,1,4.217843736260491
801,1,9.224469266457852
802,1,3.4408172653636386
803,1,7.714134208251165
804,1,3.7975204174192863
805,0,-1.3415155112416948
806,1,3.1742770002175194
807,1,5.818969666411683
808,1,5.522167124073712
809,1,7.967901661618797
810,1,2.1652327985298085
811,1,6.07269874111336
812,1,7.82891190419565
813,0,-0.9874824418910586
814,1,7.309498861740026
815,1,2.58138731846664
816,0,1.8090181165857722
817,1,5.879065337629948
818,1,5.408845139732727
819,1,7.667020383705134
820,0,2.0709858495985545
821,1,3.7358026043572137
822,1,4.712089561178264
823,1,5.310349848175919
824,0,-1.278407271066116
825,0,0.07203974519255872
826,0,1.4293230198222848
827,0,0.48106674896540225
828,1,2.697567637728043
829,0,0.2734162947964754
830,1,7.039762616840993
831,0,-0.8630942995719427
832,0,-0.49350970350661183
833,1,5.859890886346119
834,1,4.667677070567302
835,1,4.788610194697084
836,1,5.821483226360477
837,1,9.037174907867726
838,0,0.7812449899105381
839,1,3.370706060284396
840,0,-0.4076086064676803
841,1,1.6795595873472404
842,1,8.673240778962752
843,0,0.19746857701343112
844,0,-2.163861391912669
845,0,0.40924151879807535
846,0,0.1114931804668355
847,1,3.723700853627385
848,1,6.312398929905685
849,0,1.9069308635511413
850,0,-0.07432377237744438
851,0,-0.7438499924180709
852,0,0.18924720233586678
853,1,8.41501817712211
854,0,0.11843231608991014
855,1,7.032608242078158
856,0,-1.3524371846619556
857,0,0.1875220632956708
858,1,4.621526149605991
859,0,-0.5947683309062834
860,1,4.168541225995776
861,0,-1.3596865895892436
862,1,3.296026011313293
863,0,0.045073552205106296
864,1,1.8365631133784763
865,1,2.7404807455853986
866,1,5.5971054741510144
867,0,-2.032534895386382
868,1,3.14270266181932
869,0,3.4246458147077026
870,0,-0.6409785122030726
871,0,0.43694358613173456
872,1,5.755733825648757
873,1,1.708023869038199
874,0,0.3166231657772305
875,0,-0.7695963314168045
876,0,0.5721702526002952
877,0,-0.7500154359947052
878,0,0.5775313191112944
879,1,3.6609042343911264
880,1,3.0288682650646006
881,0,-0.3818751660131614
882,1,4.029918630525233
883,1,1.090457831815208
884,0,-1.11488365826001
885,1,1.122273860081524
886,1,4.028596567715709
887,0,0.7068178104160209
888,0,1.752713635893215
889,0,-0.010211666625391896
890,1,3.4773071872226593
891,0,-0.18631380631312322
892,1,7.703213703933496
893,1,4.782669511817559
894,0,-1.2179716677777999
895,1,2.0162118711833923
896,0,-0.5595468776385852
897,0,-0.3852065723316989
898,0,2.4593565329284237
899,1,5.5234046715707885
900,1,4.7228509729688435
901,0,1.0779831686791848
902,1,5.79767210856024
903,0,-0.19363635944736055
904,1,8.113919917162706
905,1,4.007082210097556
906,0,-0.004825116910189021
907,0,1.3092677486145703
908,0,1.8507791647810363
909,1,6.25162532020282
910,0,-0.08117122015426853
911,0,0.1475555124568897
912,0,1.8965357947838122
913,1,5.1302911266422555
914,1,5.890373276012502
915,1,4.6744189067365385
916,1,8.167587793728735
917,0,-3.3102912946448098
918,1,5.74694433499091
919,1,9.596486126734126
920,1,5.046763405276499
921,0,-0.07114226358265614
922,1,6.183547509206723
923,1,3.142592302237973
924,1,2.245317860144925
925,1,2.523548942298895
926,1,3.432575546457075
927,1,6.342450660510432
928,1,6.448187697474404
929,1,6.379586024938573
930,1,5.703343252474929
931,1,4.098998374840804
932,0,-0.8096860900217926
933,1,3.766155920268644
934,0,0.2666164038959706
935,1,4.269070146212102
936,1,7.455665944697108
937,1,-0.8808656247473845
938,0,-1.796427223302164
939,0,0.6373234061281663
940,1,5.6915363310665334
941,0,-0.19595144575894258
942,0,1.0750466453910936
943,0,-0.662770287020607
944,0,0.49869527595911106
945,0,-1.0829149713100885
946,0,0.22718921854796237
947,1,4.800107807134892
948,1,2.994664093462359
949,1,5.729029272025411
950,0,-0.44466791642298936
951,0,0.41447180112662974
952,0,-0.9916235672652942
953,0,-0.3229871114052964
954,0,-1.5398165979533598
955,0,0.03905042915013464
956,1,2.3862945283635892
957,1,2.448207066296451
958,0,1.9394037165903497
959,0,0.11491025634868432
960,0,-0.24510639336374676
961,1,6.024751985723576
962,1,1.7879776794343596
963,1,0.9003164400499601
964,1,2.8028662946541556
965,1,2.167190910726926
966,1,8.860954723060058
967,1,5.21624417380342
968,0,0.4207609684941265
969,1,6.535786730202291
970,1,1.2903140146893057
971,0,1.4970719718721648
972,0,-1.0370024609712045
973,0,0.4218165081060637
974,1,3.66330978736542
975,1,6.306034452118398
976,0,0.30516517444300784
977,0,0.029631944104607757
978,0,1.4478269355906777
979,1,4.449756695372375
980,1,6.177470904231155
981,1,4.674447156161902
982,1,4.746812887018286
983,1,5.655954447189522
984,0,0.19931756279818688
985,0,-0.5716648751804296
986,1,6.838992867068069
987,0,0.19425902123921962
988,1,8.41047166306636
989,1,5.680631289379495
990,1,6.28169570159532
991,1,5.606911831806206
992,0,-0.539031132179077
993,1,3.2652138889588205
994,1,4.839268389481582
995,1,3.59098509694998
996,0,-0.3793397497496619
997,0,1.1810086239188353
998,0,0.668136098619616
999,1,5.489111028266449
1000,0,-0.10992961167610037
1001,1,5.920006642472415
1002,1,6.432229732078852
1003,0,0.1740541712781801
1004,1,5.983960757643947
1005,1,3.1607962734935793
1006,1,6.787884878465321
1007,0,0.48221852499087287
1008,0,-0.5506231448670457
1009,1,1.0036136096109556
1010,1,6.3777193095067855
1011,1,3.871335685594631
1012,1,2.0797672932969578
1013,1,4.642537801734707
1014,1,7.638699483709184
1015,1,5.802180911947668
1016,0,-1.2726889967195063
1017,0,1.9804768359283735
1018,0,-1.0826961959278758
1019,1,4.331609576825356
1020,1,6.161536437180352
1021,1,5.155155372485837
1022,0,-1.0235295946108591
1023,0,-1.3566680524827917
1024,1,7.864017741364897
1025,0,-0.8384948660461623
1026,1,0.20256840451800873
1027,0,1.367790283396485
1028,1,5.1871113166539145
1029,1,7.541919741019388
1030,1,5.133962590301776
1031,1,4.781284821859103
1032,0,-1.3027334123942185
1033,0,-0.06306562500511442
1034,0,0.44684458577882896
1035,0,1.4097899550646174
1036,1,7.239009207369428
1037,1,4.087673297022946
1038,0,0.9917412771583751
1039,0,1.0843931970115788
1040,1,3.6946827445175794
1041,0,2.2484837023844255
1042,1,6.752405929906405
1043,1,4.293691778794376
1044,0,-0.8391392188311044
1045,1,4.089803337980628
1046,1,4.390647132762092
1047,1,4.690023649687789
1048,1,6.2686890501405355
1049,1,4.5073310667430295
1050,0,-0.004510000564924438
1051,0,1.671931080760161
1052,1,3.598958955700414
1053,0,-1.0464056353596227
1054,0,-0.6175088120736655
1055,0,0.4870042885665726
1056,1,4.454409628149069
1057,0,0.9601744960821044
1058,0,0.7432083873131383
1059,0,0.5900161858374254
1060,0,-0.04642041662099019
1061,1,3.191509979507014
1062,1,6.2937590735844635
1063,1,3.7559160650548793
1064,0,1.2319434529847673
1065,1,4.681549018375276
1066,0,-0.05490761945281102
1067,1,6.225227857331324
1068,0,-0.03707912545200996
1069,1,3.2223497622597277
1070,1,4.654769218939874
1071,1,1.3475926866587296
1072,1,2.8064238223829174
1073,0,0.8031240283886237
1074,0,-0.09349254042073248
1075,1,6.25190337272336
1076,1,3.9829389060636267
1077,1,3.382953419320288
1078,0,-1.204262219339385
1079,0,0.8377288806469683
1080,0,-0.12368483819363003
1081,1,3.475925790232892
1082,0,0.18708685638244182
1083,0,0.522021684823219
1084,1,6.450446604308831
1085,1,3.717583473349466
1086,0,0.5642353767582492
1087,0,-0.49981737454072356
1088,0,0.04383535597908324
1089,1,4.327188296552848
1090,1,3.675847339799698
1091,1,4.0102172750801275
1092,0,0.997301811212002
1093,0,-0.6585337281873961
1094,0,0.3926381460187915
1095,0,1.4922410597315403
1096,0,0.11433588509246866
1097,1,5.331237614494048
1098,1,3.669572787835827
1099,1,2.721066254378447
1100,0,-1.3083325488668962
1101,1,4.177470674801501
1102,0,1.0011980040932562
1103,0,0.7827568280213366
1104,0,0.01406265699201094
1105,1,6.566575854286489
1106,1,5.880993516620855
1107,0,-2.1374304592671223
1108,0,-0.9502036104710329
1109,0,0.3706309772956828
1110,0,0.07190834631773943
1111,0,-0.4677281877105756
1112,1,6.267499010142189
1113,1,4.503607428436905
1114,1,3.562072159105951
1115,1,4.524221982018774
1116,1,2.33107243280616
1117,1,4.289057410137533
1118,1,7.132774174495195
1119,1,2.965261057655823
1120,1,6.038913452362199
1121,1,2.3558169639861024
1122,1,4.117264632469556
1123,1,6.285886588853397
1124,1,7.796315763863021
1125,0,-1.6227381841721553
1126,0,-0.5050684869072231
1127,0,1.0925312839093422
1128,1,5.9870384361682385
1129,1,6.605515033624792
1130,1,4.2192932489974995
1131,1,4.747486216069098
1132,0,-0.5858549389909166
1133,0,-0.6783251265899204
1134,1,7.879968969171697
1135,1,2.548132882352085
1136,0,-0.4511464935158759
1137,1,7.625438641237961
1138,0,-0.2664851008957723
1139,1,3.1955724777515417
1140,0,-0.0024671541603096037
1141,0,0.5474300054837486
1142,1,3.56285998207424
1143,1,5.959943875007871
1144,1,3.9730317495207372
1145,0,0.7406574416838858
1146,0,0.21306500226199054
1147,1,4.724894678274654
1148,0,1.843989155147619
1149,1,1.4407426490837554
1150,1,7.301693176326346
1151,1,6.996258636743407
1152,1,5.392622361083049
1153,1,2.88037032803951
1154,0,0.3658130085221744
1155,1,6.555548445592912
1156,1,5.8242549386281794
1157,0,-0.4999737122137102
1158,0,0.12564971538307318
1159,0,-0.7295045340052745
1160,1,7.506341022511874
1161,0,1.0751908151600045
1162,0,0.36862354592492347
1163,0,-0.0006176466272015941
1164,0,1.0914287381359564
1165,1,7.0961374206058405
1166,1,3.3396664436571077
1167,1,4.531264748909209
1168,1,3.509203718061884
1169,0,-1.198665960526947
1170,0,-0.3291041628060971
1171,1,1.251926288824555
1172,0,-1.7593481100373818
1173,1,5.555378048767338
1174,1,7.134397673466999
1175,0,-0.36949920050818835
1176,0,0.47340300773122196
1177,1,2.844490839652434
1178,1,5.96472432736029
1179,0,-0.22255936302080417
1180,0,-0.8549567492542984
1181,1,3.0627312781276843
1182,1,8.392349216672665
1183,1,1.816344398000735
1184,0,-0.315249119685588
1185,1,4.881726607138672
1186,1,4.845572970538795
1187,0,-2.409929669733188
1188,0,0.09570568763245949
1189,1,7.518409516557572
1190,1,5.310336543471802
1191,1,5.029606441986516
1192,0,1.0338810031151155
1193,0,-0.6513979141523607
1194,1,6.305554500352777
1195,1,6.224064371878565
1196,0,0.6957302112853991
1197,0,-0.8440975409681274
1198,0,-0.4850248461098912
1199,0,-0.36883250330864703
1200,1,4.0686157535502785
1201,0,-0.8573562840971073
1202,0,1.2014353808091565
1203,1,6.202056730447056
1204,0,0.28792278301481666
1205,1,6.85733083810935
1206,1,6.770802157300941
1207,0,-2.0146697418386776
1208,0,0.3870332102874537
1209,0,1.4869507997436349
1210,0,0.12309480746791991
1211,1,8.636161462958764
1212,0,-0.6061563133559446
1213,1,8.56499047973372
1214,0,0.33615694852409794
1215,0,-1.890638328948863
1216,0,2.0633107878896646
1217,0,0.02597068636165821
1218,1,7.265617179704533
1219,0,-0.35295912664138857
1220,0,-1.2338420848622238
1221,1,5.9557488550299365
1222,0,0.17853133992544568
1223,0,0.0660968030917176
1224,0,-0.4311051818262355
1225,1,10.46261689194527
1226,1,3.008799830337884
1227,1,1.649244234131698
1228,1,2.8979910773826223
1229,1,0.6658410366919485
1230,0,-0.2113280095811078
1231,0,-0.8118911492677939
1232,1,5.849981694027741
1233,0,0.9016786601619194
1234,1,5.257404464270023
1235,0,-1.2592519282284118
1236,1,1.0529198164971394
1237,1,7.0329745299622015
1238,1,5.506701832857471
1239,1,7.853823093589559
1240,1,2.7833489585442455
1241,1,5.408256014550236
1242,1,0.944089793597894
1243,0,0.14773155046779224
1244,1,5.49302400119921
1245,0,-0.19203344766744557
1246,0,-0.14637954900762165
1247,1,1.5404854941442725
1248,1,7.6222344977948655
1249,1,5.219130826140975
1250,0,0.9150217634805564
1251,1,3.749040473631619
1252,1,5.454896085185955
1253,1,8.369148783864386
1254,0,0.7567414362235959
1255,1,2.7104915549768633
1256,1,3.7243290709819457
1257,1,7.05252438949249
1258,0,0.04188677028622222
1259,1,4.929119397921352
1260,0,0.2607871571130877
1261,1,6.130772242484166
1262,1,8.134173874104317
1263,1,5.626365555065767
1264,1,4.849308770727895
1265,0,0.4083561786093667
1266,0,0.29944781833224293
1267,1,5.973876352760466
1268,0,-0.9082835962465682
1269,1,2.8679017965611173
1270,1,3.792542553907595
1271,0,-1.3314290874120533
1272,0,0.15561625455600303
1273,1,3.403565552745717
1274,1,6.380167793255014
1275,0,-0.2590466675609358
1276,1,5.17165825352661
1277,1,6.85235484529288
1278,1,4.4756196573344456
1279,0,1.5859451822492108
1280,0,1.9925132984563318
1281,1,7.061515888563508
1282,1,2.343880046810143
1283,0,-0.3657183962208754
1284,0,-0.8619924956197715
1285,0,-0.05284245100513866
1286,1,6.414674421623509
1287,0,-2.1390370593718457
1288,0,-0.5049493764500881
1289,1,4.7583881301967885
1290,0,-0.3755545075174464
1291,1,5.840912433465162
1292,1,4.419505609145686
1293,1,4.538430221996749
1294,1,4.04985776278254
1295,1,4.602475701289453
1296,1,5.118518377038589
1297,1,6.693296213369088
1298,0,-0.7407412734455643
1299,0,0.8759370836165538
1300,0,-0.41868144209492897
1301,1,8.779880813358012
1302,0,0.07763912733760552
1303,0,-1.222396543339338
1304,1,3.5776319093341176
1305,1,7.8813681210499364
1306,0,-3.111070318603908
1307,0,-0.3686086908370006
1308,0,0.03377059508749982
1309,0,0.3695939869886934
1310,1,6.8973340507195235
1311,1,4.114784531007507
1312,0,-1.0730506168850984
1313,0,0.041422499366951394
1314,1,4.327617230403189
1315,1,8.32113312354048
1316,1,8.964699896681836
1317,0,-2.2454443368166186
1318,0,-0.3276088243914857
1319,0,-0.5477713521000231
1320,1,4.717811761208588
1321,0,0.006726874008614514
1322,1,5.009610488714625
1323,1,3.621893390415318
1324,0,0.005712136756886966
1325,1,3.2662119529529687
1326,1,4.589987417754203
1327,1,7.662353962957143
1328,1,4.501577512495997
1329,1,4.57999986557754
1330,0,-1.0829900579626963
1331,0,-0.06524813259573532
1332,0,-1.202581211033278
1333,1,5.8477326384504185
1334,1,3.086241519378203
1335,1,7.57181141500357
1336,0,-0.4284327986916271
1337,1,2.330447881883611
1338,1,7.590941129355982
1339,1,4.008715828206455
1340,1,7.492446649953584
1341,1,5.594988232192459
1342,0,1.5577050289948726
1343,0,-0.17191576142296883
1344,1,7.071089738060415
1345,1,6.574515922967486
1346,1,5.772748509643021
1347,1,5.62955115649666
1348,0,0.0067609460433388875
1349,0,-0.35610323578371084
1350,1,1.4169336521127396
1351,0,0.15988571393143863
1352,0,1.0556016702330775
1353,0,0.3089203237101491
1354,0,1.2183091264808215
1355,1,2.690851741997407
1356,1,7.144029919684801
1357,1,3.18493520578836
1358,1,0.7841180920654578
1359,1,4.852839867760811
1360,1,8.85344472522648
1361,0,-0.7119866227184011
1362,0,0.48639230771293473
1363,1,2.95449650804365
1364,1,0.9080096105245143
1365,1,5.706623901375911
1366,1,5.868949324035026
1367,1,5.438924932604978
1368,0,-0.5765991140438942
1369,1,4.786294791892003
1370,1,7.412462931556106
1371,1,4.646411771801745
1372,1,7.369861370693872
1373,1,4.355391641401582
1374,0,-1.1372694601489368
1375,1,4.662028615854809
1376,0,0.26858003706036665
1377,1,7.474147429781245
1378,1,9.076606985018195
1379,1,1.0518380034575814
1380,1,1.4985260388316393
1381,1,3.213430353086274
1382,1,3.1128038761522028
1383,1,4.9126890207908795
1384,1,2.9597169130103897
1385,0,0.6291511744910253
1386,0,-1.7682343797221487
1387,1,1.5560843959513586
1388,0,-0.09069758718367614
1389,1,2.6506636133434514
1390,1,4.028849091410935
1391,1,3.2607181620183407
1392,0,-1.4651005996700075
1393,1,9.316102450791941
1394,1,0.40187400679039076
1395,0,0.7501341116862073
1396,0,-0.7640189528435606
1397,1,6.167674580797025
1398,1,10.149382020755617
1399,0,-0.4503460536488473
1400,0,-0.04757540920937164
1401,0,-0.9513738996088064
1402,0,-1.0399199114674549
1403,1,4.837058136430794
1404,1,5.260305672980831
1405,0,0.18963007423237446
1406,0,-0.5890691738801337
1407,0,-0.18469123983042815
1408,1,2.7838578971105115
1409,1,5.069493339139796
1410,0,-0.9159601148117307
1411,0,0.6961095495795316
1412,1,4.84123158313183
1413,0,0.37298240274291494
1414,0,0.1386322874232233
1415,0,-1.146258461669868
1416,1,3.564930796366407
1417,0,0.638388654472281
1418,1,5.4646005731307925
1419,1,4.418329707536543
1420,1,6.428166663892836
1421,0,-1.4171060409242822
1422,1,4.178682536805719
1423,0,0.8232696265317965
1424,0,1.0459775220830703
1425,1,4.4336385236602
1426,1,5.355533415864461
1427,0,0.42475472305442574
1428,0,-1.0899601886308923
1429,0,2.220101849952209
1430,0,0.8621498880581367
1431,0,-0.0791882288399481
1432,0,0.6255362598580426
1433,0,-0.9934240761022736
1434,1,3.729920201225216
1435,1,5.301165017369554
1436,0,-0.771315922637656
1437,0,-1.4305879221344866
1438,0,0.01751257498044587
1439,0,1.3559937765162002
1440,1,5.214111833798373
1441,0,1.4353705699726778
1442,1,7.0196693597842375
1443,0,0.6848764153125508
1444,0,-1.089120942510705
1445,0,0.1215040149490225
1446,1,7.0525506920818835
1447,0,-0.46134427785305543
1448,0,0.2622206617112047
1449,1,5.468774152157054
1450,0,-0.3886329173885225
1451,1,2.147700374313109
1452,1,1.9892636595827367
1453,0,0.4379490802224016
1454,0,-1.3886130252601994
1455,1,5.147796382771008
1456,0,-0.34278687860399576
1457,1,1.2836634466590047
1458,0,-1.5029346274778912
1459,0,-0.23681949361730179
1460,0,1.7937358017283764
1461,0,-1.2419393488618855
1462,1,4.799661092957562
1463,0,0.44324684728601504
1464,1,6.158283837906749
1465,1,8.052000632970309
1466,0,-0.9039846121513629
1467,1,4.026318699319898
1468,0,0.5153480567902468
1469,1,5.545092968423379
1470,1,2.898210614267439
1471,0,-0.9142823262455905
1472,0,-1.3809511875047586
1473,1,6.18948178204821
1474,1,6.326677265499043
1475,0,-0.09539395312869157
1476,1,8.234604606955788
1477,0,0.3640110603060642
1478,0,-0.16423645066334236
1479,1,1.6242105289086464
1480,1,4.583864174190893
1481,1,5.9234017469695335
1482,1,3.8152353333895395
1483,0,-0.4587922940628272
1484,0,0.40161450014508643
1485,0,-0.9504279532170852
1486,0,-1.3980707728547763
1487,0,0.47859574782559666
1488,0,-0.5172127989740666
1489,1,7.496912656741228
1490,1,7.682470490619018
1491,1,4.113868773082442
1492,0,-1.0753504364952804
1493,1,3.9532630971862037
1494,1,3.2733837649084307
1495,1,7.44100330029504
1496,0,1.298488109386256
1497,0,0.5813903059808032
1498,0,-0.1681262471906254
1499,0,1.7681570559224533
1500,1,4.982651354606197
1501,1,5.779365304014199
1502,1,5.939102365772658
1503,1,1.6549257968169595
1504,0,0.3771290080015534
1505,1,7.211631674433848
1506,0,-0.2799371794013124
1507,1,5.206928309122211
1508,1,5.5460488765828115
1509,1,4.440554984582105
1510,1,4.249685505303581
1511,0,-0.39166386863100383
1512,0,-0.7614251753480291
1513,0,-1.4657738108816616
1514,1,7.415845779325784
1515,0,0.3294390689038766
1516,1,4.059179609647443
1517,0,-0.8985460234904906
1518,1,3.90658790935339
1519,1,2.589363317024715
1520,1,3.671394241980624
1521,1,6.200284304374437
1522,1,4.088276383448681
1523,0,-0.21353409334505422
1524,1,6.716541465684164
1525,0,-0.9546237565025044
1526,1,4.169145546165153
1527,0,1.435012500850827
1528,1,3.7879899268170902
1529,1,4.946536230952053
1530,1,3.3706413492191625
1531,1,3.187411811921466
1532,1,3.306140690524187
1533,1,5.77872570422641
1534,0,0.8761169766747082
1535,0,-2.660920910494116
1536,1,4.210789726610153
1537,1,8.028441495729076
1538,0,1.273589200588969
1539,1,5.918741942346471
1540,1,5.623741897456489
1541,1,4.607291542555475
1542,0,0.6241813198827281
1543,1,1.7556011020730136
1544,1,2.71824352641175
1545,0,-1.5355860908807375
1546,1,7.239843811493476
1547,0,2.0146212419050746
1548,0,0.11407427299145491
1549,0,0.07519444247563936
1550,0,-0.1974633162587115
1551,1,-0.2590772437783606
1552,1,10.35832108064962
1553,1,2.977747293114315
1554,1,6.151573392950597
1555,0,0.6939281048425665
1556,0,0.44448208998202526
1557,0,1.059812151132544
1558,1,2.643460949550063
1559,1,4.681788318913711
1560,0,-2.3835674247729934
1561,1,1.4969691224877324
1562,0,1.2710318541970105
1563,1,8.75230659577523
1564,0,0.2025653835620828
1565,1,4.3688125287556865
1566,1,1.4425881712116757
1567,1,5.2410451770248825
1568,1,7.197583553234134
1569,0,1.1158672691169147
1570,0,-0.9428280706594844
1571,0,1.3787685229049031
1572,0,0.8960198791031531
1573,0,-0.11616109705790321
1574,0,0.4168699212129103
1575,0,-0.7688840565283118
1576,0,-0.08182335300867062
1577,1,5.937259214319642
1578,0,-0.0015576435670804165
1579,1,4.594329203167864
1580,0,-2.561557045751214
1581,0,-1.244367949843857
1582,0,0.7300595369180857
1583,1,5.796980844838606
1584,1,3.5006268907449614
1585,1,2.685554473534699
1586,1,5.2253168689611
1587,1,1.5862269196176881
1588,1,7.100169290117661
1589,1,6.0658576480361575
1590,0,1.180036131139546
1591,1,3.826330150533307
1592,1,3.791785261974244
1593,0,-1.4907135587408857
1594,0,0.6131751207537178
1595,0,1.4184632965204227
1596,0,-1.0712537170439755
1597,0,0.2595945843326841
1598,0,1.6671551437453327
1599,0,2.217876079113897
1600,1,3.430831265680088
1601,0,0.9243192954037089
1602,1,2.69816739347141
1603,1,3.321528656559358
1604,1,4.4675827551880785
1605,0,0.17718598965547971
1606,1,5.428746397411249
1607,0,-0.7500026292344929
1608,0,0.33701075645189893
1609,1,4.635531502649232
1610,1,7.551037351747214
1611,1,4.770912183598272
1612,1,5.276175091928804
1613,0,0.7382202243363579
1614,1,2.9828302033574197
1615,0,-1.3728048307500238
1616,0,2.094541030310154
1617,1,7.667543841194101
1618,1,2.8361052600607093
1619,1,1.4655882166865712
1620,0,0.17278898493271308
1621,1,4.219542786313094
1622,0,-1.757230491726383
1623,0,-1.004876958225984
1624,1,5.985191348890417
1625,1,5.910955049193064
1626,0,-0.049199322932329544
1627,1,6.3331048384621855
1628,1,2.643897708160649
1629,1,4.103510963246615
1630,1,3.8342977949411954
1631,0,0.6483764986917359
1632,1,2.55922295371686
1633,1,5.338391569509741
1634,1,6.441867610943854
1635,0,0.0703558535989478
1636,1,1.9110951899669515
1637,0,0.5819127348852768
1638,0,0.8174162879618229
1639,0,0.46616404078039836
1640,0,1.7572424667306838
1641,1,4.467211993731142
1642,1,3.5794020370847637
1643,1,8.44819398659421
1644,1,3.628711325396509
1645,1,2.991743923007782
1646,1,2.668557594837375
1647,0,1.8945585271672443
1648,0,-2.0745318449867356
1649,1,3.296798635838052
1650,1,6.725703098426114
1651,1,4.118828857410729
1652,0,1.5000843644321091
1653,0,-1.9745183887907227
1654,0,-0.35014068332152476
1655,1,5.655573153901232
1656,0,-1.2630912934912082
1657,1,5.463895104629787
1658,0,0.6043700335054265
1659,0,0.9488380210341848
1660,1,6.712639112207383
1661,1,6.2731982423942805
1662,1,7.216539719643773
1663,1,5.612506761725685
1664,0,0.0945824981968902
1665,1,7.69455616430409
1666,0,-0.11503026274373118
1667,0,1.2880206306316673
1668,1,6.3784799239702945
1669,0,-0.3037219269599564
1670,1,4.4642966055594115
1671,0,0.6881927973924945
1672,0,-0.5953442564469087
1673,0,-2.7411553111199463
1674,0,0.14330784698308713
1675,1,6.57638386995708
1676,1,5.66211067978468
1677,0,-0.579299180926454
1678,1,7.045782041554057
1679,1,2.9050700649337595
1680,0,0.38032088763539695
1681,1,2.0449431450668736
1682,1,6.06588219674768
1683,1,1.3228931902433447
1684,1,4.997050229730699
1685,0,0.15958804145042946
1686,0,0.10174560065238854
1687,0,0.6544249378791431
1688,1,4.906923296200927
1689,1,4.36448492295391
1690,1,6.424791358466568
1691,1,4.932430516889664
1692,1,3.9328650686904982
1693,1,3.3064820775931247
1694,0,0.9682924663360475
1695,0,-0.9490545423994721
1696,1,7.02195410999208
1697,1,3.410074905540845
1698,1,5.405674754763572
1699,1,10.183672595418805
1700,1,1.3088314751992982
1701,0,0.12480734907690538
1702,1,5.947424754902232
1703,0,0.41294242358267874
1704,1,5.883533467987278
1705,1,4.488136766891802
1706,0,-0.2916366480124875
1707,0,1.0350716128091735
1708,0,0.24035992561886405
1709,1,3.5489836184511567
1710,1,3.807484854311171
1711,1,7.028771178450688
1712,0,0.8977059843406292
1713,1,4.781887232829532
1714,1,3.7564748716576064
1715,0,-0.019417706671005067
1716,1,3.0133074542629252
1717,0,-0.5534264000699222
1718,1,5.768901192450624
1719,1,5.471812677603708
1720,0,-0.47888995576298155
1721,1,3.6100126726505852
1722,1,4.422597345508574
1723,0,0.3380280071713368
1724,0,-0.16715997514357672
1725,0,-0.762673246053237
1726,0,-0.7907617562531436
1727,1,1.4224825963344232
1728,1,5.362631787043002
1729,0,-1.7984968538144337
1730,0,-0.33764705326516714
1731,1,2.5224464084850973
1732,1,4.241394668676837
1733,1,5.196690546779454
1734,1,6.194436426147718
1735,0,0.48125282179837364
1736,1,3.763617923422747
1737,0,-1.9063502804307766
1738,1,8.306586295829604
1739,0,3.1757945631814257
1740,0,-1.5396311855087312
1741,0,0.34263584535459707
1742,1,4.668355968480863
1743,0,-0.6106211771423745
1744,1,2.3368503763404553
1745,1,4.321485981708456
1746,1,2.7895207500100545
1747,0,1.1310710742870111
1748,1,10.61769856889233
1749,0,1.4817618557152932
1750,0,-0.25596309230868447
1751,1,4.065149092736611
1752,1,4.946384742048553
1753,1,3.5061602520812287
1754,0,-0.09403979632037482
1755,1,6.033864065455255
1756,1,5.403518944100404
1757,0,-2.6298231504527343
1758,0,-0.13874643945280338
1759,1,9.000650504540676
1760,0,-1.0176669246905021
1761,0,-0.09359582252729869
1762,1,3.2243574031887556
1763,1,5.6636316362086285
1764,1,5.974140914806575
1765,0,-0.3060055051943822
1766,1,3.3610912777675823
1767,0,-0.35173431127899557
1768,0,0.6126123715661188
1769,1,5.516505631838911
1770,1,1.5934494021522116
1771,1,1.9529025664811934
1772,0,-2.5144668052886354
1773,0,0.8380848403071441
1774,0,0.5112140832046878
1775,1,3.971331184948629
1776,1,8.116534917626566
1777,1,5.278993227258088
1778,0,-1.4424559087819444
1779,0,1.597312238149634
1780,0,1.084292297276474
1781,0,-2.8786931646342966
1782,0,0.8782769746105247
1783,0,1.0768613588220355
1784,0,-0.7230437271164143
1785,0,0.36183958173064706
1786,1,2.6372684749623065
1787,0,-3.0974392888077227
1788,0,-0.3158499533890664
1789,0,2.3466664573886837
1790,1,4.394622125295381
1791,0,-1.863750287171526
1792,0,0.4886179940878497
1793,1,10.27376254517366
1794,0,1.48274442883613
1795,1,1.0629859352412416
1796,1,0.6897606071612552
1797,0,-0.4705664042900085
1798,0,1.7729852005283606
1799,1,5.409227634268683
1800,1,6.795979716950254
1801,1,3.5564832971702276
1802,0,-2.478522633928867
1803,1,1.208899798864537
1804,1,4.248484574142665
1805,1,3.7746065167388165
1806,1,8.641471306545359
1807,0,0.7009688329449829
1808,0,0.01263576771140053
1809,0,0.5828288646766872
1810,0,0.5002069354754648
1811,0,-0.9265802680262786
1812,1,5.870919105173143
1813,1,5.723489335594822
1814,0,-0.4926898756099285
1815,1,3.1325916126313613
1816,0,1.4827207254556078
1817,1,6.393111399192656
1818,1,6.47497012197188
1819,1,2.5795382631556043
1820,1,4.945853240405266
1821,0,0.07555861899841836
1822,0,0.006978012749731996
1823,0,0.1768187571922821
1824,1,6.654596502133931
1825,0,0.42474554953992544
1826,0,-0.2820093702380266
1827,0,-0.4933093572527109
1828,1,2.7478279604255884
1829,1,7.79878830735034
1830,1,4.789499893568957
1831,1,3.1716761479829048
1832,1,2.6473882229758456
1833,1,4.872942745114958
1834,0,0.09781094165078583
1835,0,1.0155592990070799
1836,0,-1.9890737251210955
1837,0,2.0170506910274044
1838,1,7.097869787718826
1839,0,1.652054609676331
1840,1,1.4202007649825767
1841,0,2.2926976006547544
1842,0,-0.038014847943424274
1843,0,-1.6700951078444644
1844,0,0.16210969739527725
1845,0,-0.21087448711853404
1846,0,0.09889930300614716
1847,0,1.4178146712331483
1848,1,4.070122051152422
1849,0,0.4924802030453182
1850,0,-1.7638659184838286
1851,0,-0.4701902524602431
1852,1,4.761298017715494
1853,1,3.8243702765815693
1854,0,0.1041630715308948
1855,0,0.9711230520356653
1856,1,2.7193529327498673
1857,1,10.035992613579783
1858,0,-0.3454221949599409
1859,0,0.8506892258509106
1860,1,8.332244243113184
1861,0,1.3842613899643101
1862,0,2.0538526221253
1863,1,6.339281506345428
1864,0,2.2296234192384463
1865,1,4.333684334373591
1866,1,4.590291095457752
1867,0,-0.0723284578299147
1868,0,-0.9127986515110179
1869,1,4.837906336379186
1870,0,2.4338161493981465
1871,1,6.047295458745342
1872,1,7.965667570437544
1873,1,2.6791768455602702
1874,0,1.5213197146546777
1875,0,0.21951022956072672
1876,1,6.8225618482236445
1877,0,-1.1988294276762808
1878,1,4.435739325308743
1879,0,-0.3435579615676866
1880,0,0.35933695772395585
1881,0,-1.058715093905724
1882,1,2.4413713034655626
1883,0,1.5482499172135271
1884,1,7.23138946248525
1885,1,0.33452856475882253
1886,1,6.126200235011028
1887,1,1.5807038427419
1888,0,-0.6093400559837019
1889,1,5.060200233382691
1890,1,3.3629242525351195
1891,1,0.9995212484881666
1892,1,2.302683790673647
1893,0,0.6713647316849354
1894,0,-0.46693949221545655
1895,1,6.3903007831633
1896,0,-0.08487603266119323
1897,1,5.876546193978376
1898,0,1.2203076412966172
1899,0,0.006123986616888946
1900,1,4.2422423431875185
1901,0,1.0859393074714385
1902,0,-1.2671274626711229
1903,1,4.949034487549901
1904,1,3.929687121297907
1905,1,5.3767094432967895
1906,1,5.455870585279199
1907,0,-2.4673507770206
1908,1,2.9444628784411977
1909,1,2.893946765343008
1910,1,4.944643217658155
1911,1,7.783164215560381
1912,1,4.630062257433288
1913,0,0.21266894059618455
1914,0,0.5938132917152669
1915,0,1.3617897621301922
1916,0,-0.02784241169369708
1917,1,4.031768748946773
1918,1,6.76744845357585
1919,0,-1.83386151183498
1920,0,-1.6330017973758821
1921,0,0.4752049305357232
1922,0,-0.16731817213825392
1923,0,-0.17453587741424675
1924,1,6.007343643986519
1925,0,0.3532247167236189
1926,1,5.483894321137084
1927,0,-0.16745800531652963
1928,1,5.236988663907791
1929,1,4.466515111897099
1930,0,-0.2479731718983776
1931,1,6.163223484202204
1932,1,4.219899917272116
1933,0,-0.12172247135591863
1934,1,3.1827956189859714
1935,1,5.453052986873613
1936,1,2.351635872609444
1937,1,3.9531624421657767
1938,1,6.785361140286076
1939,1,5.926169479346889
1940,1,-0.09703341165322499
1941,0,0.6507836175551358
1942,1,5.349754087719542
1943,0,-0.07189727720986651
1944,1,6.4233135176530896
1945,0,0.3692826076797791
1946,1,7.420027677326276
1947,0,0.8202256709295616
1948,1,7.758683147794368
1949,1,4.0721830235122
1950,1,2.2935066556050603
1951,1,6.795534531435383
1952,1,6.168051028201152
1953,0,0.17498657733928752
1954,0,-1.5439914629051918
1955,1,7.363966852328664
1956,1,6.269956173242557
1957,1,4.706170901629101
1958,0,-0.5747330836625485
1959,0,1.1310179433213325
1960,0,1.0670175983178047
1961,1,4.2942206050729546
1962,1,7.647031634136735
1963,1,6.566786605161955
1964,1,3.46771091660095
1965,0,-0.2601496227480768
1966,1,5.851787160821759
1967,0,-0.5352756381168036
1968,0,-0.20505907988370908
1969,1,2.1540857208560116
1970,1,2.846398643263353
1971,1,3.4067996734685155
1972,1,4.458777653556025
1973,1,5.446112184892586
1974,1,6.6124950666822375
1975,0,-2.1159043177333805
1976,0,0.5801158400378883
1977,0,-3.0828256430859273
1978,1,1.8357561212016056
1979,1,3.9605449431159974
1980,0,0.10227536934293256
1981,1,2.5745436572555307
1982,1,3.0629325190220493
1983,0,0.1655023642282218
1984,1,4.605386616794375
1985,1,3.5018880341118597
1986,0,1.5256996328956314
1987,0,0.6005325660907052
1988,0,-0.04381163451258764
1989,1,6.464583446084737
1990,1,10.12526434037342
1991,1,2.1184799305817648
1992,1,4.644038308876656
1993,1,4.442935783568266
1994,0,-0.17776908315765638
1995,0,-0.10222508066220276
1996,0,1.087702012436798
1997,0,-0.9706596154423107
1998,1,5.994064558983771
1999,0,-2.2175723565655514
2000,0,0.05663749370437296
2001,1,4.553325413741431
2002,1,4.057143987096043
2003,1,5.600168113822908
2004,0,-0.38376263303755176
2005,0,0.5466994429059063
2006,0,2.287149314944728
2007,1,7.404133346023883
2008,1,7.251371168733209
2009,0,0.6045673997626198
2010,1,4.064063440724438
2011,1,2.588501499525189
2012,1,3.683275684801511
2013,1,4.877316959020736
2014,1,2.6349992441956767
2015,0,-1.1798188436196433
2016,0,1.3505432530185668
2017,1,5.109067984323602
2018,1,1.0193363753536704
2019,0,-1.200529374163598
2020,0,0.13618986058122604
2021,1,6.5081552717035125
2022,0,0.7376057821537543
2023,1,5.378207127079426
2024,1,4.117071167777226
2025,0,-0.6044220731292301
2026,1,6.499456093392333
2027,0,1.5686125972200153
2028,1,2.423612100065955
2029,0,0.6050204550053297
2030,1,10.038725866049589
2031,1,5.219558040755135
2032,0,-0.018118470454528187
2033,1,4.123122951942242
2034,1,7.6931892216149915
2035,1,5.379557803966172
2036,0,-0.44392104918260705
2037,1,2.7855230990589117
2038,1,3.435418577791461
2039,0,0.3772149998823701
2040,1,3.8894262305778304
2041,1,5.832586373934049
2042,0,-0.3550252876980063
2043,0,-2.267033305952193
2044,0,-0.09672200848617413
2045,0,-0.07890715026223286
2046,0,2.8187423229056128
2047,1,9.411676051607717
2048,1,6.320711735687709
2049,0,0.42283456471409425
2050,1,4.822449541032253
2051,1,5.097068428038382
2052,0,0.426933216333978
2053,0,1.2246354087901572
2054,0,0.46375606247301493
2055,0,-0.07483582757497344
2056,1,7.891001573967323
2057,1,0.9714695471908623
2058,1,3.9101037981826376
2059,1,5.622538129444659
2060,1,0.19493297883722072
2061,1,5.529997418952559
2062,1,-0.19600932438228202
2063,0,-1.39447145468079
2064,1,5.445416616584184
2065,1,5.739416646906013
2066,1,4.601568206680781
2067,1,8.031571130483592
2068,1,6.925857723841382
2069,0,-0.021544045281305404
2070,1,4.6110367778338555
2071,1,4.787492199988167
2072,1,2.994135619718172
2073,0,-0.13822101694649996
2074,0,0.2562709302598152
2075,0,0.40230760228602336
2076,0,-0.6947398422323002
2077,1,3.6688684335082744
2078,0,0.37518583621532026
2079,1,6.578530362236938
2080,1,4.462922369709439
2081,1,4.258928171039541
2082,0,0.7974192009410366
2083,1,6.112132411857581
2084,1,4.011674949897314
2085,0,-0.6292406754292301
2086,1,7.042461423874887
2087,1,5.823546278350731
2088,0,-0.19544640147808567
2089,1,4.967432632601301
2090,1,6.849871741598995
2091,0,0.0420080268806055
2092,1,6.319238786747687
2093,0,2.1100721692763056
2094,1,2.6403534878967094
2095,1,11.63913793968932
2096,1,4.125569786647071
2097,1,1.9609660744003916
2098,1,6.127768928928643
2099,1,3.769103697151219
2100,1,3.1051231978862983
2101,1,4.260191688590951
2102,0,-0.37600687339122346
2103,0,0.62100134335431
2104,0,0.29616546651947895
2105,1,9.471934829847083
2106,0,-1.3423832483580826
2107,0,-0.007301945323936906
2108,1,4.6527610753268105
2109,0,0.1903482071395686
2110,0,0.5522458057591073
2111,0,1.4758822525319342
2112,0,-0.8719616313592503
2113,0,-1.717952349984084
2114,1,4.939191922916841
2115,1,2.647216530481519
2116,0,-1.115773776538138
2117,1,3.5355949651808487
2118,0,0.21493582084115773
2119,0,0.2892644504743065
2120,1,5.509204701769387
2121,0,-0.028021227050751045
2122,1,5.092967505161021
2123,0,0.5617261150027648
2124,0,-0.9397683460503078
2125,1,1.4118790112713606
2126,0,-0.23329438973041758
2127,0,-0.12340290858996307
2128,0,-1.469315714076562
2129,0,-1.3402499048739924
2130,1,8.963303496631912
2131,1,4.599048104348759
2132,1,7.01361709715167
2133,1,-0.6863218257022874
2134,0,2.152350133445238
2135,0,1.2664302268170318
2136,0,2.0530193898641045
2137,0,0.6556654447000265
2138,1,3.6318282143251963
2139,1,7.053956170833086
2140,1,5.516357882934367
2141,0,-0.9938073559835225
2142,0,1.5363652476129852
2143,0,-0.3804462129022399
2144,0,2.1687789520257397
2145,1,5.916239514843553
2146,0,1.1330627050362974
2147,1,3.7073408254459173
2148,1,5.477054943283428
2149,0,1.1566661483476988
2150,1,4.178182971096068
2151,0,0.11421727731384591
2152,0,0.9283101651048489
2153,1,1.2312991554863246
2154,0,-0.4023810640285964
2155,0,-0.8809307340883372
2156,0,-0.8076052151168686
2157,0,-0.036998629623155796
2158,0,1.1509982144836592
2159,1,2.1914413565913544
2160,1,2.985291937100615
2161,1,3.1096573430615457
2162,1,6.943424657251492
2163,1,5.0284368558775805
2164,1,1.954309987362509
2165,1,2.5525298330333586
2166,1,2.606848138728207
2167,1,6.77635787773765
2168,1,9.03874224896759
2169,1,4.213041152959011
2170,1,3.415240501647159
2171,0,-2.696156552111205
2172,0,1.241852308819069
2173,0,1.629424082283549
2174,0,-1.3051360154746552
2175,1,4.645222339792958
2176,1,2.2096724555172567
2177,1,3.111013439652382
2178,1,1.2886156105772684
2179,1,4.757859674912764
2180,0,0.7938013999154425
2181,0,-1.0305942303848648
2182,0,0.9439933943123004
2183,0,0.22562502014313254
2184,0,1.3004742221625398
2185,0,0.6186702762591615
2186,1,8.176326729812837
2187,1,5.234422503765938
2188,1,4.301400069227318
2189,1,5.066604756644404
2190,1,5.830181822100949
2191,1,6.272792375105856
2192,0,2.034788684682469
2193,1,2.0272092298723914
2194,0,0.49851786761179007
2195,1,4.476951070188089
2196,0,1.1316413574180566
2197,1,5.430767400994404
2198,0,0.3276690382474917
2199,0,-0.8658520364667652
2200,0,0.41969953283616734
2201,0,-1.545843805855166
2202,0,-0.15851850864507522
2203,1,8.19000694929129
2204,1,6.100972418926513
2205,1,4.61458838654921
2206,1,9.18392476261796
2207,1,1.6321772138626485
2208,1,5.106328121830924
2209,0,-0.002673729755610546
2210,1,4.349853931185516
2211,1,8.605634719803858
2212,0,0.12865715846411518
2213,1,4.00275475241143
2214,1,1.9880275620812
2215,1,6.909349293219429
2216,1,3.1964242172280986
2217,1,6.061170208107628
2218,1,6.425507546275643
2219,1,5.480534460779163
2220,1,2.496188637685836
2221,1,5.726237373168276
2222,1,4.466096635102611
2223,1,3.1884935377242214
2224,0,0.2220691411264082
2225,1,2.9291948237440786
2226,1,4.544751883447433
2227,1,4.066569470028635
2228,1,9.395849641224428
2229,1,8.946056642181643
2230,1,6.981454356598427
2231,1,6.641290992553641
2232,0,2.0605463947666354
2233,1,2.593556863391931
2234,0,-1.7046802127885166
2235,1,2.7201212241072543
2236,1,4.050012544179227
2237,0,-0.8908374391445454
2238,0,-0.5440347000520681
2239,0,-0.31211222745186057
2240,1,6.164589911212716
2241,0,2.747092709892365
2242,0,0.8148583720567776
2243,0,1.0292441421134104
2244,0,0.47751362930014424
2245,0,0.7850235862777498
2246,1,5.027514909256318
2247,1,-0.039017603376509946
2248,1,4.637107419567291
2249,0,-1.103903941184049
2250,1,3.362339234796167
2251,1,6.109976827033305
2252,0,0.06617478783572296
2253,1,7.403287534655622
2254,1,5.932521764140639
2255,1,7.963493622440863
2256,1,10.30224775606386
2257,1,6.27264260849669
2258,1,4.484165329230283
2259,0,-0.7789639559812803
2260,0,-0.4613174837754925
2261,0,-0.015744540397189376
2262,1,1.4327202727219484
2263,1,3.9003992766237237
2264,1,4.056246632376112
2265,1,5.870122214103506
2266,0,0.5200250924437603
2267,1,8.290786683510515
2268,1,3.0248336016664563
2269,1,8.93545027095056
2270,1,1.7055035187552674
2271,1,4.097747856586156
2272,0,-0.5240697988090316
2273,0,-1.6617427103399383
2274,0,0.07324704063493616
2275,1,6.728698417021371
2276,1,6.737120321140296
2277,1,3.4766920538893356
2278,0,0.8931828511149277
2279,0,-2.124153544581345
2280,1,4.6778184358031805
2281,0,1.9763862251010753
2282,0,0.024665475413250003
2283,1,2.1650992689736257
2284,0,-1.44724662626085
2285,1,7.547829395126401
2286,1,3.9822509012980465
2287,1,1.1187455247096425
2288,0,0.40223230567715235
2289,1,6.587458041120023
2290,1,3.605163270814111
2291,1,8.402876682967264
2292,0,0.09640390145830512
2293,0,-0.4541095577933566
2294,0,-0.3739301533994199
2295,1,7.88481763348366
2296,0,-1.0939915059323888
2297,1,4.9938877049775074
2298,0,-0.9021204440705612
2299,1,3.331923342414825
2300,0,-0.0555308289030796
2301,0,1.398851538702385
2302,0,-0.5987506096693186
2303,1,5.462993846169473
2304,1,5.467339580736642
2305,0,0.9096915915034616
2306,1,5.216301307974366
2307,1,5.654373203840039
2308,1,5.169029872858127
2309,0,0.746347554307843
2310,1,3.792331861406857
2311,1,3.4224290384823064
2312,0,-0.6941129903618212
2313,1,5.7719304854469655
2314,1,6.1804258578175
2315,1,6.655446896136554
2316,1,3.1271745877888506
2317,1,7.597449278954457
2318,1,1.4217394171157705
2319,0,0.12564286275508996
2320,1,2.4103466119913888
2321,0,-0.5243581114058503
2322,0,0.2719481280164269
2323,0,0.13522955828629865
2324,1,9.033878236141584
2325,1,3.1677610341720186
2326,0,-0.3813545385197545
2327,1,5.81125758068422
2328,1,11.123588663637472
2329,0,-0.13050106355335414
2330,1,5.910703963372271
2331,0,-0.7409861475176501
2332,0,2.013261429932514
2333,0,0.047712313568350054
2334,1,8.987492873531941
2335,1,3.7426424677012546
2336,1,5.165227819953585
2337,1,1.2969949932197986
2338,1,5.18628238002351
2339,1,3.5331635723647965
2340,0,-1.048505738759403
2341,1,5.8854063287970835
2342,1,4.9779164482335405
2343,1,5.752407697042962
2344,1,2.063650554614661
2345,1,3.181617992820983
2346,1,7.152272051203845
2347,1,5.5654635554868035
2348,1,8.294599704350826
2349,0,1.7153546511085065
2350,0,0.45085325180430286
2351,0,1.348242248035458
2352,1,5.167579002947727
2353,0,-0.4555004247371724
2354,0,0.6256346426467279
2355,0,2.43509863204797
2356,0,-0.5296897100354112
2357,0,-1.277244015465096
2358,1,5.555981810233107
2359,1,4.798719385213229
2360,0,0.5703923163071553
2361,1,1.8533516972758912
2362,1,6.736631408950019
2363,1,2.8620110463116877
2364,1,5.97981506159532
2365,1,5.67911530858794
2366,1,5.225952586149222
2367,0,-0.9636046196218794
2368,0,0.901952166495659
2369,1,8.163129265280798
2370,0,0.4048232786959842
2371,1,5.714059251603091
2372,1,5.635024415299697
2373,0,0.24823133686671545
2374,1,5.766057093273154
2375,0,-0.04111583531912526
2376,0,2.4301677938138346
2377,1,4.198927158606144
2378,1,6.417310878565926
2379,0,0.9350369709626569
2380,1,3.708799937781235
2381,1,2.478898760624917
2382,0,1.3727699139454552
2383,0,-0.08385433996773113
2384,1,3.9717686724662844
2385,1,6.355253942952386
2386,0,-1.0910686711341473
2387,0,-0.7046330621253581
2388,0,1.6448864625186952
2389,1,10.30406081951814
2390,1,3.738439934119711
2391,1,6.453905709615901
2392,1,5.034037455973686
2393,1,4.233284788906074
2394,1,2.8135183492173477
2395,0,-0.6308870698396932
2396,1,2.8007214296288523
2397,1,2.6410775050458475
2398,0,0.14837275393226823
2399,0,2.124586797978612
2400,0,0.8077984959520565
2401,1,7.000976667405671
2402,0,-0.8557355856521869
2403,1,-1.7455988537998248
2404,1,3.340488676546011
2405,1,2.587257704472817
2406,1,7.977489311854015
2407,1,6.506567830536694
2408,1,3.52910701688279
2409,1,6.250710645631314
2410,0,1.1368937948310247
2411,0,-1.861781722091968
2412,1,2.1175642331432356
2413,0,-0.9654783214124484
2414,1,5.240391514945534
2415,0,-1.0657650392308302
2416,0,-0.2359425287666827
2417,0,2.561140732855483
2418,1,4.977403143365245
2419,0,-0.7287676305217057
2420,1,6.227577289557258
2421,1,4.908535995406531
2422,1,5.155980544562938
2423,0,0.09061657034589336
2424,0,0.8793990548186057
2425,0,0.6005252891361809
2426,0,0.6075206172949245
2427,1,8.11728889623083
2428,1,3.538120971315483
2429,1,3.7752416799237447
2430,1,2.112771481059076
2431,1,2.6528120948362592
2432,1,7.6865426441492914
2433,1,4.393757964916307
2434,1,4.5919118000080354
2435,0,0.10535298066369496
2436,1,3.0401063052659003
2437,0,0.11515235533901413
2438,1,5.726829323318429
2439,1,5.146886381009048
2440,0,1.655458298145268
2441,1,7.334846548778893
2442,1,4.047676766232907
2443,0,-1.3753527209929917
2444,1,4.4531061719602425
2445,0,-0.4428493423675953
2446,1,4.471307859320964
2447,0,-0.9786629582231756
2448,0,0.6124795483173409
2449,1,4.101979826639833
2450,0,-1.1151983401170027
2451,1,6.654011332135564
2452,1,7.892320114948058
2453,0,-0.4238526101332639
2454,0,-0.3711996673912374
2455,1,3.006536182412111
2456,0,-0.679274223247189
2457,0,0.242938255216822
2458,0,-0.23506582486125274
2459,1,7.018662346305202
2460,1,4.144106818195277
2461,0,0.03604259649147295
2462,1,4.026006147757053
2463,0,-1.3702729139443066
2464,1,8.244172455885657
2465,0,0.7712517351112628
2466,0,-0.017244503213513895
2467,1,10.471270457236502
2468,0,1.6426005141077427
2469,0,0.4091804222244643
2470,1,3.7771346845862492
2471,0,-0.8833247769913314
2472,0,0.30822035370119644
2473,1,6.513522321941121
2474,1,7.590830133944374
2475,1,8.395577643048037
2476,1,5.652717494324362
2477,0,1.2814782998279228
2478,1,4.754108555351617
2479,0,1.3150173207033813
2480,0,0.023227194337809114
2481,1,6.201040573354017
2482,0,-1.0451238412624735
2483,0,0.3428704394234122
2484,0,0.6477240851953111
2485,1,5.650127100963143
2486,0,2.6550607467074427
2487,0,-0.9498246447410542
2488,1,4.586141586835281
2489,0,-0.21443473792346504
2490,0,0.4068915593374471
2491,0,-0.594937408871892
2492,0,-0.016069124838724937
2493,0,1.2671770589999753
2494,0,0.20523262578044968
2495,1,7.2710165363387524
2496,1,4.02527081028942
2497,1,5.387831649655546
2498,0,1.984289850537205
2499,0,1.3985116256514312
2500,0,1.4481147125494298
2501,1,3.346604691619041
2502,1,3.213045689251837
2503,1,5.639927616792618
2504,1,1.1209875789738688
2505,1,6.300868461963185
2506,1,5.090820735080386
2507,1,5.846486050937534
2508,0,-0.8731797655804003
2509,1,6.8844484527440635
2510,0,1.337254532092981
2511,1,5.900924357618736
2512,1,3.153644268380788
2513,1,1.8721491050140942
2514,0,0.5364936235132209
2515,0,-1.250017258801256
2516,0,-0.5558588839266951
2517,0,-0.2538487016171823
2518,0,0.30850319367009066
2519,1,7.038881680490595
2520,1,7.658450700553185
2521,1,7.154776020352187
2522,1,4.402178529793096
2523,0,-0.02120083038047544
2524,0,-0.9756859307396498
2525,0,-0.16577766049134945
2526,1,5.267944590531739
2527,1,6.117983045116573
2528,1,3.169721289812953
2529,1,5.8893057089013805
2530,1,1.5645874192000528
2531,0,-2.1506066440068827
2532,1,4.38496305470914
2533,1,3.493401104425786
2534,0,-1.516098728968367
2535,1,8.891156595855314
2536,0,-1.1559440084553967
2537,0,-0.3802003991686157
2538,1,5.088350663940235
2539,0,-1.3970725175296062
2540,1,6.539702644663437
2541,0,0.020177201941320277
2542,0,0.8629347031056288
2543,1,8.195621718716694
2544,1,2.718929563051898
2545,1,6.043980128551716
2546,1,5.6431115876005915
2547,0,-1.0997114900805387
2548,0,0.3755395876088041
2549,1,4.868376201583377
2550,0,0.7356075288298687
2551,0,-0.4272678832736251
2552,0,0.34430551415486854
2553,0,-0.49724209082379695
2554,0,0.9939942368417967
2555,0,-0.13358540355869114
2556,1,4.058651452237702
2557,1,8.624502264384912
2558,1,5.854294798460955
2559,1,3.8499760425225897
2560,1,4.357266824331519
2561,0,0.495328844033105
2562,0,0.31237805075520825
2563,1,5.382586266681249
2564,1,5.889494879122446
2565,0,-0.9866652021104279
2566,0,-0.5661084468864983
2567,0,-0.9556069690820753
2568,1,3.256847337631538
2569,1,5.599533295129001
2570,1,2.5385618499772744
2571,0,-0.3659431901588822
2572,1,5.711755985978283
2573,0,0.17573353164176864
2574,0,-0.8469990693236013
2575,0,0.718462188410519
2576,1,2.3459466504786124
2577,1,8.187077540679736
2578,1,3.4844255306407312
2579,1,8.953315519746916
2580,0,0.1963721315237079
2581,1,5.071538582541152
2582,1,5.248746960551258
2583,0,0.41405032037250034
2584,0,-0.3722925696784856
2585,0,-0.452191460589264
2586,0,-0.03884393426720207
2587,0,-0.6245036044881839
2588,0,1.0118153682037079
2589,0,-0.5511359973084489
2590,1,4.47927209756414
2591,1,8.008978511518578
2592,1,4.8029439388865915
2593,1,6.192723331347166
2594,0,-0.4685995851838092
2595,0,2.1020394991434497
2596,0,-1.1408430174212154
2597,0,-0.5469735978083107
2598,1,6.0540420509687936
2599,1,6.229393239872259
2600,0,1.0443802511270217
2601,1,4.45363252362172
2602,1,5.376865044980771
2603,1,7.40699503090875
2604,0,0.7433756570682991
2605,0,2.2112277480915483
2606,0,1.833663776866859
2607,0,-0.23509277882399324
2608,0,0.0853834414122778
2609,1,3.636633816003812
2610,1,4.111283203111942
2611,0,-0.3733327536712324
2612,1,6.926261674449487
2613,1,0.4958126054897063
2614,0,0.08307868372895628
2615,1,6.202468051711408
2616,0,0.18597278451442179
2617,0,-0.50599180143779
2618,0,-0.1547080660062581
2619,1,5.791433436856543
2620,1,5.134923393720653
2621,1,5.187218364408867
2622,1,2.1248978295685856
2623,1,7.438606842594709
2624,0,-1.7050007267071001
2625,1,4.658601656400728
2626,0,-1.0949042597569698
2627,1,3.3964495309932183
2628,0,-2.0875117178527955
2629,1,3.7480898116444608
2630,1,2.748841803271418
2631,0,-1.766005541661103
2632,1,7.299081992246595
2633,1,4.7735496391419305
2634,1,6.733974480274782
2635,1,4.119136658183304
2636,1,4.125456327114746
2637,1,6.9552130708211966
2638,1,6.7504036411957635
2639,0,-0.04396652794717013
2640,0,0.14876835180885042
2641,1,5.645745383129289
2642,1,8.746800574005812
2643,0,-1.8242759330546636
2644,0,0.5264374226028559
2645,0,-1.3385518750121508
2646,1,0.6955938595629849
2647,1,6.005085679453883
2648,1,6.450479921149787
2649,0,-1.0039110322178808
2650,0,-0.5024425964698624
2651,1,6.897611501971555
2652,0,-0.21253988850098388
2653,1,2.514060174888042
2654,0,-1.0797618188897737
2655,0,1.9781330493008435
2656,1,2.5150058143955234
2657,1,3.897889845547102
2658,1,5.390085914297734
2659,0,0.16915154054861753
2660,1,5.568798614283768
2661,1,5.097918331845533
2662,0,1.8470781728441774
2663,1,-0.5776367720186837
2664,1,3.650890778815958
2665,0,-0.36400903537655177
2666,1,2.3266119666074747
2667,1,7.319538820106626
2668,1,4.138765836746561
2669,1,2.422731914917175
2670,0,-0.3418354233035152
2671,1,5.3455440852037
2672,1,5.381164106157459
2673,0,0.9259482645089009
2674,0,0.3346639671599633
2675,0,0.6818456515687691
2676,1,5.844203444487711
2677,1,2.590264552376295
2678,0,-2.276687621045299
2679,0,-1.5064535194408493
2680,1,5.440622023561307
2681,1,4.763716992746224
2682,1,8.115113507523116
2683,0,-0.2741718802926313
2684,1,6.469847783160662
2685,1,4.068109932888221
2686,1,2.9497744563123955
2687,0,1.7006464163768593
2688,0,-0.04893096567480383
2689,1,6.65285105112611
2690,0,1.4726276942550494
2691,0,-2.157296693139846
2692,1,7.786961714231873
2693,0,0.6373465870966141
2694,1,8.333297767117932
2695,0,-0.3263009246397802
2696,1,3.748955196932643
2697,0,1.5999734176147888
2698,1,0.14061016571551122
2699,0,1.6913966150059525
2700,1,1.6660307691027683
2701,0,0.6339684110551488
2702,0,-0.7957521290639349
2703,0,1.3894246057473882
2704,1,5.382923599199518
2705,1,2.9937300302947008
2706,1,3.9340356528500875
2707,0,-0.3970199095952248
2708,0,-0.47256294109177016
2709,1,4.150575614502215
2710,0,1.5557070882978674
2711,1,1.9778351918855548
2712,1,4.026893603973338
2713,1,4.827231836870255
2714,1,4.63926424534688
2715,1,4.578228095863391
2716,1,3.275179651092381
2717,1,7.310986282418055
2718,1,10.518831482755175
2719,1,5.812833137119832
2720,1,4.376100876582067
2721,1,2.479777864745396
2722,0,0.22858039054410437
2723,0,-0.4153742476277736
2724,0,-0.3986974322492403
2725,0,-0.49529339600411754
2726,0,0.577757616838106
2727,0,1.016831076534348
2728,0,0.7332775041629602
2729,0,-0.0670589762931455
2730,1,3.9947440473208253
2731,0,-0.583300469537653
2732,1,2.8043677093353514
2733,1,1.7866774396477
2734,0,0.0180116027938404
2735,0,-0.03549953827652164
2736,0,-0.19312209747444364
2737,1,3.6934428102731505
2738,0,-0.8182617009914217
2739,0,0.18272078210112405
2740,1,4.243125170748711
2741,0,-1.1576832718734442
2742,1,6.123784749895793
2743,0,-1.6941157301605243
2744,1,5.781071948657884
2745,1,2.7862203671959387
2746,1,7.050296039124799
2747,0,-0.29545487592727404
2748,1,6.338525109498429
2749,1,5.2252490266452245
2750,1,4.7105431609604285
2751,0,-0.8436891312920508
2752,0,-1.099955964756829
2753,0,0.050087509024821744
2754,1,5.333802943160176
2755,0,-0.5675315440091747
2756,1,3.703291823646709
2757,0,-2.617619815507659
2758,0,0.49106858151763166
2759,1,0.8466125980671135
2760,1,5.791054931639275
2761,1,8.976088162302924
2762,1,0.2849795729983118
2763,1,6.379148385139577
2764,0,-0.3090949609732128
2765,0,0.6261130485058701
2766,1,6.591277947224782
2767,1,7.047290914058022
2768,0,-0.34105724852415814
2769,0,-1.577492187979494
2770,0,-1.5999136684337045
2771,1,3.188034268440042
2772,1,3.403395414569622
2773,1,5.316047961041367
2774,1,6.1698981233047565
2775,1,3.107631649828092
2776,1,6.063170433006054
2777,1,2.462085565467288
2778,0,0.06437829726670467
2779,1,7.017350175572457
2780,0,-1.936050357672972
2781,0,0.7923973294132691
2782,0,-0.12202795726040506
2783,1,5.412553153246627
2784,0,3.160262848073583
2785,1,5.233101694967386
2786,0,-0.16814172344768705
2787,1,8.000299679045963
2788,1,5.288781414482504
2789,1,4.860922812476358
2790,0,0.5261206081859239
2791,0,1.285764534075126
2792,1,5.531151708649525
2793,1,7.018424020635003
2794,0,0.6170704047054342
2795,0,-0.5380092487820932
2796,0,-0.012010932880337737
2797,1,4.3278754763347145
2798,1,3.71631029931906
2799,1,7.966005790953425
2800,1,3.7090134663167227
2801,0,0.8329934937950256
2802,1,3.019081086933297
2803,0,-0.03408542377948358
2804,0,0.09905751383091589
2805,0,0.9219137462116648
2806,0,2.4611345969703744
2807,0,-1.9602952176920758
2808,1,5.0350962259299665
2809,1,1.437736153753312
2810,1,5.334906750698436
2811,0,-0.5839780183001194
2812,1,3.259432355610512
2813,0,0.7264483462524692
2814,0,0.6267253938223839
2815,0,-0.8361991849077629
2816,0,0.16225805377964264
2817,0,0.680531467332788
2818,1,4.936195754633248
2819,1,3.4761858257679297
2820,1,2.228616781774431
2821,1,5.742398987111546
2822,0,0.062362691876078014
2823,0,-0.19435778226743464
2824,0,-2.5604053189654445
2825,1,6.146384267016167
2826,1,5.996911689891421
2827,1,6.7960335747533716
2828,1,4.779305156147901
2829,0,-0.29094572716041495
2830,1,9.17364118158403
2831,1,2.5501875280751265
2832,0,-0.646278647514068
2833,0,-0.016731264218234666
2834,0,0.5280590836572198
2835,0,-0.31440545643368834
2836,1,1.8988198950296966
2837,1,3.3109130053705202
2838,0,-1.0999168718750918
2839,1,6.110478785651685
2840,1,4.716616765614882
2841,0,0.9120523635309179
2842,0,1.1080036099028394
2843,1,6.790898110688152
2844,1,1.9153181090365896
2845,1,2.0137894533801073
2846,1,6.382667452674456
2847,1,4.473605537831808
2848,0,0.14400633833649187
2849,0,-0.40431077906813406
2850,1,3.746049657716478
2851,1,5.875881638542129
2852,1,6.940897401448256
2853,1,4.6910647714808675
2854,1,3.4822664879099445
2855,1,5.474540761060158
2856,1,5.065980899953366
2857,1,3.9356986340170845
2858,1,8.13108642863462
2859,0,0.6662781504441593
2860,0,0.08922142955438553
2861,0,-0.4419687559627389
2862,1,4.425056170693812
2863,0,-0.5610518218021646
2864,0,-0.9500646341334463
2865,1,5.981078403145634
2866,1,4.6630553865671835
2867,1,4.739422079036704
2868,0,1.5375896507536992
2869,0,2.1195976225192346
2870,0,0.3499268092761519
2871,0,-0.4753003374247667
2872,1,8.357486593684829
2873,1,5.62325427792949
2874,1,2.8069372950576867
2875,1,5.074532519977114
2876,1,3.5120722682039967
2877,1,5.8731979735415285
2878,1,2.2367235594211357
2879,1,5.1304153478999615
2880,0,1.1392915092511728
2881,0,-0.09090822369567704
2882,1,3.3400708854834904
2883,1,6.361615587794631
2884,1,6.756839368199585
2885,0,-0.48542383226699254
2886,1,7.100613665196594
2887,0,-0.7533327943651855
2888,1,6.5054479909818115
2889,0,1.530222925001541
2890,0,1.2755663459907491
2891,0,-0.20429679317875293
2892,0,-1.2814500122416055
2893,1,5.8918958522092755
2894,1,4.984931832753553
2895,1,3.4996950468284282
2896,0,-1.8201456872619082
2897,1,7.9142620302204465
2898,0,0.8059039135453344
2899,1,6.398705453032065
2900,1,3.7322923501241974
2901,0,-0.9161323534947232
2902,1,4.355260105495128
2903,1,7.20262047398274
2904,1,2.6046099215712974
2905,1,6.966691490538761
2906,1,3.4281967858087175
2907,1,5.436854337821787
2908,1,0.9297721406000949
2909,1,4.266995371880966
2910,0,0.8233607215621255
2911,0,-1.05834296058602
2912,1,7.606828243727113
2913,0,1.8162767426785178
2914,1,6.285876926946437
2915,1,8.63153614709048
2916,0,-0.9252805364794415
2917,1,6.173271498627422
2918,1,6.241300964168561
2919,1,5.032867115331236
2920,0,-0.07774061981965984
2921,0,-0.3760087563639117
2922,1,5.579447563876347
2923,1,5.7931980053341405
2924,0,-1.5972018457527615
2925,1,5.9884999798443435
2926,1,9.66717566349729
2927,1,5.601635485841729
2928,1,7.0676882310547375
2929,0,1.4462341137463535
2930,0,-0.5280027896379044
2931,1,8.082820974413131
2932,0,-0.3819265657585061
2933,1,7.47783417050772
2934,1,6.112010973432161
2935,1,6.040213420949561
2936,1,4.8654351604585635
2937,0,0.23396546592279294
2938,1,2.9644325735115595
2939,1,3.2546837951289795
2940,1,7.980834261712453
2941,0,-1.126272810557768
2942,0,0.20812224626227804
2943,1,6.3346638505653186
2944,1,5.544886574952457
2945,1,4.488715965079266
2946,1,4.765720731260611
2947,1,1.6481440294816907
2948,0,-0.3935722253524007
2949,1,6.93162603951149
2950,1,6.6350283699967285
2951,0,-1.8380882408667756
2952,1,3.362041666988713
2953,1,3.191001683857644
2954,1,4.723049882555907
2955,1,6.899646490396086
2956,0,-0.08750712752356837
2957,1,1.7245738093175005
2958,1,3.5282119593266206
2959,0,-0.20433322042964636
2960,1,6.722477716134424
2961,1,4.520276118771008
2962,1,7.667954751015719
2963,1,5.7610128432911365
2964,1,5.6273494462761375
2965,1,4.445361376709256
2966,1,4.267523742018683
2967,1,5.307701306303659
2968,1,2.4251423663207325
2969,0,-1.6558842988919609
2970,0,2.391010093922876
2971,0,0.053444680970147714
2972,1,3.1357062490369616
2973,1,6.001413013688676
2974,1,5.517944740633911
2975,0,-0.1324595524993006
2976,1,4.692749969463757
2977,0,-0.20918601303700105
2978,0,0.18553666192718446
2979,0,0.961195328183917
2980,1,6.180935029269566
2981,0,0.16101519707828105
2982,0,0.44334620078017706
2983,0,-1.0153845186028359
2984,1,2.253870944849647
2985,1,4.625028075613921
2986,1,5.292709243469879
2987,0,-0.2446070819469949
2988,0,0.4987440622697325
2989,1,4.9725328291663295
2990,0,-1.0901676074021291
2991,0,-0.1815211704565477
2992,1,1.323086539701619
2993,0,0.40956936797200705
2994,1,3.139546280497601
2995,0,-1.735050902063101
2996,1,5.372816877426721
2997,0,1.0545463838611837
2998,0,0.7582954612773031
2999,1,8.354810218031734
3000,0,1.3179405653179677
3001,1,5.082955433409431
3002,0,-0.1211897800972695
3003,0,-0.0074100255071915325
3004,0,-1.4882497518069329
3005,0,-0.25520707991014
3006,1,7.361588897003502
3007,1,4.763208376043976
3008,1,8.90403300074416
3009,0,0.01589785441529445
3010,0,-0.913414099651803
3011,1,4.573415759250267
3012,0,-1.663054342525553
3013,1,6.121609900562697
3014,0,-0.6293496222779431
3015,1,3.90162985146822
3016,0,0.18114850611999322
3017,1,3.1303324882565335
3018,0,-0.025457893160406718
3019,0,0.23605054723035448
3020,0,1.6834384444459614
3021,1,4.551839551375219
3022,1,6.750333132859022
3023,0,0.18946919615516883
3024,1,7.511797876344296
3025,1,5.785918350691746
3026,0,-0.7905879949441216
3027,1,2.9465691404859755
3028,1,7.372389358577755
3029,0,-0.5470690365002212
3030,1,8.828610740833035
3031,0,-1.7328248532688004
3032,0,0.7207993208279286
3033,1,4.609268951238779
3034,1,5.160951657058282
3035,1,6.548843763791165
3036,1,5.799315775541291
3037,1,3.078846172609036
3038,1,8.251014026319742
3039,1,4.135594731965021
3040,1,1.4064908815326338
3041,0,-1.4624477418361868
3042,0,0.929260442182892
3043,0,-0.037367224607523016
3044,0,-1.623893359179828
3045,1,5.531464247362054
3046,1,4.432830253353499
3047,1,5.584245591065878
3048,0,-0.9239824588294905
3049,1,4.231285446349373
3050,0,-1.8287599157080645
3051,0,-1.4484097826773932
3052,0,0.39252879150779996
3053,0,-0.32170042285221884
3054,1,7.583232186939927
3055,0,0.021964203587762316
3056,0,-0.3555635808748815
3057,1,3.708349779213358
3058,0,0.6001898542915767
3059,1,4.848740090939025
3060,1,3.232757056143781
3061,0,1.4621133892531641
3062,1,9.671223278791512
3063,0,-0.3218799352771819
3064,0,1.0877181275178354
3065,0,0.9599536000512535
3066,0,-1.207586204965398
3067,1,5.0762489522434855
3068,0,0.494912520554301
3069,0,-0.6800274586730245
3070,0,-0.7943067046784782
3071,0,0.14440753149874538
3072,0,-0.11009162817111713
3073,1,5.02866543686493
3074,0,-0.16314280541650322
3075,0,0.9480158545750708
3076,1,4.581205473722727
3077,1,4.953637246538533
3078,0,0.9046967474244659
3079,1,6.763878886485939
3080,0,0.4181977995433219
3081,0,2.328718929373261
3082,0,0.4387294052416436
3083,0,1.7361192133999992
3084,0,-0.5281511906123199
3085,1,7.760633785706036
3086,0,-0.13001372155348798
3087,1,3.3091613778647373
3088,0,-0.6355009122982382
3089,1,2.210346118943089
3090,0,0.37696547347204
3091,0,-0.4082632444825523
3092,0,-1.3559678556265047
3093,1,2.11923908604042
3094,0,0.2525469261079913
3095,1,4.219639483035245
3096,1,5.19007614047459
3097,0,0.9851529944591104
3098,1,4.6671505905183155
3099,1,0.2439432188742483
3100,0,-0.8697102717188767
3101,1,3.1690848275778407
3102,0,0.40686567890964687
3103,1,9.410053748045431
3104,0,-0.21999006616390254
3105,0,3.4085874054943948
3106,0,0.13627787300589334
3107,0,-0.41073401729796305
3108,0,-0.1401982780845358
3109,1,3.3514188315608386
3110,1,3.5045569229713402
3111,1,3.22771400940879
3112,1,6.1592734873590125
3113,0,-0.16666966508618408
3114,0,-0.45490877779712363
3115,0,-2.867100185323985
3116,0,-0.2970048471975043
3117,1,6.348088602190681
3118,1,4.930665543556758
3119,1,3.8863988117956465
3120,1,1.9499204205014151
3121,0,0.1975568700853126
3122,1,5.13412559694111
3123,0,-0.3780019080784587
3124,0,-0.102253705854373
3125,1,3.3322062825989525
3126,1,4.279708375256379
3127,0,1.201966348347728
3128,1,6.400631316172693
3129,1,6.135881681568431
3130,1,7.17133463920929
3131,0,-0.531255095048955
3132,0,0.7624546904226706
3133,1,3.5247384633648267
3134,1,0.6431319977287755
3135,1,6.069858259447986
3136,1,3.708349402498461
3137,1,6.191742960053018
3138,0,0.9117168127638364
3139,1,5.372285297397619
3140,1,1.8560588492164984
3141,0,-1.8021825848586905
3142,1,7.171666657463192
3143,1,1.2578030579070614
3144,1,5.452461187019967
3145,1,3.562253576166141
3146,0,1.3592277691785328
3147,1,6.058680695648874
3148,1,5.110127416442781
3149,0,1.003941563791631
3150,1,5.504584850220923
3151,0,0.6625911991879767
3152,0,-1.330987280228584
3153,1,2.9517832933603616
3154,1,6.071721961947022
3155,0,0.7444342998547435
3156,1,5.376943856849013
3157,0,0.2165551401935681
3158,0,-0.1982758213643721
3159,1,6.925242689283994
3160,0,0.598327463190791
3161,1,5.771950956599413
3162,0,-0.33878394708258414
3163,1,5.007535206150333
3164,0,-0.07465799330811887
3165,0,1.3803142491813862
3166,1,7.047983891852391
3167,0,0.8190407761058629
3168,0,1.2005481843633188
3169,1,5.337668817844462
3170,0,-1.7520102450335342
3171,0,-0.7013339232439675
3172,0,-0.5967924807256791
3173,1,4.100261227053963
3174,1,8.468441013773145
3175,1,2.1696827689452696
3176,1,3.7319041333189213
3177,0,-1.107661106140418
3178,0,-0.7528367428461111
3179,0,1.5930297959890667
3180,1,5.446298104939015
3181,1,5.986243295598939
3182,0,0.6886805114861886
3183,0,-0.6286184904896015
3184,0,-1.7894429492809723
3185,1,6.453582759646894
3186,0,0.563986894030573
3187,0,0.668014195222733
3188,1,4.28815400298412
3189,0,-0.7279493962467176
3190,0,-0.06516309246150587
3191,1,2.8684468132854826
3192,1,8.533161374074547
3193,0,0.4195288333629025
3194,0,-2.0471718222285555
3195,0,-1.2449441403132733
3196,0,0.11612543192701223
3197,1,5.789359235341696
3198,0,-0.3751571244211622
3199,0,-0.00939673238760031
3200,0,-1.1056255463012625
3201,0,0.7791058639051832
3202,1,5.6399639178534535
3203,1,7.469564097571684
3204,1,0.6434373299797791
3205,1,3.407989224265185
3206,0,-1.6238681171336395
3207,1,5.819036390625028
3208,0,1.389384982983505
3209,1,8.237743251286512
3210,0,0.6771439122358291
3211,1,8.14991358708135
3212,1,5.104533590450772
3213,1,7.612346039243876
3214,0,-0.8906185223883085
3215,1,6.577415193790987
3216,1,6.704407107641356
3217,1,4.318740490780927
3218,1,3.8072464421177212
3219,0,1.0729014877895744
3220,0,-0.08630290276198631
3221,1,3.400241534396654
3222,1,3.95782850729566
3223,1,6.627948726711679
3224,0,0.06706116560969048
3225,0,-2.1354923283405
3226,0,0.4216951998031569
3227,1,5.626435728732382
3228,0,-0.9084373895544061
3229,1,7.77298175411093
3230,0,0.246949590266467
3231,0,-2.114346517848874
3232,0,1.3099845079518027
3233,1,2.8575028707925423
3234,0,0.39501259546611583
3235,1,4.263361863112087
3236,1,4.90915247815806
3237,1,6.942007137515887
3238,0,0.2589272464660923
3239,1,5.171297130543482
3240,1,3.914550226692044
3241,1,5.029918514623581
3242,1,5.958369869901023
3243,0,0.24875076601013452
3244,0,1.6616485305652058
3245,0,0.012595542813185825
3246,0,-1.0398790990845574
3247,0,0.918904087006558
3248,0,0.786873436826961
3249,1,6.1702767874800415
3250,0,0.31924089883294693
3251,1,6.566410066997912
3252,0,-0.366724698274219
3253,1,3.9712200207669572
3254,1,9.034850861186943
3255,1,3.31143507761564
3256,1,6.020341021957026
3257,1,3.0397298707121934
3258,1,5.201174901056318
3259,1,3.373029252151946
3260,1,4.60439895295497
3261,1,4.742474744259777
3262,1,6.569583826585365
3263,0,1.249462905569844
3264,1,4.465416395940507
3265,1,4.76445817489711
3266,1,4.393764477788666
3267,1,4.380516359007791
3268,1,3.4897130541274906
3269,0,0.6730889508445012
3270,0,0.8908773230264196
3271,0,-0.09244324210070164
3272,0,1.811478723731281
3273,0,-0.8673510802961816
3274,0,1.2452487116875255
3275,0,0.7638656720014991
3276,0,-0.2848942644883876
3277,1,6.508322756651715
3278,0,-0.12347611711859269
3279,1,7.961155996791295
3280,1,0.7136024687238933
3281,0,-0.1628596856301747
3282,1,3.6838311292340578
3283,1,5.706968331870833
3284,1,1.7715570582339302
3285,0,0.07144039585840126
3286,1,3.2362369901241523
3287,1,7.795510030850249
3288,0,-0.9815643339468989
3289,0,0.6340499886477695
3290,1,2.856675097334376
3291,1,6.321344815064177
3292,1,5.316247722041499
3293,1,6.137594312255822
3294,1,5.111292897075767
3295,1,5.205025576509105
3296,1,4.838776827250795
3297,1,5.832957068900172
3298,0,-0.6607074735909877
3299,0,-0.46361260880699545
3300,0,-0.5684040402401108
3301,0,-1.653741483221618
3302,0,-1.6030501372794963
3303,1,3.2797715139158243
3304,0,0.18851750652596946
3305,0,-0.025735740617155084
3306,1,3.687964123049303
3307,1,1.4486001231540948
3308,0,0.8648713730959225
3309,0,0.15283626628840213
3310,0,-0.6663254461196846
3311,0,-0.18552728089492446
3312,1,0.44059992301514317
3313,0,-0.3999479454002685
3314,1,9.446741834694494
3315,1,6.802074759442899
3316,1,6.702921474877586
3317,1,5.233887656579602
3318,0,-0.008567468324804914
3319,0,1.9747406224710888
3320,1,5.661633760278588
3321,1,5.857306670391003
3322,0,-0.34073263327891723
3323,0,-2.168782524219418
3324,1,6.259678158566561
3325,0,-0.5418169942658576
3326,1,6.321664948683903
3327,0,0.07321658146410238
3328,1,1.8704441485833159
3329,0,-0.8509499630444383
3330,1,3.1606948166838853
3331,1,4.6150009683384
3332,1,2.780472305351243
3333,1,5.680867224732964
3334,1,2.7691195010898717
3335,0,-0.3308189054470309
3336,0,-1.5379418322431424
3337,1,1.7213136374970497
3338,1,4.426654847311497
3339,0,0.821590764150229
3340,0,-0.2687654273473444
3341,1,6.610778725159368
3342,1,4.819432128089875
3343,0,1.0793479348744626
3344,0,0.9971212727809984
3345,0,1.144469810672208
3346,0,0.0804836855075061
3347,0,-0.7533672161296712
3348,1,0.5610238023190579
3349,1,4.424374415850222
3350,1,5.394480648336351
3351,0,-0.4822572363604263
3352,1,-0.2666590363558736
3353,0,-0.6579922964193
3354,1,4.690648195317541
3355,0,-0.910084788283435
3356,1,4.225181276377891
3357,1,6.571359122513018
3358,1,5.585319542490822
3359,0,-1.9165771927265602
3360,1,8.362206297805194
3361,0,1.8591837361796166
3362,1,1.2770374737468795
3363,1,3.3049915177757976
3364,0,-1.0109879846491392
3365,0,0.33279854554973537
3366,1,4.380578486559083
3367,0,2.273068062547315
3368,1,3.57650617578753
3369,1,7.326560514049846
3370,0,1.3337230021815019
3371,0,0.7052679929824682
3372,0,-0.4379789114884724
3373,0,-1.052455818070685
3374,1,8.03027475359935
3375,1,4.370955006672172
3376,1,6.39401859937548
3377,1,4.8391454132953875
3378,0,-0.319567498450046
3379,0,-0.1156283170102494
3380,1,8.642950273994103
3381,1,3.331929749173863
3382,1,7.334559141838276
3383,0,-0.053583991350425755
3384,1,0.5206813811218458
3385,1,4.6061160359899675
3386,1,5.3500086418631145
3387,1,4.4010155834486735
3388,0,0.4473258877274902
3389,0,0.30695432339581225
3390,1,5.291936472231372
3391,1,5.121520307129354
3392,1,6.34327975721206
3393,0,1.4075987276624433
3394,1,2.204170085739692
3395,1,2.5619514261303507
3396,0,-0.10043544625190855
3397,1,5.5356798531116125
3398,1,3.6327287315061776
3399,1,3.496102825691402
3400,1,6.205794206156356
3401,1,5.991713235005146
3402,1,3.6994308771372797
3403,1,9.231900588486692
3404,1,5.434958373289041
3405,1,6.8626041978945285
3406,0,-0.03936911648938539
3407,0,2.094124029199394
3408,0,0.9758296876110697
3409,1,5.549462886512
3410,0,-0.2083300323821837
3411,0,-1.7122099903752153
3412,0,0.06667454025141957
3413,0,-1.041487533238177
3414,0,0.03898606191078934
3415,1,5.564243692105521
3416,0,0.14522830011909954
3417,1,3.062493492026779
3418,1,4.754140988148165
3419,1,3.8387761620749035
3420,0,0.8858745768150817
3421,1,3.9235967383854478
3422,0,-0.4196834494077882
3423,1,3.3839632818860967
3424,1,3.9177551509450117
3425,0,0.04654581522631226
3426,1,6.831628730951413
3427,0,1.1753886287666113
3428,1,5.75190182178177
3429,1,5.904351141537861
3430,0,-2.3987343092788804
3431,1,9.110004109518217
3432,1,3.425807103603738
3433,0,0.5087545035244154
3434,1,4.780540410553886
3435,0,-1.8216694371406712
3436,1,5.283019487743489
3437,1,6.824472192280416
3438,0,-0.4064000514105774
3439,0,0.4098493151039703
3440,0,-0.21348815396513782
3441,1,5.6964286123586785
3442,1,4.867692869002765
3443,1,7.653518222106773
3444,0,0.4286899607417271
3445,1,4.159080596573646
3446,1,8.66763452849041
3447,1,6.557935923044698
3448,1,5.3200934913372935
3449,1,3.9919479134566718
3450,1,3.8118849220101527
3451,1,6.081153191897081
3452,1,5.671423258966131
3453,1,5.95723216554828
3454,1,8.332209604335064
3455,0,-0.6677146756805712
3456,0,-1.4803725816283593
3457,0,-0.21338459173308846
3458,0,-0.2583200507950514
3459,1,3.126601548311372
3460,1,6.393848023036549
3461,1,2.5809742062020926
3462,0,-0.1613446615376295
3463,1,5.870964025410713
3464,0,-0.76348547589006
3465,0,-0.22119991683760715
3466,0,1.9114763775375718
3467,1,7.625116296853928
3468,1,3.029336689611199
3469,0,0.28700696219089805
3470,0,0.10608427367023025
3471,0,1.2154040953168561
3472,1,2.6760152595336844
3473,1,5.81060639578203
3474,0,0.08741427909253958
3475,1,5.290477021261695
3476,1,4.3247377175087856
3477,1,5.8673612605700995
3478,1,3.4859377337429933
3479,0,-0.7161783596377698
3480,0,-1.232284690687535
3481,0,-0.7188307187148539
3482,0,0.4385251486295967
3483,0,0.3934999055262516
3484,0,-0.16165287357967825
3485,1,8.764276133129242
3486,0,0.31880546806233895
3487,1,5.395874237622902
3488,1,4.68293559604106
3489,1,3.058817268232901
3490,0,-0.4545110532437911
3491,1,3.512510919556094
3492,1,5.873069124117699
3493,0,-0.8842984384902882
3494,1,7.8988249671510555
3495,1,7.37682060780962
3496,1,7.590048277152838
3497,0,-0.3844905660445141
3498,0,-0.18461781417508585
3499,1,6.921654535958893
3500,0,0.13267054927148275
3501,0,-1.0527000498310637
3502,0,0.21529014390565465
3503,0,-1.24611797092106
3504,1,8.642506496400681
3505,1,4.24943333798292
3506,1,5.964453626479683
3507,0,-0.6208175372496211
3508,1,5.498562430040526
3509,1,1.7342447337880067
3510,1,6.903592379343883
3511,1,4.611747815420707
3512,1,3.708875260048093
3513,1,8.22753699859041
3514,0,-0.5785376858271238
3515,0,1.5686638615055484
3516,0,-0.904264666368106
3517,0,0.412694614208256
3518,0,1.3303133828220766
3519,0,0.9765239514282213
3520,1,5.385936943282839
3521,1,4.017576337308942
3522,0,-0.7218307626877952
3523,0,1.5624426280929844
3524,0,0.5718747498109996
3525,0,0.06538826139108919
3526,1,5.227052556240407
3527,1,2.16480718346682
3528,0,2.020587528833906
3529,1,6.15216143585011
3530,0,-0.8430223179744119
3531,0,0.7144371915536873
3532,1,4.476445117753174
3533,1,-0.2706233711049544
3534,1,9.19408369383549
3535,0,0.7589623536863787
3536,1,8.24953482918967
3537,1,7.5917274470515235
3538,1,5.502589317724977
3539,1,3.4639043791533
3540,0,0.7800793566332678
3541,1,4.7380414321843976
3542,1,3.7703799368534767
3543,0,0.4335398818407771
3544,0,0.05016643848018163
3545,0,-0.14463319290483673
3546,0,0.6733988235739096
3547,1,7.330432299480666
3548,1,3.811667302463568
3549,0,-0.116447289869441
3550,1,4.008920543414445
3551,1,3.5241348637961902
3552,0,-1.6957694373061265
3553,1,5.259549932396769
3554,1,5.00890999128381
3555,1,3.6779334236871843
3556,1,1.1873670976588815
3557,1,5.231711809708987
3558,0,-0.31889814700308944
3559,1,3.8502243312588837
3560,0,-2.1036260777713207
3561,1,3.3560875334641276
3562,1,2.737494585275485
3563,1,4.1157968077944505
3564,1,1.3376067576152857
3565,1,6.915087629478975
3566,1,2.113980202432571
3567,0,-1.0074163905829017
3568,0,-0.07380106469607249
3569,0,0.14510817366195336
3570,1,5.735913961304569
3571,1,1.971942494479701
3572,0,-0.7959542572441954
3573,1,5.0500525744283795
3574,0,-0.6967417124004937
3575,0,0.05828365936684303
3576,1,6.021790689061708
3577,1,7.0984473017058765
3578,1,4.784548681475417
3579,1,9.49608581311131
3580,1,5.668751934814145
3581,1,5.309732107835762
3582,0,-0.7648284175694766
3583,0,-0.4779854732983829
3584,0,0.4074921364624839
3585,0,-0.10301197217940009
3586,1,3.8414887768750847
3587,0,-0.3074755884645289
3588,1,-0.01049872101404059
3589,0,0.9043291949665145
3590,0,2.223390974697354
3591,1,3.307810239103076
3592,0,0.14093001756178342
3593,0,-0.9514260407681191
3594,0,0.029508380771986163
3595,1,6.011068513940892
3596,0,0.5854077934661918
3597,0,0.049739323378607786
3598,0,0.13353508424094862
3599,0,0.49152123927268204
3600,0,1.0607503299061698
3601,0,-1.040419248319184
3602,0,-0.13249966673340366
3603,0,0.036367590555992806
3604,0,-0.8268816827736987
3605,0,-0.45528058280363426
3606,0,-1.390603737366055
3607,0,0.1143212670687604
3608,1,2.99964689557676
3609,0,0.9359674027634443
3610,1,6.71781088147757
3611,1,5.722129051071463
3612,0,0.4999937198096218
3613,1,3.709706103580712
3614,0,-2.1489932718048337
3615,1,6.016791188376439
3616,0,-0.08131278818956852
3617,0,-0.9178297767449626
3618,1,2.3993389723868828
3619,1,8.214063142957876
3620,0,-0.7004874360038021
3621,0,-1.0284245891971504
3622,1,6.273570997400441
3623,0,0.7017198792660633
3624,0,0.5438228425434132
3625,1,2.4084070190023814
3626,0,0.8563664856398114
3627,0,-0.7520438946498118
3628,1,1.8843893654103532
3629,1,4.019987388595322
3630,0,-0.95122234074284
3631,0,0.6380773447549878
3632,0,1.204761623729145
3633,0,0.228371792067564
3634,1,6.448605651463944
3635,0,-0.042676100267605536
3636,0,-0.6979625031664636
3637,1,3.242732044738151
3638,1,5.837891352700406
3639,0,-1.2146630077070613
3640,1,4.512477615135854
3641,0,0.9213039594091512
3642,1,9.037301660871128
3643,1,3.259020481897677
3644,1,4.443736488581351
3645,1,5.42591660446677
3646,0,-0.5115518194996427
3647,0,-0.6837970923723744
3648,0,0.41216367682694316
3649,1,7.936734801453309
3650,0,0.6359162773506907
3651,1,7.261681282189324
3652,0,0.04322419913964377
3653,0,-0.6405694719424777
3654,0,0.349021653887194
3655,0,0.0792333099202186
3656,0,-1.0634351060759268
3657,0,0.7404428242639801
3658,0,0.6891604042045849
3659,1,2.496160727683168
3660,0,0.5471344301831439
3661,0,1.5389588684818143
3662,0,-1.8969215908613344
3663,0,-0.21028662861176392
3664,0,-0.3344564312427028
3665,1,4.546569812439411
3666,0,-1.8727819798244891
3667,1,6.845522268565137
3668,0,0.783410631435381
3669,1,4.766619679696944
3670,0,-0.4182436825269902
3671,0,-0.31800604083694317
3672,1,6.042711489607598
3673,0,-0.27599018715034784
3674,1,6.344071351859473
3675,0,-0.32296495897022603
3676,1,4.058791650051579
3677,1,3.2373103143352253
3678,0,-0.3448795218366853
3679,1,7.578453050065418
3680,1,5.707345474781938
3681,1,9.325836875456545
3682,1,3.5927465977601107
3683,1,4.384338932787605
3684,1,6.7657677643063
3685,1,8.365645232085884
3686,1,3.386733691351197
3687,1,4.738809560466755
3688,0,-0.6617018398279225
3689,1,4.640121118777049
3690,1,1.7489363559412348
3691,0,-0.6051907997847575
3692,1,4.482908917650566
3693,0,0.36041499494764734
3694,1,2.9040324806156597
3695,1,3.519045380528268
3696,1,9.978616090354535
3697,0,-1.8862647493135487
3698,0,-0.1889222628479903
3699,0,-1.0387131308083173
3700,1,7.815536458885079
3701,1,3.613961137213904
3702,1,7.821241995240109
3703,0,-0.21221226192420803
3704,0,-1.8520476979443201
3705,0,0.0695983122964652
3706,0,-0.6688457421629894
3707,1,2.6351277126492194
3708,0,-0.08042801269612676
3709,0,1.3442973594717766
3710,0,-0.12996530014596927
3711,0,0.43727722800779567
3712,1,8.148929612846018
3713,0,0.3261984784143872
3714,1,5.28890904000394
3715,1,3.4442045016860616
3716,1,5.951211191886141
3717,1,3.967016205091121
3718,0,-1.0641518838785184
3719,1,6.4338022339028855
3720,0,0.5567184536740802
3721,1,6.691856640243888
3722,0,-0.8059621728868848
3723,0,0.08100866667148113
3724,0,-0.6230645108412004
3725,0,0.013941455041215562
3726,1,1.472171893990589
3727,1,6.228276747536088
3728,1,9.395306960380502
3729,0,0.3857043693690902
3730,0,0.307312302787687
3731,0,-1.0961570405057883
3732,0,-1.1060416407524172
3733,1,7.001264649571441
3734,1,8.91131220328684
3735,1,4.298768134003166
3736,1,8.684076976946066
3737,1,3.6703327172521107
3738,0,-0.6627108493505017
3739,0,-0.7754404002662391
3740,1,5.387094321892655
3741,1,7.332809609927987
3742,1,9.619063168644102
3743,1,3.9847216442035185
3744,0,-0.995560034838966
3745,0,-0.41732623851127315
3746,0,-0.6798208885857835
3747,0,0.1417972223540673
3748,1,4.875248229056802
3749,1,3.1592097522385396
3750,0,0.032344662260221445
3751,1,2.517282127790539
3752,1,1.7603874355064923
3753,1,6.027747842367897
3754,1,1.2493058862149584
3755,1,3.690114510942313
3756,1,5.605213783945136
3757,1,1.3044589318401623
3758,0,-0.410612629855129
3759,1,6.578464529272903
3760,1,3.986365963157253
3761,0,0.5243506272619448
3762,1,2.616711197746694
3763,0,-0.017562468766722832
3764,0,0.46815293410874564
3765,0,0.4257837532424094
3766,0,0.5241919601906533
3767,1,3.287985606470399
3768,1,2.7716143008638054
3769,1,3.3728310798579173
3770,1,3.427982384660697
3771,1,2.793447968166257
3772,1,4.273672174852081
3773,0,1.3102513642572462
3774,1,3.2495409502966144
3775,1,4.870564693420469
3776,1,5.210723484255273
3777,1,6.277805963547113
3778,1,4.137995724486565
3779,0,0.3215019964625138
3780,1,3.4761353860161135
3781,0,0.696649152547953
3782,0,-0.8618018262571873
3783,0,0.8119783652663424
3784,0,-0.5257708479755584
3785,0,-0.868805693161887
3786,0,-0.7075185766745262
3787,0,-0.6137019030797831
3788,1,8.334758643556855
3789,1,3.3255598884734727
3790,0,-0.436245320384096
3791,0,0.9434834935506106
3792,0,0.7180998424521516
3793,1,3.0335020340523218
3794,0,0.09096285841220283
3795,0,-0.8327532949179705
3796,0,0.05686953167054477
3797,1,5.804665669672772
3798,1,6.85978470609084
3799,1,5.809707165902408
3800,1,3.876055075282803
3801,1,3.836742467320366
3802,1,5.3420397832197715
3803,0,-2.1346820716277843
3804,1,3.1842633630003068
3805,0,0.30638614067989206
3806,0,0.3619106518436977
3807,1,5.723616164855449
3808,0,0.15043876027203426
3809,0,0.07538453908540706
3810,0,1.4909046281881286
3811,1,4.649214481673237
3812,1,5.371726044270987
3813,0,-1.8762609625591375
3814,1,7.500849913978742
3815,1,3.726387863799449
3816,1,6.017733564913951
3817,0,-1.0956435026960727
3818,0,-1.1450116061727558
3819,1,4.405893445135843
3820,1,6.1855225620343415
3821,1,6.710601086761278
3822,1,5.520049906517758
3823,1,0.39915182884371525
3824,0,-1.4814861243626603
3825,1,5.2754623478155755
3826,1,5.213089628793764
3827,1,4.91928639350085
3828,1,4.375333323449587
3829,0,1.4333991776576782
3830,1,6.60702372190714
3831,0,1.949587100178902
3832,1,5.269303011894214
3833,1,4.92405869519038
3834,1,5.754538644453635
3835,1,7.117450075457276
3836,0,-0.3940308839501293
3837,0,0.658120272127304
3838,0,-0.044078844480514905
3839,0,0.10688027176906331
3840,1,5.990244990228858
3841,0,-0.0066360832450138895
3842,0,-0.6916318865849755
3843,1,3.87799834565903
3844,0,-1.102926347926425
3845,0,-1.5698005761785014
3846,1,3.117559712043226
3847,0,-1.683920134830101
3848,0,0.32985898321075746
3849,1,2.769884828737946
3850,0,0.3184640454084813
3851,0,-0.024263814424880053
3852,1,5.515875460099718
3853,0,0.47236276442612346
3854,0,-1.527698382745927
3855,1,0.16634200112948339
3856,1,4.251544660468401
3857,1,6.283687809477617
3858,0,0.20227979882023836
3859,0,-0.5249067805932897
3860,1,3.078141672468527
3861,1,4.5774168991284325
3862,1,6.518715566150738
3863,0,1.3665402268343652
3864,1,3.5092754157714747
3865,1,3.522480608007748
3866,0,-1.6455712391723603
3867,1,5.622122108517634
3868,0,-1.1793167470721744
3869,0,-0.69278785334972
3870,1,5.041385337568767
3871,0,0.8424135115699045
3872,1,4.603713728729975
3873,0,1.1705414079707128
3874,0,0.5557659114617797
3875,0,-0.3175976723697593
3876,1,0.30339968101747505
3877,1,3.641269380556955
3878,0,-1.5698257764313326
3879,0,0.201449854117578
3880,1,4.079735414514815
3881,1,5.318494463040052
3882,1,8.861803118447877
3883,1,1.6747444964727607
3884,1,3.895652375689357
3885,1,5.431060717850288
3886,0,-0.6814869931155786
3887,1,1.8976312424255575
3888,1,5.065036307465251
3889,1,5.387070951531098
3890,0,2.1759610877588025
3891,0,0.09772785376606473
3892,0,0.6820316432158795
3893,1,7.321218996350888
3894,1,6.7764047794147455
3895,1,0.6432063764669493
3896,1,5.235353713532957
3897,1,3.9540772388532535
3898,1,2.771872901666523
3899,1,1.4794978375710732
3900,0,0.4983034473597544
3901,0,0.8726672624390334
3902,0,1.027257459529795
3903,1,3.644693348549441
3904,1,6.596657281746808
3905,1,3.438108864662844
3906,1,1.0023656089979989
3907,1,7.699288002613526
3908,1,2.7636343467018127
3909,1,4.9706864529911075
3910,1,8.309225571998564
3911,0,-0.8883714525794553
3912,1,5.499457250569755
3913,0,1.8170709717435576
3914,1,3.5492128376047205
3915,1,8.73631021727712
3916,1,4.929986963643727
3917,0,0.8206467953994427
3918,1,1.6121759201774224
3919,1,5.178620852581849
3920,1,5.37836199451623
3921,0,-1.6703126201172345
3922,1,3.7153526854156613
3923,1,7.322977419689774
3924,1,8.347784273621928
3925,0,-0.7187173278125435
3926,0,-0.3386511688444445
3927,0,-2.020126698075787
3928,0,-0.6142433314860453
3929,1,8.665562947441279
3930,0,-0.1801694728050253
3931,1,6.026587703440562
3932,1,3.891879548076409
3933,0,0.08504653600934273
3934,1,4.624299080483541
3935,0,-1.8684015469677726
3936,1,4.510787906594397
3937,1,3.5126349573431632
3938,0,-0.10430157139504091
3939,0,-0.6001300457046636
3940,0,1.129040491514184
3941,1,3.6088127125258063
3942,0,-1.2930422356363043
3943,0,0.35433137328864617
3944,0,-0.8804355706423584
3945,1,5.639552528271738
3946,1,3.510810336955152
3947,1,-0.7866828946331434
3948,0,-1.8841137829441972
3949,1,3.201604748801216
3950,1,3.9588671729464746
3951,0,0.34386563053504776
3952,0,0.5368645980286163
3953,1,6.427198007508347
3954,0,-0.20694753902160806
3955,0,-0.7325161271757898
3956,0,-0.6100363664447312
3957,0,-0.8398808989132125
3958,0,1.0306023935805224
3959,1,3.7114288807158657
3960,0,0.643281468096437
3961,1,4.679391842883814
3962,1,8.384142238825625
3963,0,0.5438669872152283
3964,1,5.574146513427424
3965,1,6.9144792691045405
3966,1,6.22117530669488
3967,1,4.0767853078100655
3968,1,3.235412333750271
3969,1,9.238193289380984
3970,0,-0.4732268112223576
3971,0,0.29524449220064547
3972,1,6.729102877803895
3973,0,0.7759071463629726
3974,1,3.7696951982548317
3975,1,6.759272845443586
3976,1,4.724105387794994
3977,1,6.339690264591276
3978,1,7.663173687900802
3979,0,1.2900705868894564
3980,1,4.6979076837615
3981,0,0.3929514168712129
3982,0,-1.7654826417874139
3983,1,7.337402693880438
3984,0,-0.7041626400903529
3985,1,6.25735084580851
3986,0,0.0408175108832599
3987,1,7.5982703760967425
3988,1,6.13195912430307
3989,0,-0.4603827201251233
3990,1,9.038855481104886
3991,1,4.977310075720392
3992,1,5.659145007418658
3993,1,5.453814231697433
3994,1,4.366776683908974
3995,0,0.5188431128330786
3996,1,6.694249357868817
3997,0,-0.08789197290161463
3998,1,9.025029734702564
3999,1,2.080114183266972
4000,1,6.6746761035745275
4001,0,1.0773382143467438
4002,1,6.274059898257234
4003,0,-1.0715781016172503
4004,0,-1.4056984513838517
4005,1,5.845851834033656
4006,1,3.4014193974750047
4007,1,4.9275039323545595
4008,1,5.965472135361983
4009,0,1.8787936957978824
4010,1,3.4402946463130317
4011,0,0.7879210448680353
4012,1,4.694276001756163
4013,1,5.008945683435438
4014,0,1.1019622327615746
4015,1,3.907690136404279
4016,1,1.1328600100003894
4017,1,5.706712524701267
4018,0,-1.3512603276725648
4019,0,0.0365744049053229
4020,0,-0.5159147416122546
4021,0,-0.18494981440394703
4022,1,9.124572652415356
4023,1,5.1975493625941
4024,1,5.951474184565836
4025,1,4.324660317743415
4026,1,3.432299233551924
4027,1,1.562489023941498
4028,1,3.1276112432499157
4029,1,1.6098267565034727
4030,1,2.8469122219078864
4031,0,-1.828464625945751
4032,0,-1.4584209573429658
4033,1,3.0283773571607533
4034,1,9.006504813501941
4035,1,4.785769584212872
4036,1,2.72291244658791
4037,1,1.9025385369804275
4038,0,1.3073704143299212
4039,1,3.3568348513861785
4040,0,0.04318744076052958
4041,1,3.9919774236549337
4042,1,3.6962588103737852
4043,1,3.6697480255437585
4044,0,-0.14057899228012832
4045,1,6.6207478535609
4046,1,9.011995813798158
4047,0,-0.29173590286998247
4048,1,5.9465997258203025
4049,1,4.068146573310964
4050,0,0.8862186141366195
4051,0,0.8253139430111418
4052,0,-0.46822388676081883
4053,0,0.07120182997424936
4054,1,5.009082645497172
4055,1,2.0685083550719434
4056,0,0.6698892292238896
4057,1,6.292469195998311
4058,1,6.431269813346894
4059,0,-2.7860576075903265
4060,1,5.229225158604787
4061,1,3.424621989535429
4062,0,-1.4855618592374493
4063,0,-0.030088584329824166
4064,1,4.5927383910727375
4065,1,1.7492611772568454
4066,1,3.3460673948427626
4067,1,6.015912175923742
4068,0,2.7216683119147524
4069,0,-0.5246784811021352
4070,0,0.11464250993909753
4071,0,-0.7586561962516849
4072,1,3.4437696031132785
4073,0,-0.08333149596492333
4074,0,-0.954232281224524
4075,1,7.314255745666179
4076,0,0.7323005598864248
4077,1,3.96719075220216
4078,1,7.02360418151578
4079,1,2.5168366394721655
4080,1,4.113776340833254
4081,0,-0.5361772523700328
4082,1,4.247424127390509
4083,0,-1.3113293467899467
4084,0,-0.10299974987477023
4085,0,1.9365546470529769
4086,0,0.8767333044027559
4087,1,5.273480572149534
4088,1,5.9364940522061636
4089,0,0.24926761925171048
4090,0,-0.5775786896420564
4091,0,-0.14051665936751212
4092,0,1.4869798706978345
4093,1,5.652066905363218
4094,0,1.9390720662707013
4095,1,7.35453998684427
4096,1,6.157522867288651
4097,1,8.813531384600871
4098,1,2.2760691478230135
4099,1,7.531560677886212
4100,0,-1.055916239957295
4101,0,-1.4298443737856181
4102,1,4.90918071231978
4103,1,0.7227917311841896
4104,1,4.160547932958234
4105,1,5.896351331708619
4106,1,6.662320419478199
4107,1,6.060339507984393
4108,0,-1.7668629626422518
4109,1,3.471830681439098
4110,1,4.560170552903585
4111,0,-0.807767547270551
4112,0,0.25726060750726987
4113,0,0.5681141392434382
4114,0,-0.6873567570307736
4115,0,-1.191450905417398
4116,0,2.2966539901431315
4117,0,0.20803798659266654
4118,0,0.9077229493779838
4119,1,0.0923715820200881
4120,0,1.0240873766109058
4121,0,1.4148740210883148
4122,0,-0.005132497096517936
4123,0,1.5540283764040383
4124,0,-0.8136714435343897
4125,1,0.8295336736444989
4126,1,1.9707381749283357
4127,0,-0.5872636110762496
4128,1,5.394913729458595
4129,1,7.521786550878832
4130,1,7.458215659223505
4131,1,6.372922672938248
4132,0,-1.4491954890761
4133,0,0.012343735556231077
4134,1,6.88017572657045
4135,0,0.23615056428566564
4136,1,8.524221390306309
4137,0,-0.23222836058160296
4138,0,1.1198817311618579
4139,1,7.017118960874878
4140,1,7.033035659766355
4141,1,6.082929817109938
4142,1,1.8383294536324564
4143,1,3.17599409860804
4144,1,6.060575113343711
4145,1,7.138573443527996
4146,0,0.018502316355660322
4147,1,10.234677947092248
4148,1,4.822641432091167
4149,0,0.04725513709700869
4150,0,0.4550108110218652
4151,1,1.1729834364915277
4152,0,0.371699867371663
4153,0,0.880847449639624
4154,0,-0.12559559535310988
4155,0,-1.319920511536308
4156,1,2.523012430195449
4157,1,3.585474609792976
4158,1,6.971921674289106
4159,1,8.089995769282845
4160,0,1.3217499488580498
4161,0,0.19345740813019574
4162,0,-0.6612311271683265
4163,1,2.2622303088694298
4164,1,2.7260854131619277
4165,1,4.64894415729487
4166,1,5.711620135288371
4167,1,5.32138039478726
4168,0,-0.8711089699566541
4169,1,4.599495205642369
4170,1,4.258731406166689
4171,1,7.440426688246737
4172,1,5.974508726312476
4173,1,5.6091348614930086
4174,1,5.11695978765488
4175,1,4.257808714532572
4176,1,8.971066458671757
4177,1,6.598852612602405
4178,1,6.328925632593391
4179,0,0.905052689003587
4180,0,1.0352230160624665
4181,0,1.6523225558728114
4182,0,-0.02745999178883775
4183,1,5.396964746769726
4184,1,5.529517516033877
4185,1,4.246025503008527
4186,0,-1.3400447017270598
4187,1,6.225750580258321
4188,1,5.753250417046521
4189,1,3.868020901046976
4190,0,1.3349922685898026
4191,0,-0.7014502259465369
4192,1,4.467740011519979
4193,1,2.711764973075312
4194,1,4.794203975057893
4195,1,3.8482624617730803
4196,0,-0.056418106550085806
4197,1,5.657691585915614
4198,1,5.9143436317561235
4199,1,4.781506953067948
4200,0,1.102796095706732
4201,1,5.861658118350221
4202,1,3.7998536782212087
4203,0,-1.7047957128708882
4204,1,5.331609150331444
4205,1,3.2686194522684104
4206,1,2.718961165532711
4207,0,0.5726945032537301
4208,0,0.8085122990661134
4209,0,-0.9587917783929806
4210,0,1.9209267736237892
4211,1,3.6547899029718582
4212,1,5.952912338243794
4213,1,4.39897891121248
4214,1,2.6180011320717846
4215,1,4.9968966344893975
4216,1,7.252162928114732
4217,1,7.714105751764594
4218,1,5.288957525274535
4219,0,1.53355203812772
4220,0,-0.7448418484468187
4221,1,6.386659630650641
4222,1,6.872056656545388
4223,1,2.8184097979560785
4224,1,5.222933500821476
4225,1,7.141558225197349
4226,0,-0.9082366607190451
4227,1,7.046383661317943
4228,1,3.8740379711831485
4229,0,-0.49173327278544
4230,0,0.467401953765988
4231,0,-1.3183827859821766
4232,0,-1.3502103415756388
4233,0,0.4842347257306707
4234,0,0.8158732433300012
4235,0,1.2540773849684208
4236,1,1.5929270091497
4237,1,1.9486122051681893
4238,0,0.03868302995329268
4239,0,1.0426742934913904
4240,0,-0.6525044121295622
4241,0,-2.4324558868425803
4242,1,6.400151065495581
4243,1,7.4482438096128485
4244,1,1.9167159213850664
4245,1,5.155743892107138
4246,0,0.530335776184388
4247,0,0.3512154351852243
4248,1,7.744788649507404
4249,1,7.312104531106581
4250,0,-0.011266774526686708
4251,0,0.24441715207963038
4252,0,0.44129950167034343
4253,0,-0.2167980339297004
4254,0,0.39393463127360956
4255,1,4.77907962967134
4256,1,6.63079317350669
4257,1,4.402245568315497
4258,1,4.025869678920001
4259,0,-0.7263911062556215
4260,1,4.44937837610427
4261,1,3.076007864709765
4262,0,0.5140453499577372
4263,0,-0.06945106039309311
4264,1,7.5854769436916385
4265,0,0.18247937234737818
4266,1,2.5148983528696887
4267,0,0.7665427535112637
4268,1,6.164246911515754
4269,1,5.472001789331641
4270,0,-0.07114585659561182
4271,1,3.102147714836204
4272,1,6.956724917683051
4273,0,1.8862320598373092
4274,0,0.8767886972604563
4275,1,4.072022202090278
4276,1,4.993151753930643
4277,0,0.23482721125260073
4278,1,8.997102720459441
4279,0,-0.21131109030039535
4280,0,-1.5453145197475504
4281,0,0.15422685146774784
4282,0,-1.2516311029168092
4283,0,-0.9769914482175671
4284,0,0.07027267476952216
4285,0,0.2571707330102122
4286,0,0.11750456386517362
4287,0,0.6840351592895461
4288,1,7.3023153111463746
4289,0,-0.5870758539311763
4290,0,-0.9470245439410434
4291,1,14.160026206359728
4292,0,0.5775710897862665
4293,1,5.73752364948974
4294,0,-0.8206776489359214
4295,1,3.3062715930613438
4296,1,0.971776907975233
4297,1,4.698986557274202
4298,1,4.338013372602023
4299,1,3.0461986770403517
4300,1,5.746124609111401
4301,1,5.744653655209805
4302,1,4.195196871361086
4303,0,1.1529288875280674
4304,1,6.348250715763278
4305,0,-0.47295854062010523
4306,0,0.8470302615558506
4307,1,6.6932101539139754
4308,0,-1.423908143973619
4309,0,0.36456634618541417
4310,1,4.265318709833423
4311,0,-2.621392080116663
4312,0,-0.38225113578847125
4313,0,1.2347564500977806
4314,1,7.803710352379363
4315,1,6.819246502254355
4316,1,3.862509400639232
4317,1,7.812392857275879
4318,1,2.790154931043349
4319,1,6.405229866237809
4320,1,3.97028015168155
4321,0,-0.6658545607351462
4322,1,1.1199293945412068
4323,0,1.193796465713528
4324,0,-1.145378344932707
4325,0,-0.7257510703946782
4326,0,0.4798897467009522
4327,1,8.75272910060126
4328,0,0.3519823349998077
4329,1,4.210294531426857
4330,1,3.823243867279686
4331,1,4.9695310444778675
4332,0,0.41937330702869735
4333,0,0.7750295293053062
4334,0,0.18164820216677321
4335,0,-0.03219311047794961
4336,0,-1.824898747566505
4337,0,-0.8613876065436143
4338,1,7.3014191847427465
4339,0,-0.9470797570958552
4340,0,0.8564748948940965
4341,0,-0.10391795671170555
4342,0,1.109201627413469
4343,0,-0.966878794132714
4344,1,6.81100480712678
4345,1,5.429171798911767
4346,1,5.698134047538486
4347,1,7.417044535999221
4348,0,0.5725653986937428
4349,0,1.906286142874532
4350,0,-0.22400115137538457
4351,0,1.2215706537128175
4352,1,5.862370930555025
4353,1,4.92961299492603
4354,0,2.25661147110616
4355,0,0.6070922408259142
4356,1,9.937847910131001
4357,0,1.012282413033776
4358,0,0.7515126429003386
4359,0,0.5988382019605001
4360,0,-0.24924715212102466
4361,0,-0.8206977687230457
4362,0,0.7294209600445221
4363,1,4.238575546413178
4364,0,1.8429007149654681
4365,1,7.533209686662788
4366,0,-0.654979205757424
4367,1,8.353790662892216
4368,1,4.472372737130072
4369,1,4.585172977224446
4370,1,4.907523436710978
4371,0,-1.8838294874624675
4372,1,6.311045285388873
4373,1,3.073656373258159
4374,1,7.369804016283878
4375,1,5.459855184852301
4376,1,2.394912205118938
4377,1,7.042396951715583
4378,0,1.5653588767223015
4379,1,6.39265335813913
4380,1,5.001867511653522
4381,1,6.3405402301587905
4382,0,0.8266940161098747
4383,1,9.171596977804851
4384,0,0.0628824542017303
4385,0,-1.4524218359385437
4386,1,3.0735097943291745
4387,1,3.8257618903746353
4388,0,-2.637604240016857
4389,0,1.247596456579585
4390,0,0.024913019840475295
4391,1,5.590394424072272
4392,0,-0.8360105423751232
4393,1,8.02644356406028
4394,1,6.788432050005152
4395,0,-0.39905579403384633
4396,1,9.431928188544727
4397,1,4.079120480268786
4398,0,-1.2637269795776733
4399,1,5.330552553879495
4400,1,4.412003035032555
4401,0,1.19035190563863
4402,1,3.195770995022564
4403,1,4.141578210763564
4404,0,0.05007939569846393
4405,0,0.2959818944132593
4406,1,3.097565293996201
4407,1,8.385408409554543
4408,0,0.5106130063533131
4409,0,0.21907928149057218
4410,0,0.5525099035056683
4411,1,6.619522144791702
4412,1,4.5910976280917115
4413,0,1.637848017946028
4414,1,5.255938702793725
4415,0,0.875883889225286
4416,0,2.386259498949124
4417,1,3.782445674094318
4418,0,1.366402247800432
4419,0,-1.075947254609349
4420,1,5.387497168742784
4421,1,5.734012124074244
4422,1,5.866986627364917
4423,1,4.370084337306066
4424,0,0.5689571296402604
4425,1,3.149728414834418
4426,0,0.8239140570371433
4427,0,0.19015775163675758
4428,1,5.634983010301635
4429,1,3.783500300341813
4430,0,0.5451613811868009
4431,1,3.872568934105313
4432,1,2.619441220337875
4433,0,-0.015868768705025675
4434,0,1.50974595871365
4435,1,6.609640429499255
4436,0,-0.6454406938272949
4437,0,1.7994311717950444
4438,0,0.17560803094638144
4439,1,2.08805470696264
4440,1,4.730068473508838
4441,0,-0.03748992084819292
4442,0,-0.9006776598184998
4443,0,-0.4538249259733
4444,0,-1.2303103458268327
4445,1,4.9249340176128396
4446,0,-0.3866645749274218
4447,0,0.7825306635448994
4448,1,6.217737000107443
4449,1,2.9261718617917016
4450,1,5.592757958476256
4451,1,6.993314493838325
4452,0,-0.961284763330966
4453,0,-0.03351607180982285
4454,1,5.161382706377346
4455,1,6.078111947350188
4456,1,4.941675913554426
4457,0,-0.8176262006666748
4458,0,1.7196285530901019
4459,0,0.5647719237892157
4460,0,-0.33875545791808137
4461,0,-0.8690368315087293
4462,1,3.0289508863326895
4463,1,7.353114384099439
4464,0,-0.20526522503110828
4465,1,9.553079611027513
4466,1,7.338524346703781
4467,1,1.5305036083984627
4468,1,3.9688374236612844
4469,1,7.342555596534572
4470,0,-1.676441582196477
4471,1,5.143465821250865
4472,1,7.899271650335077
4473,0,0.6890996010920224
4474,1,5.804035184323474
4475,0,-1.9366004037566658
4476,1,5.793053481630326
4477,0,-2.2519296326118052
4478,0,-0.4380009973594103
4479,0,-1.2930170198224673
4480,0,-1.2532017610136692
4481,0,-1.0025724390585427
4482,1,4.419456745634758
4483,1,5.299148205422937
4484,1,4.698367667638518
4485,1,5.96717301522646
4486,0,-0.4752745235279954
4487,1,4.49594949448744
4488,0,-0.7883873897589733
4489,0,-0.7622183269532415
4490,1,2.8743164478480168
4491,0,-1.04917727725471
4492,1,4.296053967697184
4493,1,5.327554866512399
4494,1,3.5378060809420364
4495,1,3.9874819387120386
4496,0,-0.738825360973905
4497,1,7.14388099098055
4498,1,5.631486917994781
4499,0,-0.5550406000583378
4500,0,-0.7503501405211553
4501,1,8.520207214304381
4502,1,2.9952276958253585
4503,1,3.9492512503466717
4504,1,6.873279397758701
4505,1,5.5925099665376
4506,0,0.7197673959539236
4507,0,0.2708678679212179
4508,0,-1.6293700973543261
4509,1,4.0785548137316265
4510,1,4.477033045094256
4511,1,4.598018025400062
4512,0,-0.06133644802849145
4513,1,5.166824522955081
4514,1,3.0921270067246063
4515,1,6.178563478190176
4516,1,5.099478123561679
4517,0,-0.43389891418809706
4518,1,2.8643301409582653
4519,0,-1.8018191726341488
4520,0,-1.1279048512052063
4521,1,5.3282627789694885
4522,0,0.7854204804905716
4523,0,0.7437173241084538
4524,0,-0.25422108926425346
4525,1,5.21581710115565
4526,1,7.857514374959555
4527,1,2.35659575773988
4528,1,4.328843357867417
4529,1,5.524589124160291
4530,0,0.9987247243182712
4531,1,2.086067397418069
4532,0,1.019911844511923
4533,1,5.86462082638366
4534,0,-0.7850982431512097
4535,0,-0.2709374062237795
4536,1,4.420028060911181
4537,0,1.4458594629403685
4538,0,-0.08324003318553716
4539,0,1.5576910104855182
4540,1,4.336344477836903
4541,1,2.700279735300135
4542,0,0.4691301355367551
4543,1,4.580408134534527
4544,1,5.13466862102036
4545,0,-0.9865041384072181
4546,1,3.7637251922718944
4547,1,2.770469167704576
4548,1,3.272942771189391
4549,1,4.627646351933712
4550,1,5.272855250845792
4551,0,-0.1448800800807199
4552,1,1.9392076938462863
4553,0,-0.9634669734307805
4554,1,3.4032037871705088
4555,0,0.14683006536307666
4556,1,7.281892550896753
4557,1,2.065527747747601
4558,0,-0.8529501534103426
4559,1,7.037124713218686
4560,0,1.7456518087873372
4561,1,6.626040959180412
4562,1,5.305434933945859
4563,1,3.744590748917262
4564,1,5.7383580412694855
4565,0,0.8577348857092912
4566,0,0.5403562191314802
4567,1,5.7248507098560975
4568,1,6.091682508436435
4569,0,-1.6373890438683498
4570,0,0.01587798440177388
4571,1,6.6622741624449
4572,1,5.077911647741398
4573,1,4.885470071764806
4574,1,4.884465764016195
4575,1,3.5058152840793513
4576,0,-0.17912872764991436
4577,1,5.786058011884258
4578,1,4.93219746584056
4579,0,-0.39609594304526163
4580,1,3.9527577767830024
4581,1,6.35829274293444
4582,1,7.2694267533210155
4583,1,7.06270540156363
4584,0,0.2690403616415604
4585,1,4.1188491105931675
4586,1,5.43365801289841
4587,1,2.750763783312493
4588,1,5.174590099537519
4589,0,-0.4948229151480114
4590,0,0.344531753696806
4591,1,7.3274089001352545
4592,1,4.692211206059108
4593,1,6.391052979408176
4594,1,6.206252618001722
4595,1,10.354092776076374
4596,1,6.575796019199772
4597,0,-0.9823316696653865
4598,1,2.631099470138833
4599,1,2.451622441114347
4600,0,0.027812544522940796
4601,1,2.701573915711238
4602,1,6.207374039978334
4603,1,6.467415223767393
4604,0,0.7012759679504051
4605,0,-0.15056037017139015
4606,1,3.273658716164789
4607,0,-0.4357189099283684
4608,1,3.0567937778993985
4609,0,-0.47949837104575266
4610,0,1.345993393034025
4611,0,-0.25160200723723314
4612,0,-1.1580749242654584
4613,0,1.1374173922116877
4614,0,-0.03676005166475506
4615,0,-1.1840404455861924
4616,0,-0.07487354339222947
4617,1,2.8258835094067902
4618,1,5.554013575300027
4619,0,-0.9206539989320272
4620,1,3.442178969571212
4621,1,4.738776372397218
4622,1,8.033433722544405
4623,1,4.248316408590675
4624,1,5.8629843758088525
4625,1,4.753909527853552
4626,1,7.18759709549996
4627,1,5.103349352646599
4628,0,-0.4971830688570973
4629,0,1.0392787356736277
4630,0,-0.24994933453720442
4631,1,3.5369922761725965
4632,1,2.9277627795357115
4633,0,0.017652067540642944
4634,1,0.27825615826526295
4635,0,-1.2081322932537812
4636,0,1.1835924905168007
4637,0,1.0257715298655037
4638,0,0.6476264471747123
4639,1,5.127084009547416
4640,0,0.3104545198462212
4641,1,7.499275104616366
4642,1,4.075217577052323
4643,0,0.32713355285896284
4644,0,-0.1511065280107827
4645,1,1.7303928295573954
4646,0,1.4766549580962363
4647,0,-0.5241191168883018
4648,0,0.1324784114558402
4649,1,4.534914252986079
4650,1,3.4833838910122106
4651,1,6.050880668579579
4652,1,6.66076906879716
4653,1,6.25712945378679
4654,1,0.33489011695537485
4655,1,6.147346721471167
4656,1,5.927497280554283
4657,1,2.2758175370575473
4658,1,4.087114317752126
4659,1,5.8850572999026705
4660,1,4.012382510911353
4661,0,0.7469984155625543
4662,0,0.5222516796674768
4663,1,3.5317336576636196
4664,0,1.1363944003122741
4665,0,-0.6655196120625557
4666,1,7.275356951032515
4667,1,4.504737852555236
4668,1,6.017336722615999
4669,0,-2.1866757100355194
4670,0,0.4847596178493856
4671,1,7.163505457788466
4672,1,6.907741245065336
4673,1,6.494451251745875
4674,1,4.738493051064436
4675,0,0.41025283194362655
4676,0,-0.18683718347888437
4677,1,5.518169913426885
4678,1,3.138867888436021
4679,0,0.7968001151748549
4680,0,-1.9006410303708727
4681,0,0.5791785891152881
4682,0,0.7812279035786972
4683,0,0.32436615537481867
4684,1,8.573267969580883
4685,0,-1.1688184232841987
4686,0,-0.8037778292417691
4687,0,-1.4225276867563985
4688,0,0.4328179072610513
4689,1,4.144230143854654
4690,0,-0.4082017627526457
4691,1,5.382395015776934
4692,1,3.83483772315571
4693,0,-0.9116123594123469
4694,0,0.8873230800867169
4695,1,5.633800951901777
4696,1,2.970272132688085
4697,1,4.195177903579537
4698,0,-0.4564836285528267
4699,0,0.8172537100231673
4700,1,9.478755654748365
4701,1,7.46371581484582
4702,1,5.2656556196264805
4703,1,0.40491431055858396
4704,1,4.984977642488077
4705,1,2.562734612120449
4706,0,-0.22899847758337016
4707,0,0.4749405660387054
4708,1,5.4820355554624
4709,0,1.0834478929855973
4710,1,6.924563744395473
4711,0,-1.6484905008734545
4712,0,-0.9548891223796959
4713,1,7.092117821351375
4714,1,5.918560461469741
4715,0,0.25733045845168623
4716,0,0.5748351308729255
4717,1,5.104691508815712
4718,1,5.295395480327476
4719,0,-1.3833652174928004
4720,1,4.806596915398862
4721,0,2.138796761919431
4722,1,2.8369133788720724
4723,1,4.837267033373078
4724,1,2.314737628781514
4725,0,-0.8648628308664265
4726,0,1.7467773755941887
4727,1,1.9000806917441286
4728,1,6.5184886941648905
4729,1,4.883842343707603
4730,1,5.192535432833274
4731,1,4.741742994114871
4732,1,6.301749201634634
4733,0,1.333608336285963
4734,1,6.012054281451848
4735,1,5.756785980006487
4736,0,0.8434107866893122
4737,1,7.110749216277052
4738,0,0.6315650845197435
4739,1,4.021078681593352
4740,1,2.955648015213095
4741,1,6.246771463236076
4742,1,1.638251754222587
4743,0,1.4338936693620021
4744,1,6.893062895516696
4745,1,3.7521698159805563
4746,1,6.6574789394524725
4747,0,0.04429530497501994
4748,1,10.35655781924089
4749,1,4.9726363066853185
4750,1,4.467456913131707
4751,0,0.250056459598104
4752,1,6.095778007356658
4753,0,0.7778701531780741
4754,0,1.3957233515581733
4755,1,5.264238084616276
4756,1,6.0344583248218955
4757,0,0.10584774101420048
4758,1,3.283616383722796
4759,1,3.570153522791622
4760,1,5.13633769656561
4761,0,0.17037853609449766
4762,1,5.507966378173807
4763,0,-0.46500536886931254
4764,0,0.375428660029375
4765,1,2.373853111353217
4766,0,-0.7029568032723333
4767,1,5.86984381908356
4768,1,3.7183750518693426
4769,1,3.6398594606764427
4770,1,1.0783048756905442
4771,0,-0.9901794564732359
4772,0,-0.27101611122959146
4773,1,7.683989063607346
4774,1,2.5712573207908824
4775,0,-0.1344152424428394
4776,1,3.7559248423769
4777,0,0.5765326149120266
4778,0,0.31322421014573715
4779,0,0.11588163329941803
4780,1,6.841520687256048
4781,0,0.5144969950931707
4782,1,3.491917012291687
4783,0,-1.3740427505700765
4784,1,5.377798706063323
4785,1,4.300258620519884
4786,1,5.458754107172225
4787,0,1.076955070091853
4788,1,6.290709415474238
4789,1,3.735563884660064
4790,1,6.236702981585346
4791,0,0.3021969321999821
4792,1,2.666603707222817
4793,1,4.957600216401873
4794,1,5.282685299412192
4795,1,3.303219342387252
4796,1,0.7549021376226923
4797,0,0.39714556690354
4798,1,0.2716109841235861
4799,1,6.620378429616082
4800,1,4.606850417663308
4801,1,7.61298943167414
4802,0,-0.11938773229142004
4803,0,0.2900232868457047
4804,0,-0.7472977392249234
4805,0,-1.405573163892372
4806,0,2.3845069843900384
4807,0,-0.7556197428817855
4808,0,-0.716719353269119
4809,1,5.267730764667931
4810,1,5.062610085513006
4811,0,0.8420614620239506
4812,0,0.24350491876664654
4813,0,-0.7649781855388146
4814,1,4.659935766087299
4815,1,5.723131095338061
4816,0,-1.0439986332354205
4817,0,0.5726266469455362
4818,1,5.588320837741996
4819,0,0.5283125046796194
4820,1,5.887897576062361
4821,0,1.3724810153616074
4822,0,-1.1960741862467708
4823,1,6.583167705950539
4824,1,7.78681511064212
4825,1,4.55417500774994
4826,1,3.8997738012454914
4827,0,1.1365221036575532
4828,0,1.5371545127899051
4829,0,0.9420798977466107
4830,0,-0.9080983495285893
4831,1,5.643922922192842
4832,1,5.279614543483563
4833,1,8.099872496715093
4834,1,7.807192076357604
4835,0,0.4079032797737951
4836,0,-0.8553274801226145
4837,1,4.75484907484505
4838,0,-0.3449382812662295
4839,1,3.5179107633337816
4840,0,-0.15461292024364584
4841,1,8.786391002548244
4842,1,4.097285591937203
4843,0,0.6788053944392191
4844,0,0.9391258163019026
4845,0,-1.4276022882998094
4846,1,9.546933084666858
4847,1,3.765913237858722
4848,1,3.724735425132116
4849,0,-0.42279359782846826
4850,0,-1.412036163321436
4851,0,-1.1045369163043528
4852,1,3.031421734799308
4853,1,4.604424110652344
4854,0,-0.2943950151951575
4855,1,4.895973935491837
4856,1,1.9069319798412159
4857,1,2.7128892022808073
4858,1,6.633093728563514
4859,0,-0.08054901945202687
4860,0,-0.6102727473587525
4861,0,0.07988749692308297
4862,0,1.1517750589569438
4863,0,-0.15641981607918956
4864,1,4.640555573534349
4865,0,0.4575042581135982
4866,0,0.03417428658382564
4867,0,1.174523898030024
4868,1,4.039582068557138
4869,0,-2.0851093950829003
4870,1,5.452364896359607
4871,1,4.332549422095168
4872,1,4.616240486460013
4873,1,5.228436447893203
4874,1,9.403105467104995
4875,1,7.690750620755452
4876,1,4.500720486255163
4877,1,4.9181154561847
4878,0,1.64084784472377
4879,1,-0.7528063559325036
4880,1,10.366613822211693
4881,1,6.7953421202995665
4882,1,9.463533974648307
4883,0,-2.2815884356634206
4884,0,0.11045076216181743
4885,0,0.2454072304179352
4886,1,4.95342953692461
4887,1,5.370058725494608
4888,1,3.704267170285022
4889,0,-0.6174354580598264
4890,1,3.982136741537095
4891,1,9.403848323134824
4892,0,-1.0741448655501005
4893,1,5.135755778740325
4894,1,5.3752670394490405
4895,1,6.687306582667645
4896,1,1.2709990456154343
4897,0,0.8601826342869595
4898,1,4.623030040819572
4899,0,0.3166702250492539
4900,0,0.4094345163936898
4901,0,0.8394197562312918
4902,1,4.504839831397718
4903,1,5.09652971803501
4904,0,-0.06275646838449794
4905,1,4.1501786473025
4906,1,2.301521473105008
4907,1,5.85372243670019
4908,1,6.4752698966642255
4909,0,0.8766596396353075
4910,0,-0.9470648224303203
4911,0,-0.5226355065910541
4912,0,0.29406858645324013
4913,0,-0.45263223832827165
4914,1,4.512772052000224
4915,1,5.207645298291524
4916,0,-0.983409033842866
4917,0,-0.32532661493262377
4918,0,0.38619611198151294
4919,0,0.5257219696345651
4920,0,-0.8537225030782746
4921,0,-0.9323414148030414
4922,1,6.475285540998986
4923,0,-0.29211721525514345
4924,1,3.1794734084768237
4925,0,-0.41410536689179395
4926,0,0.2041727192117629
4927,0,-0.12272392382683467
4928,1,6.915510800879643
4929,0,-0.07730337174714019
4930,1,7.06379816988415
4931,1,2.8037621246230042
4932,0,0.026271469808133698
4933,0,-1.3021545360982623
4934,1,6.177078600497296
4935,0,-0.4716841769504923
4936,1,4.83966512043838
4937,0,-1.1785425957220514
4938,0,-0.22322475807385858
4939,0,-1.2414787232374696
4940,0,2.4766217918514215
4941,0,1.2601185213248094
4942,0,1.6704910211007857
4943,0,0.06418505012591293
4944,1,3.775177315483857
4945,0,-0.5783669220754948
4946,0,-0.05171964292943002
4947,1,3.5219178094364656
4948,1,4.539366431886859
4949,0,0.514046819659226
4950,0,0.3221537029030527
4951,1,3.225832531669871
4952,1,8.881048345677927
4953,1,5.3537770862121015
4954,0,0.360620263800455
4955,0,0.9104780757218541
4956,1,4.200765545405918
4957,1,4.330987962446192
4958,0,-1.6421464149670097
4959,0,-0.7623338287450114
4960,0,-0.6315760165287031
4961,1,3.497583127825558
4962,1,4.98152927032548
4963,1,2.064482567475098
4964,0,-0.8446345293256136
4965,1,6.766588927281424
4966,1,6.713268426057711
4967,0,-0.6888152418923018
4968,0,2.1873316587024196
4969,0,1.1238591626771404
4970,0,2.7870869019464273
4971,1,4.162282928072836
4972,1,7.067655318624567
4973,0,1.582517314403243
4974,0,0.5327774777445154
4975,0,-2.9451197482660247
4976,0,0.8219969524108611
4977,1,5.082178644881976
4978,0,-0.8268214837220993
4979,0,1.0819426408130615
4980,1,4.8912062993747805
4981,1,4.722188152118949
4982,1,3.4937121980059427
4983,0,0.7289712983484677
4984,1,5.384410354076323
4985,1,3.677657123232927
4986,1,1.635778741626135
4987,1,8.941875995426514
4988,1,7.172040079488854
4989,1,1.966357770593393
4990,0,0.09536007447528233
4991,0,0.9345131004019823
4992,0,0.043352150046379545
4993,0,0.38001566427115063
4994,1,7.646896017224054
4995,0,-0.5366644217645651
4996,0,0.010765916031392632
4997,0,-0.9148959029558059
4998,1,4.615291209298474
4999,1,3.316019189679852
5000,1,6.99503884128812
5001,0,-1.5634113626374908
5002,1,5.450139351062513
5003,1,4.951316202691566
5004,0,0.1435435542319903
5005,0,-0.09095931652737893
5006,1,6.682142895138087
5007,1,4.164339470398577
5008,1,6.85778319498
5009,0,0.1284914704623993
5010,0,0.45496322845290244
5011,1,5.429237744629124
5012,0,0.03680926851548809
5013,0,1.5951549259003157
5014,1,3.4693343446192815
5015,1,8.959833610445838
5016,1,7.476114139102114
5017,0,0.8784733013416385
5018,0,0.8047346047889286
5019,1,8.264813338364032
5020,0,-0.42966102283971025
5021,1,2.8472530487987853
5022,1,5.267608106196103
5023,1,3.9435213369220237
5024,1,6.037457993420845
5025,1,4.288488289922707
5026,0,-0.3486868395974886
5027,1,4.166469932550732
5028,0,-0.18453443231972522
5029,1,7.1760046179809365
5030,0,-0.7626638553848419
5031,0,0.3005703386548178
5032,1,5.244965618737031
5033,1,6.701705738709406
5034,1,4.8871687612494386
5035,1,6.769836714359453
5036,1,4.3660731283644045
5037,1,4.986679037501146
5038,1,7.175321537801911
5039,0,-1.0814819140002674
5040,1,5.761983939917856
5041,1,5.673172041836645
5042,0,-0.15648970302918125
5043,1,7.5117057826338325
5044,0,-0.32001999457406344
5045,1,3.8535401275491363
5046,1,3.835114049668295
5047,0,-1.0908117946895273
5048,1,5.231170031378309
5049,1,6.944293016666442
5050,1,5.816499506916267
5051,1,2.6997995439631834
5052,0,-0.7184072170946414
5053,0,0.775654559635521
5054,0,1.839106962769929
5055,0,0.3379352035210877
5056,1,5.327482964878955
5057,0,-1.180056252685958
5058,0,0.1110964179669284
5059,1,3.4070927522761973
5060,1,8.612678230186818
5061,1,4.256889431628518
5062,0,-0.1909843188461488
5063,1,9.594903579785075
5064,0,-1.0394057074378644
5065,1,6.908491008842626
5066,1,4.446106213961526
5067,1,3.6868760666977995
5068,0,-0.3518778753102401
5069,1,2.922428023099645
5070,1,5.448106659475988
5071,1,4.472650311719339
5072,0,-2.0739162276354954
5073,0,0.3556614136041068
5074,0,0.07525103415513451
5075,1,3.338564005753984
5076,1,8.053324948035977
5077,1,7.259020307924484
5078,1,5.452331783285206
5079,1,8.087109876946014
5080,0,1.6355173651876114
5081,0,-1.7485325012129267
5082,0,1.3990800205468077
5083,0,1.093539165535449
5084,1,6.127130911189541
5085,1,6.34789294415158
5086,0,-0.4720483749271051
5087,0,1.7717860807613874
5088,1,6.37740612515168
5089,1,7.902196389476018
5090,1,8.304602887868375
5091,1,1.3808020604360451
5092,1,4.116894233406483
5093,1,4.130710963559801
5094,0,-0.825162566476134
5095,1,3.349296600998775
5096,0,-1.1689740609501553
5097,0,0.37438694467537886
5098,1,3.140813710600179
5099,1,4.018461664585888
5100,1,7.605136451063567
5101,0,0.4062615881329324
5102,0,0.5508128071005971
5103,0,0.6464953360722188
5104,0,-1.7258115220374093
5105,0,-0.09365434017441258
5106,0,-0.8983441827659103
5107,1,5.689018669581602
5108,1,6.948674773929103
5109,0,-0.5940188257207824
5110,0,0.7765314938605867
5111,0,-1.0965973747267328
5112,0,-1.8082442056040078
5113,1,2.9131765989170435
5114,1,5.377267236849859
5115,1,7.48630143268541
5116,1,4.445392331174665
5117,1,4.807912183747447
5118,1,3.2180527942799886
5119,0,0.07355247509206171
5120,1,3.6469016559471417
5121,0,-1.2483512902306244
5122,1,2.068648110273012
5123,0,-1.0372860368607475
5124,1,2.4253070794837637
5125,1,4.135019607399712
5126,1,5.877634850224084
5127,1,5.1615865923177555
5128,1,5.6845040941625165
5129,0,-0.9042184603471712
5130,0,-0.04544526003350528
5131,0,-1.4441523516665264
5132,1,4.778872025086554
5133,0,-0.5777621717288188
5134,0,1.0459794177323904
5135,1,6.617901470100458
5136,1,3.9518398640065815
5137,1,3.798426865857323
5138,1,1.0750922351015109
5139,0,-0.019641670842773958
5140,1,5.1087066190588715
5141,0,-0.21000386203213148
5142,0,0.15306627453805308
5143,0,0.4649185283699513
5144,0,-0.6295965345746661
5145,1,1.2107819896977388
5146,1,5.2829683459257835
5147,0,-0.3808763431162558
5148,0,-0.2711271153956652
5149,1,4.878390109719058
5150,1,6.8478675381278435
5151,1,3.1152025335597635
5152,1,4.897680179464332
5153,0,0.026406020841576717
5154,0,2.4641116308208963
5155,1,2.057481700018395
5156,1,3.5382418743532416
5157,0,0.16420778913565093
5158,0,-0.3545480136924751
5159,1,6.961276050125305
5160,1,2.8796553198395505
5161,1,4.071408165201011
5162,1,2.0626987909936356
5163,0,-0.5098411661104926
5164,0,-0.3583232778125851
5165,0,1.4021590780612523
5166,0,1.271315737248205
5167,0,-0.6602911946903767
5168,0,-2.1405562513458833
5169,1,3.3089898491860232
5170,0,0.17405432754185265
5171,0,0.8815840954759444
5172,0,1.6049271359473478
5173,0,-1.708867136415419
5174,0,-0.6177978636343188
5175,1,4.892462480975385
5176,1,7.387432169219642
5177,1,5.20290321320286
5178,1,4.570375330202135
5179,0,0.3348851044424065
5180,0,-1.4681933986265165
5181,0,-1.2116687980011671
5182,1,3.5867592036665332
5183,0,1.323897126777305
5184,1,2.5727178981140324
5185,1,6.89270425047028
5186,0,-1.749417925777698
5187,0,-0.0630416287737548
5188,0,-0.8649930175104227
5189,0,-0.6512554880572352
5190,1,6.1551752868383565
5191,0,-0.32913353294145964
5192,1,5.011049087962118
5193,1,2.757047771340187
5194,0,0.14445677687230468
5195,0,0.2174557284934764
5196,0,-0.27781980177432025
5197,1,5.003931952290332
5198,1,5.01110688664054
5199,1,2.0547982488498064
5200,1,3.14911430744841
5201,1,3.855399122326459
5202,0,0.7163241492269649
5203,0,1.2155545363492004
5204,0,0.2100969873039312
5205,1,4.594162435690679
5206,1,4.153580822933975
5207,0,0.3746597103558635
5208,0,0.44925703655591104
5209,1,5.008451540443309
5210,1,6.058124342843124
5211,0,-0.30538729694756633
5212,1,4.466836882847352
5213,1,1.8995434000145406
5214,0,-0.19583712340023737
5215,0,-1.3971221802712275
5216,0,0.17430246924911016
5217,0,-0.3129958193494699
5218,1,1.9190996513935255
5219,1,2.6054754987661077
5220,1,3.576694290640294
5221,0,1.1020932638519052
5222,1,8.610263489429448
5223,0,-0.7348092069924602
5224,0,-0.517954465509517
5225,0,-1.293034068267154
5226,1,5.139059516687291
5227,0,-0.9798074085634707
5228,0,1.184747196389897
5229,0,2.4634206612633487
5230,0,-0.958908827291207
5231,0,-0.6248791151773653
5232,1,5.176449294123154
5233,1,2.5477700620774897
5234,1,6.0379785132891
5235,0,1.4099560511858178
5236,0,1.5511978482659736
5237,0,1.9280889896342097
5238,0,0.22037387334491673
5239,1,5.368479404526018
5240,1,3.054268066733694
5241,1,5.019732848491792
5242,1,4.841260568730247
5243,1,4.257280338436578
5244,0,0.01700436722521228
5245,1,5.370465593568556
5246,1,-0.682979622771156
5247,0,0.7055517393253584
5248,1,2.4017628913213596
5249,0,0.983187549425825
5250,1,3.966499224802009
5251,0,1.252488396579546
5252,0,0.5383486058447615
5253,1,5.851672854973345
5254,0,0.009404305008274407
5255,1,8.340893402444774
5256,0,1.1812191054913561
5257,1,4.495080320962371
5258,1,7.83117702431352
5259,0,0.6041530013296146
5260,1,7.323276766445116
5261,1,0.5541998317357377
5262,0,-0.42633105698213714
5263,0,-0.6476736848231793
5264,1,7.098672695424783
5265,1,6.919644413341704
5266,1,5.139118247053217
5267,0,0.4934443758093589
5268,1,1.9157006944292432
5269,0,0.9347272238447996
5270,1,4.313105308500359
5271,1,4.372584975020724
5272,1,5.998629857743539
5273,1,6.775917915793973
5274,0,0.6189210115632856
5275,1,1.7492429989478393
5276,0,1.2890922422885973
5277,1,7.337872250629077
5278,0,1.5857242757919232
5279,1,4.8129567975016005
5280,1,6.521916858762409
5281,0,1.543443962619918
5282,0,0.6356635476514662
5283,1,3.486560454136532
5284,0,-0.5382322513953558
5285,1,4.946948363098999
5286,0,-0.07701615506852125
5287,1,3.7074288427457653
5288,1,3.3955253467575366
5289,1,5.056406775696692
5290,0,0.6377133723900454
5291,0,0.48114936172209716
5292,0,-0.38412560798092515
5293,1,6.972810692065637
5294,1,1.2912162627497024
5295,1,1.6366957966262166
5296,1,6.044036778592245
5297,0,-0.42711041612310785
5298,0,-0.004417939289163361
5299,0,-0.564932349783134
5300,1,4.1155226720705596
5301,0,-0.18612465775374126
5302,1,6.516263335586046
5303,1,5.061376333330932
5304,1,3.9332188236912105
5305,1,6.158385977957069
5306,1,5.403971575261252
5307,0,-0.9568013988838404
5308,1,4.614335073841447
5309,0,0.1219289660648551
5310,0,-0.3264426702322299
5311,0,-1.167774040476112
5312,0,-3.589572639593029
5313,1,4.461698539393512
5314,1,7.412381880194738
5315,1,5.524074895374773
5316,0,0.7444377969547237
5317,0,0.8254967335836272
5318,1,3.3502266098104743
5319,1,6.658186957116922
5320,0,-1.127746863337291
5321,0,-1.5795447117627484
5322,0,-0.3356825416185026
5323,1,2.3839887658080934
5324,1,3.3990087555686497
5325,0,-0.9098142704617075
5326,0,0.7944234778660337
5327,0,-1.835612758909327
5328,0,1.6308265959874257
5329,0,-0.44259078008847413
5330,0,0.2965277383663828
5331,1,4.755318283220188
5332,1,7.216680586728746
5333,0,2.0834956976970784
5334,0,-0.1282833579941617
5335,1,3.1958360609638707
5336,0,-1.1140265281949495
5337,0,-0.39349595012520094
5338,0,1.715566914002102
5339,1,2.13161621266695
5340,1,4.540817835207758
5341,1,4.992787447469911
5342,1,3.9142323831008943
5343,1,4.7803237663459734
5344,1,11.409038956573173
5345,1,5.853663031762786
5346,1,5.327955451780732
5347,1,3.0605823004600485
5348,0,0.9077002726569601
5349,1,3.4410848327627597
5350,0,-1.1608260964484682
5351,1,6.010399625959115
5352,1,4.425369863848111
5353,0,-2.496047117951169
5354,1,5.663542179491397
5355,0,-0.5103117388450356
5356,0,-1.1454099266961022
5357,0,1.3896434995455753
5358,1,6.140987421234197
5359,1,2.711542862739572
5360,1,3.7440363383174566
5361,1,0.24314797539095245
5362,1,2.176143870027585
5363,1,5.289312176495743
5364,1,3.1668004091542423
5365,1,5.303349171940109
5366,0,-0.30106451069067913
5367,1,2.6303194321072634
5368,1,3.2105569449302234
5369,1,6.771537170177465
5370,1,8.65079190532276
5371,0,-1.091224779462138
5372,0,0.25056240459123297
5373,1,5.680200162998836
5374,1,7.028304276915895
5375,1,4.388606897670524
5376,0,0.5875291220930566
5377,1,7.680724778467747
5378,0,-0.5031273355478271
5379,0,-0.08248347736517558
5380,1,4.3691377014411295
5381,1,7.604850257073334
5382,1,5.613651000392174
5383,1,1.3608007696079363
5384,1,6.701396467735511
5385,0,0.24265628464833225
5386,1,8.523250370186654
5387,1,1.1835363536405996
5388,1,3.835457357835332
5389,1,4.140624013107775
5390,0,-0.18712309411456945
5391,0,1.080979315582192
5392,1,5.353518552972873
5393,1,7.10793670890887
5394,1,4.5975607810443435
5395,1,5.89054630499478
5396,1,6.222180098482672
5397,0,-0.2156731884984077
5398,0,0.0023720340088369814
5399,0,-0.795368014065317
5400,0,-0.011158657541601632
5401,0,-0.47761771035565387
5402,0,-0.6157132783594788
5403,1,2.7933441950752234
5404,1,8.183172894091264
5405,0,-0.12388852988093906
5406,1,4.985683307227522
5407,0,0.6977010935670444
5408,0,0.3379481365269021
5409,0,-0.5277999133855619
5410,0,1.4139534846262427
5411,1,3.356524889355752
5412,0,-0.58387623647362
5413,0,0.4420016831774556
5414,0,-1.1365358759154378
5415,1,3.618590575060434
5416,0,-0.6959186641535599
5417,1,8.179903105707215
5418,1,4.84859223072405
5419,1,4.427244295746992
5420,1,4.214127729715664
5421,1,4.298539012040793
5422,1,6.55480464078092
5423,1,4.186984904253714
5424,1,6.440787301019174
5425,0,-0.469460761671091
5426,1,4.501809325341693
5427,1,6.257114076495187
5428,0,0.32270895304434705
5429,0,1.4606912273254693
5430,1,3.9682727013196377
5431,0,0.17004160002410576
5432,1,3.083108410998854
5433,1,6.051184940325957
5434,1,6.080159051190298
5435,1,4.51343581973661
5436,1,2.5669275264373956
5437,1,3.643065364181377
5438,1,4.187120802415161
5439,0,0.012874105768144465
5440,1,6.8317727371941395
5441,0,-0.9664423600438975
5442,1,6.011166897063351
5443,0,-0.37883072351271574
5444,0,0.14889148526152587
5445,0,-0.4037550709782724
5446,0,-0.766934165444549
5447,1,1.9451188575490903
5448,0,0.6523501329866082
5449,1,7.120829580084246
5450,0,0.18512988580704026
5451,1,5.32893594114535
5452,1,6.352093850375658
5453,1,1.987092224639944
5454,1,2.7413965279553216
5455,0,-0.4579991960831825
5456,0,0.46104278456440817
5457,1,4.244258011198372
5458,1,5.818765888341659
5459,1,4.963644990084354
5460,0,0.22934147897844512
5461,1,6.091295257451093
5462,0,0.2607387098441673
5463,0,-0.6037781745207574
5464,1,1.4334600135829785
5465,1,5.391097227318433
5466,0,1.0972167829110775
5467,0,-2.2056111969679173
5468,0,0.4243650077210245
5469,0,0.008830539819666753
5470,0,-0.8698968743167708
5471,0,2.7970886822161494
5472,1,4.953028145493716
5473,1,6.253744202497044
5474,1,4.866659107274109
5475,1,1.5627231586886094
5476,0,-0.7255935009024105
5477,1,4.823460402652236
5478,1,5.2427135120181045
5479,0,0.5615747625017188
5480,1,6.0849203268714405
5481,0,0.6257893627773653
5482,1,5.713224636391303
5483,0,0.352961665724533
5484,0,-0.30673343291277266
5485,1,3.3988391408456105
5486,1,5.439497895011922
5487,1,6.0151292419742575
5488,1,7.728469633426183
5489,1,4.596139065260176
5490,1,3.7023723309315972
5491,0,-0.5014945624232858
5492,0,-0.9312767039875816
5493,0,-0.28174473302278985
5494,0,-0.18815144225678035
5495,0,-0.5490160595395573
5496,0,1.2712881587482259
5497,0,1.5848518703826278
5498,0,1.0613621356703486
5499,1,6.9039877860088135
5500,1,8.020155144179883
5501,0,1.082565430372976
5502,1,4.922336790343168
5503,0,-0.22329162576076483
5504,1,2.620457944975785
5505,0,0.07480017863173838
5506,0,-0.4247521642485918
5507,0,-0.2337324165452811
5508,0,-0.19754946393875603
5509,1,7.557857792777549
5510,1,4.029774795905637
5511,1,7.335946600815442
5512,0,0.3407219050100384
5513,1,4.016617753616376
5514,1,7.239307057558163
5515,1,3.6244590060940056
5516,1,4.355394669639503
5517,0,-1.0401818099142819
5518,0,-0.8638549070781251
5519,1,4.805299215678602
5520,1,3.801889053444615
5521,0,0.4169976248331257
5522,0,-0.12935156194119338
5523,1,8.105537615997381
5524,1,6.943334647124624
5525,1,5.363981249409326
5526,1,5.613145355432204
5527,0,-2.292036891275374
5528,0,0.9943769051635677
5529,1,5.535417302986796
5530,1,8.06172163554724
5531,1,5.480330678678482
5532,1,6.392551630699988
5533,1,6.976232509044049
5534,1,2.122279089729751
5535,1,7.992245855509657
5536,0,-2.819704719278142
5537,1,-0.091245872018205
5538,1,3.384441369107464
5539,0,0.8339841501100238
5540,0,0.7714719863424778
5541,1,7.091165432194924
5542,1,7.844876732636376
5543,0,0.37484014051830195
5544,0,1.4934925780111201
5545,0,0.36866813604983567
5546,0,-1.7420642676056861
5547,0,1.8873502046931427
5548,1,3.9065931628838837
5549,1,4.853477653500037
5550,1,3.2977867413554183
5551,1,4.516929073938365
5552,1,3.931556804951466
5553,1,2.8394540745818713
5554,1,4.221948426746575
5555,1,6.7210965428723215
5556,1,5.916461447677595
5557,0,-1.647749529884596
5558,1,6.667593002628025
5559,0,-0.4209810521843172
5560,0,0.8239685775162082
5561,1,5.833677861442881
5562,0,0.44981151511253714
5563,0,-1.1379202336971919
5564,1,7.721097458937837
5565,0,-1.3527237049264051
5566,1,8.727922757669756
5567,0,-1.2420265756120532
5568,0,-0.4616334405007282
5569,1,5.453828037363264
5570,0,-0.5423237616418034
5571,1,6.4122119228933965
5572,1,7.746315104982408
5573,0,-0.5639515840454181
5574,1,5.071212790391136
5575,0,0.41367450343670736
5576,0,0.41206127459619335
5577,0,-0.15617430076684397
5578,0,-1.0592953074223967
5579,0,0.09509387841021417
5580,1,5.786801932506062
5581,1,4.7879255134444705
5582,0,-1.5406487862553895
5583,1,7.0524270509158775
5584,0,0.8539242094111297
5585,1,2.8757982304017933
5586,1,3.8346264091210744
5587,0,-0.9453622993835963
5588,0,-1.5648507362103465
5589,1,6.222517830065176
5590,1,4.633092332370805
5591,1,6.725960628819023
5592,1,2.774929602935538
5593,1,5.008821403708703
5594,1,5.666919675395072
5595,1,5.1646267827643015
5596,1,6.51469495906615
5597,1,4.41217859913295
5598,0,-2.174833933590403
5599,0,-1.533420081244955
5600,0,-1.578778825622275
5601,1,3.1169140123242105
5602,0,1.003204591400432
5603,0,0.5634016004099666
5604,0,-1.248269160237387
5605,0,-0.10163570990773953
5606,0,-0.34946612803996446
5607,1,6.404189543248953
5608,0,0.2514885671179662
5609,0,-0.43324301683456784
5610,1,4.97642753572783
5611,1,3.5847998433263526
5612,0,-0.11113842345886249
5613,0,-2.369464774192158
5614,1,5.222816786863304
5615,1,10.192524746765828
5616,1,5.220335893398641
5617,1,4.0020193980733385
5618,1,3.395804101985963
5619,1,3.86657492616539
5620,0,0.9133536549665106
5621,1,5.845530743641538
5622,0,-1.550496440346373
5623,1,5.129159496495484
5624,0,1.1239710071608493
5625,1,4.917858295430781
5626,1,3.1260563581607066
5627,1,7.41056478802045
5628,0,-0.9599641287817747
5629,1,4.382306376350563
5630,1,5.3760038119615015
5631,1,3.5883143429602136
5632,1,3.9289381588097907
5633,1,4.300596853517705
5634,0,1.090442569761542
5635,1,9.202775707383527
5636,1,0.3449375579477536
5637,1,4.967527781610478
5638,1,6.7793356702772725
5639,0,0.6934237016841286
5640,1,4.964897171138841
5641,1,5.726613488381763
5642,1,3.9405854998597176
5643,0,0.06177425281386008
5644,1,2.783762202197027
5645,0,0.9611354548087325
5646,1,2.7199309119563715
5647,1,8.153634264459097
5648,1,4.597316125772438
5649,1,6.329155501454998
5650,0,-1.4366426065495908
5651,0,-1.3022702205987764
5652,0,0.4678646072137281
5653,0,-0.6426516706552173
5654,0,0.5716946240706438
5655,1,1.8836640154642192
5656,1,6.00408186934764
5657,0,-0.5990680509692337
5658,1,8.439481027751064
5659,0,-0.6740073353706136
5660,0,-0.14516716955620235
5661,0,0.7469038534425819
5662,0,0.018184364314493252
5663,1,4.617605488686785
5664,1,3.067514120663069
5665,1,4.784420503531704
5666,1,5.759104906606248
5667,1,6.759102925334821
5668,0,0.4199495296573921
5669,1,5.878931730725672
5670,1,3.7448442204496373
5671,0,-0.9469006575807938
5672,0,2.593817135241833
5673,0,0.8985393622048738
5674,0,-0.14324792344761547
5675,0,0.5712262167678716
5676,1,5.87626319857369
5677,1,4.654289576314371
5678,1,3.054385896285893
5679,1,6.080859528820572
5680,1,6.792122888379509
5681,1,5.139593866740515
5682,0,0.843560368252172
5683,0,0.41033396535442906
5684,0,0.10560907103564361
5685,1,5.50304107651092
5686,1,5.909691182211194
5687,0,0.26800806095565327
5688,0,1.7324484186260811
5689,0,2.5697122853416343
5690,1,7.80859107483626
5691,1,3.330479686950623
5692,1,4.516038761183358
5693,1,4.72191828254971
5694,1,2.7143348241997387
5695,1,8.587962285251692
5696,0,0.26658139664262553
5697,0,0.6135308741127926
5698,1,7.196184207904809
5699,1,1.731708623960034
5700,0,1.7513287049121238
5701,1,4.643166112504367
5702,1,3.4704295640231377
5703,1,6.913321755806166
5704,1,3.95691430785614
5705,1,3.78166930229731
5706,1,6.4609371801178614
5707,1,5.7017837176101285
5708,0,-0.45585384589042743
5709,0,0.8668805287043263
5710,0,-0.33647247146645787
5711,0,-1.1225687773587685
5712,1,7.80058559255451
5713,1,8.41629693144786
5714,0,-1.0605464371209807
5715,0,0.1960725064602637
5716,0,0.6629463924646385
5717,0,0.23972831419750493
5718,0,0.021836327096726005
5719,0,-0.9731266339668645
5720,0,-0.43854220261373367
5721,1,6.065424030803114
5722,1,6.4735373616746745
5723,0,0.2540345599145094
5724,0,-1.9416994410882082
5725,1,5.5825529039534265
5726,1,3.8297230016404544
5727,0,0.4859756917077228
5728,0,1.4725242675268884
5729,0,-1.0817225440135654
5730,0,-0.43055749092378
5731,0,-1.2901227918268345
5732,0,-0.5961162557216418
5733,0,0.1123883118473833
5734,1,5.213823382249399
5735,1,6.8737825509412644
5736,1,4.018977661195576
5737,1,6.157040693686657
5738,0,0.36636081098365214
5739,1,5.149036073686926
5740,1,1.84304604284435
5741,1,3.975790805047776
5742,1,4.888640937045361
5743,1,3.7998638955348865
5744,1,5.983924871573919
5745,0,0.887763779878345
5746,1,4.596398321755946
5747,1,2.6198710435785624
5748,0,-0.01264613889414258
5749,1,3.902086829885902
5750,1,5.212609362673686
5751,1,6.10921172767301
5752,0,-0.24686652859487487
5753,0,-0.5379005218344706
5754,0,0.4137969050711837
5755,1,5.01075737295378
5756,1,5.594614255622718
5757,1,5.574029610987985
5758,0,1.222304400362854
5759,1,5.712166823559109
5760,1,0.948601351989212
5761,0,-0.355366179837275
5762,1,6.318713079755464
5763,1,3.6562283565351246
5764,1,4.89871548818421
5765,0,-1.9590398507349929
5766,0,-0.6379252247802301
5767,0,0.5018422798246
5768,0,0.44862076759025227
5769,1,8.216529420337325
5770,0,0.542230029137726
5771,0,1.3781575668805628
5772,1,4.58952632594291
5773,1,2.999087242864069
5774,1,3.1526091343077325
5775,0,-0.9102662198622062
5776,1,5.204749982366585
5777,1,5.1998138956042705
5778,0,0.7734584199250174
5779,0,0.9521235104102979
5780,1,4.043544366365951
5781,1,2.668500635903714
5782,0,1.0683460826638633
5783,0,0.8328666116375636
5784,1,3.2896257338931867
5785,0,-0.48932437290471353
5786,1,2.3447857771790312
5787,1,6.614257534200491
5788,0,0.03523790113422531
5789,0,-0.23570362676446646
5790,1,6.282295244783447
5791,1,5.095604014275835
5792,1,2.235663857452173
5793,0,-0.5643023498231537
5794,1,6.20620365429787
5795,1,4.5188489787106745
5796,1,3.8116967367217107
5797,1,2.660725872050324
5798,0,0.5462073391046202
5799,1,2.901340724308822
5800,1,5.331728720677662
5801,1,5.1486762800403145
5802,1,7.931492601993487
5803,1,5.201177696509962
5804,0,-1.0158372170800143
5805,1,4.3718447795132835
5806,1,4.2807496810039645
5807,1,2.8225441761003367
5808,1,2.531482276400046
5809,1,6.263958521188847
5810,1,1.3023706150546852
5811,0,0.012152465684553474
5812,1,3.231613472732846
5813,0,0.29142353650379055
5814,0,-1.5588149597304692
5815,0,2.1197310599433505
5816,0,0.20932855200901804
5817,1,5.726008460622369
5818,1,2.3150984643327823
5819,0,1.8516391580919138
5820,1,4.382453854276756
5821,1,6.261534396677707
5822,0,-2.2837849132168393
5823,0,-0.3213300795195576
5824,1,4.513944827048746
5825,0,-1.4417071676991915
5826,1,4.9711382323031525
5827,1,4.725971187966793
5828,1,4.5888820215098765
5829,0,-0.1428446579377389
5830,0,0.08734497160293918
5831,0,0.14891523158425818
5832,1,3.1222519431620466
5833,1,4.547965539556388
5834,1,6.158883090025057
5835,0,0.7552249859557593
5836,0,-0.4449339110173342
5837,1,6.618042197122001
5838,1,-1.4740755345082084
5839,1,4.399910353839173
5840,1,6.062655287616105
5841,1,4.156012775491131
5842,1,5.518306522014075
5843,0,0.29356837782724116
5844,1,1.9632447203555432
5845,1,6.609367178080739
5846,0,-0.218526158264205
5847,0,0.9721502820860716
5848,0,-1.914455667404027
5849,1,3.5935499973734775
5850,0,-0.25172291441926065
5851,0,2.24627593041673
5852,1,3.4760750144551125
5853,1,3.4674796052020054
5854,1,7.3732596593028985
5855,1,4.032515785745749
5856,0,-0.6910981709642998
5857,1,6.365332025248378
5858,1,3.594820482154
5859,1,3.952771818163396
5860,0,-0.749385891767052
5861,1,4.278948322368432
5862,0,1.0127998369402285
5863,0,0.3507633782044433
5864,1,8.188358723967873
5865,1,5.722481326755056
5866,0,-0.5014536476443029
5867,0,-0.16128609542838876
5868,0,1.0965802637380162
5869,1,2.8295717899825763
5870,1,1.7147729148215847
5871,0,0.8530653898527042
5872,1,7.101641355604379
5873,0,-1.009626532806484
5874,0,-0.14267298448437749
5875,0,-1.2006773672306625
5876,1,0.5969431033620713
5877,0,-0.346381548852256
5878,1,8.979529907201515
5879,0,-0.7636844412860295
5880,1,1.175165971744141
5881,0,-0.24440363302405468
5882,0,0.22628188218425793
5883,1,5.110004858057822
5884,0,-0.5920865542750932
5885,0,-0.37686012196927743
5886,1,6.33017784228186
5887,0,-0.4934268244119186
5888,1,3.5769529424192226
5889,1,2.9859309414695936
5890,1,2.381764850072284
5891,1,5.2227268979686405
5892,1,6.436728911106835
5893,0,1.6213988737704748
5894,1,4.964297363193139
5895,1,6.590642670302131
5896,0,0.4615434378673481
5897,0,0.1638825977164121
5898,1,6.002074933793756
5899,0,0.7951246794722269
5900,1,7.070999610313111
5901,0,-0.42213580627409647
5902,0,0.2552729965789366
5903,1,2.246150591902589
5904,0,1.0471867223862668
5905,1,6.713229053517836
5906,0,-2.5451085764654113
5907,1,6.723062351314389
5908,1,6.276633262699538
5909,0,0.3234878050997947
5910,1,5.026516609110977
5911,0,-1.1648060651946546
5912,1,5.932251921953224
5913,1,6.309475790204759
5914,1,6.9308122097917755
5915,1,4.886421443673594
5916,1,6.8673872740846065
5917,1,4.44112827454213
5918,0,-0.27199279270615984
5919,1,4.948994514324039
5920,0,-0.26537754713895
5921,1,-0.23805529025738004
5922,0,-1.3908927787006022
5923,1,5.145590001127735
5924,1,5.538601410964802
5925,0,0.051122293992145316
5926,0,1.7965001291289837
5927,1,6.906510627948449
5928,0,-0.2772746119049122
5929,1,7.110891206804798
5930,1,6.766562936670108
5931,0,-1.6659470805931083
5932,0,-1.1316743234880535
5933,0,0.6129781372015213
5934,1,7.644586834793277
5935,1,8.804923976121238
5936,1,8.129687694789258
5937,0,0.17603191096172113
5938,0,0.13399937066838785
5939,0,-0.037783516764094124
5940,0,0.695548053834757
5941,0,-1.3041020389018108
5942,1,7.778844095951739
5943,0,-1.01701531558102
5944,1,3.629274543113052
5945,1,6.14310852901121
5946,1,5.683209816972235
5947,0,0.5375007979643991
5948,0,-0.45273491660655646
5949,0,-0.5411457347370278
5950,1,5.950951084972811
5951,1,4.693315471671148
5952,0,-1.0962810061451544
5953,1,5.156777989015973
5954,1,5.977089182745374
5955,1,4.36547525237238
5956,1,3.0720251297459584
5957,1,5.939104853483023
5958,1,4.011533404639836
5959,1,4.500369763726412
5960,1,7.120596072787272
5961,0,-1.0980001075432118
5962,0,-0.07213548146862832
5963,1,5.379369169539506
5964,0,1.2325008598852605
5965,1,3.999247346113593
5966,1,3.727663627127915
5967,1,5.60278700581839
5968,1,5.207434144371395
5969,1,5.586734583108976
5970,1,4.6123712801234635
5971,1,1.8038805851568283
5972,0,-0.2962971396036126
5973,1,2.9610281845254254
5974,0,1.3212784324668667
5975,0,1.202430128140878
5976,0,0.28789189468313847
5977,1,4.630335507393468
5978,0,0.9215518106889695
5979,0,-0.2857313076587802
5980,0,-1.0717408344381472
5981,1,4.603825087816307
5982,0,-0.7801938984711555
5983,1,2.5992211558562706
5984,0,-0.2755568176105644
5985,0,-0.2854803983436091
5986,1,6.678825772166486
5987,0,0.36824159590323285
5988,1,5.683793617505453
5989,1,7.6360208075698495
5990,1,7.42570596186064
5991,1,5.6783882276787825
5992,1,8.332420791570053
5993,1,7.845692631721318
5994,1,7.188987663431622
5995,1,7.609643174706212
5996,1,2.0562522248666686
5997,1,5.81114244846807
5998,1,4.522057524258524
5999,1,1.818245859629947
6000,1,5.757954711997572
6001,1,5.55771881836225
6002,1,3.4029746576938544
6003,0,-1.8916978292769666
6004,0,0.62506932872244
6005,1,6.027286849412062
6006,0,0.012716808941687863
6007,1,3.1012537212230797
6008,1,2.601644280741317
6009,1,7.544614121470472
6010,1,4.03203928888188
6011,1,7.374250607874023
6012,0,-0.9676338897855263
6013,0,0.4590014682056933
6014,1,7.1393158553464495
6015,0,-0.011702157049186927
6016,1,1.5727939843430718
6017,0,0.07431195637919971
6018,0,1.7059572969666597
6019,1,4.277330691782179
6020,0,1.0590241604086452
6021,1,1.2406788010601133
6022,1,3.3574524333154896
6023,1,4.632635303772134
6024,0,1.180356034600091
6025,0,-1.1268408518206083
6026,1,7.478746751860083
6027,1,3.624932312084723
6028,1,3.2754346050400516
6029,0,0.5826492397989356
6030,1,7.461513665304929
6031,1,6.476785877306378
6032,0,-1.3502312395885898
6033,0,-1.1523061845636775
6034,0,-0.9203496456680375
6035,1,6.653421377226554
6036,1,8.419195383016962
6037,1,4.999599562376047
6038,1,4.00646745703814
6039,1,3.415819014603006
6040,0,-1.318312666541266
6041,0,1.0943773301236621
6042,1,4.674748310346654
6043,0,0.9428403369335386
6044,0,-0.1535338993317627
6045,1,6.586924401021345
6046,1,7.869045718419981
6047,1,5.074147672627647
6048,0,0.9165932541671866
6049,0,-0.2119201267990742
6050,1,6.291246079188328
6051,1,4.009188345497968
6052,1,3.683774619360708
6053,0,5.5194844242549256e-05
6054,0,-0.2956872807647512
6055,0,0.11692241968824699
6056,1,1.4987694581350826
6057,1,2.576847202342783
6058,0,-0.2024053546138048
6059,0,0.24423067299334122
6060,0,0.9798504194185559
6061,1,4.402739154844402
6062,1,2.2494791786526145
6063,0,-0.32303781961167655
6064,0,1.4481246627266877
6065,0,-0.6062599996718092
6066,1,6.28570825346528
6067,0,0.8257519737881622
6068,1,2.188249792731709
6069,1,4.348529682196415
6070,1,4.505312630768515
6071,0,-0.05814543917075666
6072,0,-1.1609830829469399
6073,0,-1.2406369124848193
6074,1,3.7748864114383944
6075,1,6.739564369618622
6076,1,5.609212216777367
6077,0,-1.438115670930423
6078,0,0.3460978788729578
6079,0,-1.6418082138621666
6080,1,4.661667438913681
6081,0,0.9232484513433501
6082,1,1.5960903864303448
6083,1,1.8263903687598546
6084,0,-1.2134968997209106
6085,1,3.6125419720188674
6086,0,0.8847382503516967
6087,0,-0.2720406689392079
6088,0,1.5204524542466658
6089,1,5.2317953976813065
6090,1,5.15760762638752
6091,1,2.8332120439556365
6092,1,6.589735967423014
6093,1,7.777508230959327
6094,0,0.779515853370055
6095,0,-0.8825862220122855
6096,0,-1.57655284211553
6097,1,6.103057463824493
6098,1,3.7049261113393515
6099,1,4.082638306762515
6100,1,5.375505397278959
6101,1,6.496788785173754
6102,1,3.1173959761146395
6103,1,5.271805870816927
6104,1,4.596683672649573
6105,1,6.540975762034407
6106,1,5.615091815060552
6107,1,6.3867636691761085
6108,0,0.9670073698360309
6109,0,-1.0799266214582377
6110,1,6.038809492481275
6111,1,4.574445492618221
6112,0,0.17676094370008716
6113,0,0.2290217761966711
6114,0,0.4827497560302503
6115,0,-0.8881582743913268
6116,1,2.4898903576397284
6117,1,3.4819312351666953
6118,0,0.7825522013218306
6119,0,-0.7050862486751623
6120,1,5.076402458046868
6121,0,0.23684936233330142
6122,0,1.266545370303728
6123,1,3.0331570924255544
6124,0,-1.3407558855895003
6125,1,4.5540846799589545
6126,1,2.6685612025611047
6127,1,7.230911008004755
6128,0,-0.3444546563944354
6129,0,-1.0539078799469532
6130,0,1.1509494096225894
6131,0,0.18010551148779425
6132,0,0.15635276640646886
6133,1,6.796219068515318
6134,0,-1.0782557903687986
6135,0,1.8038068400568306
6136,1,3.722142079272576
6137,1,4.751803159079441
6138,1,3.8453417749640346
6139,1,6.420267034220018
6140,1,2.88000360344069
6141,0,0.5944010447203747
6142,0,-0.3841330832300367
6143,0,-1.2721771703701554
6144,1,8.545255841920415
6145,1,4.197835552465477
6146,0,0.023119590958485595
6147,1,5.99928004622707
6148,0,0.7510099822960482
6149,0,0.426191396770391
6150,0,-0.01918031180559381
6151,0,-0.07036079083476025
6152,1,4.5243729453191825
6153,1,4.88356880209727
6154,1,8.116730649360349
6155,0,-0.2392396722272249
6156,0,0.2481645025023668
6157,1,3.6217221210170036
6158,0,0.028311271378356855
6159,1,6.489323847978007
6160,1,0.6023576079303341
6161,1,4.88472333518246
6162,0,-0.14161555511467366
6163,1,8.535408083181613
6164,0,-1.9488277460779913
6165,1,3.862664151484557
6166,0,-0.5928059229124925
6167,1,8.021491851266445
6168,1,2.1994371623066895
6169,1,6.7556732379049516
6170,1,4.324735320827447
6171,1,6.651387546824875
6172,0,-0.49260528683517835
6173,1,6.593273647178913
6174,0,-1.388712097165105
6175,0,-1.2534202863854256
6176,1,3.88008524430885
6177,1,4.586675361220289
6178,0,-0.8617855092492189
6179,0,-0.4207534887522102
6180,0,-0.28018500039170724
6181,1,7.1060822519900135
6182,1,9.601892862997921
6183,1,3.3228343895439636
6184,1,6.1950195634537835
6185,1,2.9861181394082505
6186,1,1.762819910020105
6187,1,6.349230988171543
6188,1,6.657896152958502
6189,1,5.66960061552171
6190,1,4.752354934991446
6191,1,7.739436928843078
6192,1,9.330117442654183
6193,0,1.5614263307997767
6194,0,-0.6646089151931225
6195,1,3.9056563531363224
6196,0,0.6547368821069541
6197,1,4.031224533675703
6198,1,7.055869219762807
6199,1,2.41370784424292
6200,1,6.107245024368006
6201,0,-1.6293693328418708
6202,0,0.1401490663101131
6203,0,0.07042704681867194
6204,1,6.942579707497138
6205,0,0.27216485228987075
6206,1,1.2906903082884074
6207,0,3.037958799679508
6208,1,6.154453112936993
6209,1,6.015067554032594
6210,1,3.325977526896688
6211,1,5.139794573598912
6212,1,8.825829947129202
6213,1,5.92645918652115
6214,1,7.043928398121503
6215,1,5.615375895251942
6216,1,4.407640755320351
6217,0,-0.7838248156561095
6218,1,6.956850244273079
6219,0,0.16740517687481854
6220,0,-0.6959444548505781
6221,0,-0.5538759229837028
6222,0,-1.179110230125298
6223,0,-0.8317100662319385
6224,1,4.914224902490235
6225,0,-0.8634474827408155
6226,1,7.961591749220148
6227,1,3.4615238374852604
6228,0,-0.3844098578054077
6229,1,5.258373610899257
6230,1,5.6126811938025805
6231,1,2.7104910666695563
6232,1,3.9174109820578593
6233,0,-0.9817368805546703
6234,0,0.05294912945330906
6235,0,-1.115121870222902
6236,0,-1.5088123623285765
6237,1,1.7500578824720714
6238,1,7.524211441431085
6239,1,3.2639328923140583
6240,0,1.3688002157718155
6241,1,5.145223034711675
6242,1,3.164486064531445
6243,1,8.410492292937084
6244,1,6.2216069089153825
6245,0,-0.49683723407464736
6246,1,2.4843657664487155
6247,1,4.306825449841976
6248,1,4.781882469922232
6249,0,-1.2956657575350632
6250,0,-1.5705091579312869
6251,1,1.2862506520347803
6252,1,4.972381986625292
6253,1,5.741143895059843
6254,0,-1.2235607527312704
6255,1,4.479774518706057
6256,1,4.666616158017057
6257,1,4.028587574495078
6258,0,-0.48819876938586665
6259,0,3.677166664781747
6260,1,4.728103559328049
6261,1,7.2176445349712175
6262,0,1.6976366800737204
6263,1,6.974455498906623
6264,1,3.1629210494533995
6265,1,3.713209678054529
6266,1,1.8886522386138092
6267,1,6.684058645479503
6268,0,0.9972490552898149
6269,0,0.10918268405453159
6270,0,-0.09121757399222657
6271,0,0.9440456360524313
6272,0,-0.7033601856541324
6273,1,4.698878820417127
6274,1,3.9686368327364425
6275,0,-0.7152320906297559
6276,1,2.1032599273167665
6277,1,5.661159095836198
6278,1,7.860094309571119
6279,0,-0.19027659203284636
6280,1,3.55681915980695
6281,1,4.2136314099554495
6282,1,7.953053603556527
6283,1,4.228273109189635
6284,1,6.979087367081425
6285,1,3.549009033301185
6286,1,5.571039443561277
6287,0,-1.4359505431638147
6288,0,0.45195549090837694
6289,1,4.827301754810464
6290,1,4.082655613409007
6291,1,7.542392073840282
6292,0,-0.6030978540028379
6293,0,0.3205907926409473
6294,1,1.8928160154609102
6295,1,4.300549269317981
6296,1,2.8788025147803165
6297,1,3.836202397169884
6298,0,0.025622305994718927
6299,0,-1.5308609683885983
6300,0,0.06906478479491433
6301,0,-1.1868061679756179
6302,1,5.052050351779163
6303,0,0.02811128835745121
6304,0,1.3451754031511367
6305,1,4.671984951606635
6306,0,-0.9831313406123896
6307,1,3.9298032133549796
6308,1,1.5729294807273022
6309,0,0.03358729242997132
6310,1,5.876939331730392
6311,1,6.8421809783832614
6312,1,2.3650451178941068
6313,1,6.0927071089168034
6314,1,4.422552601768584
6315,1,6.175284621729362
6316,1,5.343373796797142
6317,0,0.22975551252709964
6318,0,-0.48853440351650484
6319,1,5.199107758636716
6320,0,-0.03963379835139881
6321,1,0.664371331348609
6322,1,3.0324844184867024
6323,0,-0.9501370233444045
6324,1,7.5081868851799065
6325,1,5.3051235722466
6326,0,0.24142890371620243
6327,0,1.548036210582436
6328,0,1.8106881407964406
6329,0,-0.8749222483119584
6330,1,5.031988703162361
6331,1,7.449987074152276
6332,1,4.06163712068336
6333,1,6.274453769824096
6334,1,5.045105183954932
6335,0,2.1330823465682798
6336,0,0.4474480135912921
6337,0,0.5843409678474505
6338,0,0.4335980659845089
6339,0,1.6406766974431024
6340,1,2.4387946107375242
6341,0,-0.4241316522724442
6342,1,3.361229198861447
6343,1,5.125014001190085
6344,1,9.277116081107533
6345,1,5.544234203908018
6346,1,5.858643796017006
6347,0,-0.7243464636221307
6348,0,-0.9535354166703338
6349,0,0.39924661330177147
6350,0,-0.6438291929928354
6351,0,2.1347408408568493
6352,0,-0.23520485690216356
6353,0,-1.811744224989252
6354,0,1.5457123344670822
6355,0,-0.6633593407568945
6356,0,-0.37366704381268556
6357,1,2.4012858952911955
6358,0,-1.3199731007695155
6359,1,4.031432599137784
6360,0,0.16064618780476378
6361,0,0.6828996061194553
6362,0,0.21447479481096576
6363,1,7.587262691520877
6364,1,5.632992386993614
6365,1,5.071467068821882
6366,1,0.6405227527169961
6367,0,0.23028317680455798
6368,1,2.7449253352143255
6369,0,0.3005122186889211
6370,0,-1.7357887243779613
6371,1,5.2763646441621015
6372,1,6.912674229416558
6373,1,5.823393281267836
6374,0,0.5326406811777256
6375,1,5.4811451494654495
6376,1,2.828043876885245
6377,1,3.4992671727056717
6378,1,3.8287307939796418
6379,1,4.626533387278426
6380,1,6.004786681345357
6381,0,0.5289501118506791
6382,1,4.471808907021559
6383,1,5.901612211518441
6384,1,8.434651105409568
6385,1,4.0811905910864645
6386,0,2.183645572618386
6387,1,3.4545567527091916
6388,1,6.441785414930569
6389,1,5.065629844193842
6390,1,7.256374437413488
6391,1,0.019268117826261033
6392,1,4.0747628802729565
6393,1,2.419485253616255
6394,0,-1.7644270830203939
6395,0,0.8620438032540009
6396,1,6.627553669645252
6397,1,6.2481507876055105
6398,0,-0.027325866985301487
6399,0,-0.6239012521135978
6400,1,5.997965455680168
6401,1,5.538008088272561
6402,0,-0.0804646467049995
6403,0,-0.44145884197810414
6404,1,5.882357459591837
6405,1,4.262845218592423
6406,0,0.3713122523587396
6407,1,5.534672875257402
6408,1,3.2894753038873503
6409,1,2.662415196713098
6410,1,8.208649028374047
6411,1,3.623267557937531
6412,1,3.494308477811788
6413,1,3.772398513566011
6414,0,0.4118954525801487
6415,1,10.090663819622225
6416,0,-0.3371030356343811
6417,0,3.404234759265966
6418,1,6.457050374627794
6419,1,2.6466280022876596
6420,0,0.2162917875914444
6421,0,0.2309087801461355
6422,1,5.18747758301734
6423,1,7.856391494541383
6424,1,4.379797184168802
6425,0,0.7171983801828463
6426,1,6.170350519040846
6427,0,1.960757475036696
6428,1,7.823698336276523
6429,0,-1.510538601748559
6430,0,0.19356347854329176
6431,1,7.951746791034771
6432,0,-0.41718818775507815
6433,0,-1.1357596083665367
6434,0,-0.6782709593881792
6435,1,9.696105382580239
6436,1,6.2669305408496925
6437,1,1.8893488462859445
6438,1,9.137327849895433
6439,1,3.9320211553715785
6440,1,6.116387751885457
6441,0,-1.144559830975083
6442,1,5.270660582831978
6443,1,4.246957271864041
6444,1,8.62401268025627
6445,1,8.266273812040895
6446,0,0.22019211808862313
6447,1,5.25867269986527
6448,1,8.853731421566094
6449,0,1.3457150425404139
6450,1,0.22490791675100041
6451,1,6.055959454901884
6452,1,3.792244604332418
6453,0,0.4492729876787717
6454,0,-1.5105448344101984
6455,1,4.6160538179465265
6456,1,4.217632742346336
6457,1,3.1788177309290955
6458,1,4.839509723958946
6459,1,5.359188513556708
6460,1,3.8113884139303655
6461,1,6.731959950436066
6462,0,0.2247346933607692
6463,1,3.0549163154484127
6464,1,5.8260180143606135
6465,1,4.196164453107114
6466,0,-1.3375418926716132
6467,1,7.089325991525367
6468,1,6.123220680793878
6469,1,8.933253094174939
6470,1,6.265429490538462
6471,1,3.864630369801958
6472,1,5.83889194063423
6473,0,-1.7424464052137691
6474,0,1.0251816732808596
6475,1,5.090402865577468
6476,0,-2.0162095898231867
6477,1,5.25591780174371
6478,1,4.985636702485428
6479,0,-0.4000340278077535
6480,0,2.567910399461111
6481,0,0.8175661340166607
6482,0,-0.41754733038378833
6483,0,0.9703116912520162
6484,1,6.827211071687855
6485,1,4.833717071554947
6486,0,1.066455089270315
6487,1,2.875757213345498
6488,1,2.286088234415901
6489,0,1.6864728722314135
6490,1,4.941125853871478
6491,1,8.757937170025274
6492,1,3.635960593440298
6493,1,5.151339893210661
6494,1,3.5067441444708862
6495,1,3.864914308832499
6496,1,3.82403252461978
6497,1,3.5612361598250732
6498,0,1.4775711725591634
6499,0,0.05311539409890192
6500,1,3.296934914700077
6501,1,3.094445280138375
6502,1,3.485340825668782
6503,1,6.015999445785701
6504,1,2.3891087633193644
6505,0,0.3716427864143017
6506,0,0.6073691921044705
6507,1,4.94022137332164
6508,1,2.4459306453664738
6509,0,0.3239365815581257
6510,1,3.5716069686692373
6511,1,6.266680751297291
6512,1,4.58512751806609
6513,1,4.329236348798815
6514,0,0.6968839398056835
6515,0,0.8945971067174728
6516,0,-1.7295269432530895
6517,1,3.221442002322273
6518,0,-0.6085033468480078
6519,0,0.6253797398246377
6520,0,0.4007535965341833
6521,0,2.207605639287162
6522,1,2.464459333962181
6523,1,7.990032308654771
6524,0,0.1461335220010824
6525,0,0.1464638185671276
6526,1,5.240681964340583
6527,1,7.940729573695352
6528,1,6.745012600979153
6529,1,2.742064571391535
6530,1,5.0851565400943315
6531,0,-0.661904495580201
6532,0,1.4292738910429452
6533,0,1.4251246856316888
6534,0,-0.8109787577049671
6535,0,0.5067230505092867
6536,1,5.291954172465089
6537,1,8.306068279631674
6538,0,-0.884149664130835
6539,1,5.0263013637966365
6540,1,7.205970327426769
6541,0,0.6091811047442209
6542,1,2.136023473880025
6543,0,-0.2789038303057078
6544,0,1.148401823431652
6545,0,-2.101263215330448
6546,0,0.608668033852076
6547,1,4.517444817431811
6548,1,2.986647492604759
6549,1,6.953785782193381
6550,1,4.72845355131955
6551,0,0.7196500509398069
6552,1,4.216629494935129
6553,0,-0.7324166326399817
6554,1,2.7872704689433836
6555,1,3.721682659523786
6556,0,1.519613156980718
6557,0,-0.13257302234702248
6558,0,-0.9668075381549643
6559,0,-1.0106013781076308
6560,0,0.8775356829033791
6561,0,0.48092725413717236
6562,1,6.543273010057781
6563,1,4.254979299105066
6564,0,-1.3874081587519524
6565,0,-0.43510963802268854
6566,0,-0.06219153121448087
6567,1,6.426801387368538
6568,0,0.9780219531428204
6569,0,1.767333097611924
6570,0,0.6125061277312006
6571,0,0.9780906957226785
6572,0,-0.0003037579819691155
6573,0,-0.9770510538089913
6574,0,0.20828607700355511
6575,1,7.237335534192727
6576,1,3.933775696458007
6577,0,-2.617793443529623
6578,1,5.021230414442503
6579,0,-0.9191545846144757
6580,0,-0.25448248928900213
6581,0,-1.2557585825119015
6582,0,1.1501864121137373
6583,0,0.23328187070515205
6584,0,-0.4282466237589392
6585,0,1.1607154312316788
6586,1,3.643888348435092
6587,1,3.5883967077704275
6588,0,0.7362580245090804
6589,0,-1.449056652727055
6590,1,4.482859507586866
6591,1,8.189012768747746
6592,1,4.161827875089952
6593,1,6.52481506537695
6594,1,3.330733409953166
6595,1,2.433718223100519
6596,0,0.6094926049290482
6597,0,2.777302504775897
6598,1,7.861194103311208
6599,1,3.909447728863826
6600,0,-1.2978145760266426
6601,0,0.13580933741235565
6602,0,0.3216960042416213
6603,0,-0.3143092055614145
6604,0,1.8314372309166111
6605,0,0.273360653207626
6606,0,-0.005941459649827468
6607,1,5.696652960673289
6608,1,8.393299119210415
6609,0,-0.15830329982659988
6610,0,0.39725973700102535
6611,0,-1.750428832674257
6612,0,1.5143479873043049
6613,1,5.87178037956543
6614,1,7.942569444560892
6615,1,3.9319794617901493
6616,1,5.059017754698043
6617,1,0.019256982272403356
6618,1,3.012455653792361
6619,0,0.5722785681629964
6620,1,6.02691241968948
6621,1,2.958814352315162
6622,1,5.6309819669311025
6623,1,6.625745032768585
6624,0,0.29403810496384836
6625,1,6.0926750321145455
6626,1,4.3618631231431575
6627,0,2.8912991460086856
6628,0,-0.5465706810660185
6629,1,2.037455223019258
6630,1,5.867784857407849
6631,1,6.366946376785026
6632,0,-0.5487527252867074
6633,0,-0.7869271181382043
6634,1,2.2658630514603555
6635,1,4.165531090992235
6636,1,5.370064116422185
6637,0,1.1613175242454703
6638,0,-0.060335457955758356
6639,0,0.7241607738155482
6640,0,-0.6494928385332114
6641,1,2.9334796773396716
6642,1,5.298267844242563
6643,0,1.2313217391392233
6644,0,0.4995092938864899
6645,0,1.3030928347562007
6646,1,6.831892067081617
6647,1,4.1577284168430495
6648,1,5.762968068746547
6649,1,1.397703793116409
6650,0,0.416949248766937
6651,1,4.1534763629403715
6652,1,5.600266329615565
6653,1,6.771119556746358
6654,0,1.2403155334577616
6655,0,1.0969761700314453
6656,1,4.436711378597875
6657,1,3.069873722438352
6658,1,6.532859199239933
6659,1,4.501082279792525
6660,0,0.4323091094903179
6661,1,1.8844198952663458
6662,1,4.279641454487276
6663,1,6.627442933766446
6664,0,0.29135800377181914
6665,0,-0.8385052561225359
6666,1,6.83030302529902
6667,0,-0.1016273104431961
6668,1,7.393986434284158
6669,0,1.3585606049941368
6670,0,0.7555764962522433
6671,1,4.670796359712232
6672,0,1.0095239398471818
6673,0,-0.5457077788634138
6674,1,5.6094089808100165
6675,1,6.331559370579125
6676,1,9.491180318695728
6677,0,-1.121000800622528
6678,1,4.054587135020794
6679,1,1.8466256471565203
6680,1,6.364279764321939
6681,0,1.1888497317753062
6682,1,5.589625067858481
6683,1,1.0428213745883155
6684,1,5.975731963992658
6685,1,5.447707714155402
6686,1,4.58417790448451
6687,1,6.91914379759153
6688,1,4.043620671024951
6689,0,0.8198555143195573
6690,1,4.035785398296144
6691,0,0.9397786894286709
6692,0,-0.32064382257321644
6693,0,-0.7423942617154305
6694,1,8.080115564092283
6695,1,5.004894191252198
6696,1,5.396191497472929
6697,1,3.0030362201752756
6698,1,6.247266108761516
6699,1,3.8917274979522185
6700,1,6.334360654064762
6701,0,0.9357593023921266
6702,0,0.2936596481638901
6703,0,-1.114030436453263
6704,0,-0.885305972068944
6705,1,5.549277977952453
6706,0,-0.09107585669644908
6707,1,6.784458381332093
6708,0,0.1542636020712631
6709,1,6.171474948718569
6710,1,4.598575761784725
6711,1,6.654780200841859
6712,0,1.7318044646252988
6713,1,3.8975603185117524
6714,1,6.181712771633061
6715,1,5.780712822519519
6716,0,-0.8320280374916865
6717,1,8.28955878631226
6718,0,-0.7550992441887131
6719,1,4.3506978905357565
6720,1,6.356455089497043
6721,0,0.14483199091328372
6722,0,-1.275221355490209
6723,1,4.984738840317027
6724,1,4.668108834747787
6725,1,6.623647591093102
6726,0,-0.6524289737217602
6727,0,0.11048007957515911
6728,0,-0.3638295557076866
6729,1,3.4564480701611053
6730,1,0.8293269113854995
6731,1,4.258895239234286
6732,1,2.534099699172404
6733,0,1.5189428674421157
6734,1,7.315721643525013
6735,1,4.357760424103799
6736,1,4.809577261717196
6737,1,6.131269811576063
6738,0,0.2906050610089817
6739,1,3.807101828553407
6740,1,7.671557297210024
6741,0,1.4987155129625802
6742,1,6.800565319064299
6743,1,2.33356141701052
6744,0,1.6843602721332818
6745,0,-1.7002499083791063
6746,0,0.46472094605595865
6747,1,4.389697925923516
6748,1,7.241120176647881
6749,0,0.11203733611436602
6750,1,3.4672828025202462
6751,1,3.723797163108791
6752,0,-0.9917836899692335
6753,0,0.8951668959343854
6754,0,0.3715085780182956
6755,1,2.7634101464239187
6756,0,-1.448636201054153
6757,1,1.718853473868582
6758,1,4.560556668304293
6759,1,2.6112020823041426
6760,1,6.914740463278852
6761,1,6.8336606011966
6762,1,8.69091716891841
6763,1,4.16438011132003
6764,1,8.823251999656238
6765,0,1.1157251112710522
6766,0,0.7280359491689997
6767,1,7.841792166250155
6768,1,6.2937879200042515
6769,1,2.041676907830645
6770,1,5.6351961265353925
6771,1,2.204502654050613
6772,0,0.09129757806223815
6773,0,0.6558801613330213
6774,0,0.4595173743568599
6775,0,1.1438175482923738
6776,0,0.7129222476481055
6777,1,3.491740036562131
6778,0,-0.8525547026945339
6779,1,5.393384797548316
6780,0,-0.48359356827310235
6781,0,-0.7593075117845477
6782,0,0.08259985901449775
6783,0,-0.2632740526328243
6784,1,3.234434022779064
6785,0,0.4947132639294297
6786,0,0.8543748920036979
6787,0,-0.5191597001778214
6788,0,-1.4423209985331835
6789,1,2.9157607022323946
6790,1,6.029783027216245
6791,0,-1.93486176545663
6792,0,-1.1537105074144132
6793,0,2.2593968627157106
6794,0,0.5863244134052653
6795,1,4.9860153852468425
6796,1,5.146014580726743
6797,1,3.529495249021951
6798,1,4.800722891966045
6799,1,7.435055474768069
6800,0,0.8326896457217218
6801,1,6.443152998147006
6802,1,6.815354603814629
6803,1,1.637439580944573
6804,0,0.5409958408810126
6805,0,0.3756615971674688
6806,1,6.557761052433188
6807,1,4.5832759209889575
6808,0,-0.28845500204035507
6809,0,-1.137002887654397
6810,0,-1.256904265615222
6811,0,-0.27762625146973424
6812,1,2.5851483166895766
6813,0,0.7290941492728683
6814,1,7.508039136122881
6815,0,0.41242624207710116
6816,1,8.491404917102031
6817,0,-1.2691106647856092
6818,1,6.494346443518231
6819,1,4.755810369496282
6820,1,3.738475324237303
6821,1,5.346547803294097
6822,1,3.569321122184944
6823,1,7.19806508300669
6824,1,6.85488748906743
6825,1,5.556219460250554
6826,1,3.8289285170908047
6827,1,9.782188745724774
6828,1,6.459912311716476
6829,1,5.192451278745834
6830,1,6.409279977817016
6831,1,5.243878534816359
6832,1,5.960587894381039
6833,0,-0.7003902507603618
6834,1,6.427088217435361
6835,1,5.119255118846146
6836,1,6.099825273762903
6837,1,3.714289663296641
6838,0,1.8864544469020617
6839,1,1.7315227854253386
6840,1,6.983544790092452
6841,1,3.438440824645773
6842,1,4.559524694514121
6843,1,4.14567213963828
6844,1,6.493957117070482
6845,1,4.894070451762203
6846,0,1.4154181329286932
6847,1,10.867322273496967
6848,0,-1.1249741888311833
6849,0,0.34071394821222983
6850,0,-0.5940266404105428
6851,1,2.823186962762108
6852,0,1.372163158427852
6853,0,0.6194516064985138
6854,1,6.790238638858646
6855,1,5.856885291701353
6856,0,0.5805879338602866
6857,1,4.513532612345369
6858,1,5.469293551939333
6859,1,4.5290091341468255
6860,1,4.2661201052837265
6861,1,5.6956517279374
6862,1,2.960870871446489
6863,0,-0.05126806797332861
6864,0,0.9905442501430733
6865,1,7.860931942388477
6866,1,4.720269152007947
6867,1,7.091167926333924
6868,0,-2.264468167699642
6869,0,-1.6221553887467264
6870,0,-0.9979726308421888
6871,0,2.816443500993812
6872,0,0.252163545593255
6873,1,6.005776249659278
6874,1,3.887838999450665
6875,0,0.34378069039495557
6876,1,6.594833552085152
6877,1,2.3713529598592986
6878,0,0.1297286363617317
6879,0,-0.5378983081954768
6880,1,6.826461953675091
6881,1,4.381700057502261
6882,0,-0.7625470909667311
6883,0,1.3160046875299933
6884,0,0.21436619579150737
6885,1,3.0609877665828513
6886,1,6.387939873973039
6887,1,0.9864888859965104
6888,1,4.560580863597083
6889,0,-0.48837327762448607
6890,1,2.1287973343460056
6891,1,5.332091570890083
6892,0,-0.8638315334644846
6893,0,-0.8336660921672453
6894,1,4.563930675795746
6895,0,0.5815067080378378
6896,0,0.36683958700221275
6897,0,-0.18724357010257284
6898,1,6.721834361840831
6899,1,5.5806026315178485
6900,1,7.642442678214095
6901,1,7.374532058057623
6902,1,4.50778802110453
6903,1,5.4130666010598025
6904,1,8.92178773847945
6905,1,3.9342296371597216
6906,1,5.41447897320054
6907,1,7.236287561716285
6908,1,5.1075017386261345
6909,1,5.842426302620417
6910,0,0.8168766538279163
6911,0,1.4684366530475381
6912,0,-1.818273524883974
6913,0,-0.6072725132020992
6914,0,0.17461372557140542
6915,1,8.167984746264466
6916,1,6.79905672710773
6917,1,6.237075230835114
6918,1,6.0697318769658635
6919,1,4.741645625558986
6920,1,6.3734718139685675
6921,1,0.9658290543205501
6922,0,-0.9755738581200107
6923,1,1.500569963478974
6924,1,6.357363379067968
6925,1,5.723180848682843
6926,0,1.1346678252567577
6927,1,3.876252349963809
6928,1,4.96798941948706
6929,1,5.1902600285181295
6930,1,2.0510155967542874
6931,1,3.6820002039867976
6932,1,1.836242253364044
6933,0,-2.893322069836353
6934,0,-0.6552568408881965
6935,1,8.798675688136138
6936,1,7.01692967990525
6937,1,6.074990852272455
6938,1,5.8607135425127
6939,1,5.443432532306761
6940,1,4.73473342656
6941,1,3.324113637115961
6942,0,-1.207132625528262
6943,1,5.5843648891687705
6944,1,7.522451589843393
6945,1,7.717248674410611
6946,1,8.81124571428597
6947,1,4.432010354075475
6948,1,2.4721240147638825
6949,1,5.747966772407095
6950,0,0.718034293833035
6951,1,5.559860070420968
6952,0,-2.180198726185732
6953,1,5.063335649368116
6954,1,6.866609859696711
6955,1,2.69065035587767
6956,0,0.29146961816705996
6957,0,3.3802379493733254
6958,1,6.427822483635573
6959,1,4.498557762743504
6960,0,-1.3197511519587706
6961,0,0.40346621730181914
6962,0,0.1992295639781168
6963,1,7.037617884829231
6964,1,4.977658036058361
6965,1,5.920768482944997
6966,0,0.88266370158457
6967,0,0.625226008477982
6968,1,4.454169281224903
6969,1,6.033912688471505
6970,1,5.601871406114272
6971,1,2.9446338200033746
6972,0,0.3104738216407891
6973,1,3.652182967550671
6974,0,-0.24617847389325706
6975,0,0.6353666132197542
6976,1,8.134684253842247
6977,1,7.161529419429913
6978,1,3.6137981023790404
6979,0,2.015307584437393
6980,1,5.780231225196732
6981,0,-0.4900850362114459
6982,1,6.013838733986257
6983,1,7.578509258820423
6984,0,-2.166636603828729
6985,1,1.227101139866123
6986,0,0.6879842614609085
6987,0,-1.8430332597916228
6988,1,4.639634681783276
6989,0,-2.437331493579459
6990,0,-0.6337647602453231
6991,0,0.180709852030185
6992,0,0.6922505279570901
6993,1,3.5204825552958434
6994,0,-1.1700804827924007
6995,0,1.0387951741488222
6996,1,-0.42318144707714467
6997,1,4.363143440829515
6998,1,8.332474493951082
6999,1,2.436108187671431
7000,1,7.247891498658869
7001,0,0.7781543135361269
7002,1,2.089405825123969
7003,0,-0.27729647318601636
7004,1,7.109163498265403
7005,1,4.496128656802825
7006,0,-0.3947708519487188
7007,0,-0.8829502009757559
7008,1,6.478577448942967
7009,1,5.478658929940824
7010,0,1.2583883207507043
7011,0,-0.3130501594015293
7012,0,-1.5375927550672925
7013,0,2.0571005962349185
7014,0,0.3438405976785965
7015,1,7.026849003113258
7016,0,0.08753613295928511
7017,1,3.8633464473649104
7018,1,6.871911766286026
7019,1,2.9204523175668546
7020,0,1.1447518070971647
7021,1,4.447904042554302
7022,0,0.8890664297873871
7023,0,-1.6052794138777393
7024,0,-0.2991311341848978
7025,1,3.679168317045977
7026,1,1.6578545381168057
7027,1,5.8583257093048156
7028,1,5.4332737346442
7029,1,6.7550563976857285
7030,1,4.60487832770793
7031,1,5.064521424961828
7032,0,0.3666312983960936
7033,1,2.010953871140023
7034,1,5.597440615726471
7035,1,2.4845699340841017
7036,1,3.808328830974115
7037,1,3.7070487602224755
7038,1,5.471898811091563
7039,1,6.058199681753213
7040,1,1.1092922540380252
7041,0,-1.3974715161632267
7042,0,-1.087601246706637
7043,1,7.495134331960198
7044,1,4.558836331238956
7045,1,4.4032615160124875
7046,0,1.231672599632932
7047,0,0.8461549632983232
7048,0,-0.9965094118395085
7049,0,-0.2772580788939002
7050,0,-2.081289005201165
7051,1,6.754167889247583
7052,0,1.1210289030063958
7053,1,7.6347348796354755
7054,1,7.404696060434489
7055,0,-1.0708207227770072
7056,1,9.674978402246872
7057,1,2.783535200328096
7058,1,5.879408873438706
7059,1,2.9658585035742018
7060,1,5.422578258515848
7061,0,2.1346422674396446
7062,0,0.13761595366056642
7063,1,6.328719326981922
7064,0,0.6381826599983151
7065,0,1.8152240460835996
7066,0,1.2174197715722064
7067,1,6.736399053536157
7068,1,4.836461163234851
7069,0,1.0217458388268315
7070,1,5.555149967972488
7071,1,3.2635962869785313
7072,1,2.9035074374190173
7073,0,-0.3444929443267732
7074,1,2.2638781188253665
7075,1,4.40218312992224
7076,1,6.377812843036029
7077,0,0.8207051091140043
7078,1,2.3430252455347578
7079,1,8.426983936622184
7080,1,2.5336254509137
7081,1,4.945168524480379
7082,0,0.06578126202119962
7083,1,6.7279504013151525
7084,1,6.043066564110253
7085,1,4.604070858884545
7086,1,3.6013372299100883
7087,0,2.6863596846459483
7088,0,-0.4327742987980815
7089,1,5.566764539056391
7090,1,7.765705654506558
7091,1,6.226782572051739
7092,1,2.102015551621873
7093,1,5.031204359970075
7094,1,3.195272257789336
7095,1,7.562790384003908
7096,1,5.2231124928031845
7097,1,7.35099702195832
7098,1,4.265629067164268
7099,1,5.3163354365585365
7100,1,3.4946090711981643
7101,1,1.3316791918291084
7102,1,6.01369753977775
7103,0,-0.7937581995554807
7104,1,2.8700254781109313
7105,0,-0.9240661532791915
7106,0,-0.5182421174615751
7107,1,4.430020784400526
7108,0,1.4217680529455337
7109,1,7.609194685058318
7110,0,0.7663324392421411
7111,1,6.27848705253299
7112,1,5.514903379979389
7113,1,4.85019873062173
7114,1,7.650643116149674
7115,1,4.395665855908108
7116,1,3.346505723932643
7117,1,2.962144499442407
7118,1,3.453910334141672
7119,1,2.5392855238161816
7120,0,-1.9599941525324707
7121,1,3.250759759965547
7122,0,1.1229689708868333
7123,1,5.347181788644215
7124,1,5.37090619140891
7125,0,2.048816855371538
7126,0,-1.8259347874605354
7127,1,3.376435979504583
7128,1,4.4149344754958095
7129,0,-0.6219548272041163
7130,1,4.134271297203242
7131,0,0.6444102788422398
7132,0,0.08021712729465236
7133,0,2.0011140840758643
7134,1,2.4729834257939247
7135,0,0.6982459912477172
7136,0,-0.49134790286492924
7137,1,7.146486326269835
7138,0,0.42515527143656445
7139,0,0.35939674229561647
7140,0,3.2094861587040993
7141,1,8.563590906332642
7142,0,-0.2958571700874717
7143,0,1.266212920203689
7144,1,4.044943882914184
7145,1,8.626536944953308
7146,0,-1.211368729083021
7147,0,-2.2572184046091044
7148,0,-0.717777742196042
7149,1,5.750179254342102
7150,0,-0.7593660837435502
7151,1,5.959989488090166
7152,0,-0.44299298088006905
7153,1,4.905018031798185
7154,1,4.704679736652503
7155,1,5.722654877590081
7156,0,0.6801841038964953
7157,0,1.6317456965167532
7158,1,6.1782474651281625
7159,0,1.9067061177589995
7160,0,2.2430319969477974
7161,0,-0.3309116079059584
7162,0,0.22166633140986716
7163,1,3.5403348472272222
7164,0,-0.3052175908709616
7165,1,7.170952589913119
7166,0,-0.7829968015753729
7167,0,-1.687907095178668
7168,1,6.260725886738057
7169,1,4.081718135142447
7170,1,4.754736609888465
7171,1,5.506262647639027
7172,1,5.611254535673198
7173,1,4.997912073132759
7174,1,2.351930697657424
7175,0,1.533109299336983
7176,0,0.17757799467603563
7177,1,8.057769556616007
7178,1,3.3446978509558174
7179,1,1.7555672675538747
7180,1,6.582073467537806
7181,0,-0.3269010175915706
7182,0,1.1448619470308197
7183,1,6.9403234175703705
7184,1,5.21264169269743
7185,1,2.5079578671725105
7186,0,1.222113638840692
7187,0,-1.0701151038758276
7188,0,-0.21613259233855056
7189,0,-0.9646095094531086
7190,0,0.5185238650249073
7191,0,-0.20087485569831337
7192,1,6.401370068918419
7193,0,-1.6994384402298444
7194,1,4.924163457057712
7195,1,8.953292671863112
7196,0,0.7990272177810247
7197,0,-0.16951971968245974
7198,1,5.887312902425917
7199,0,-0.044255315337062756
7200,0,1.6116143880838472
7201,0,0.566283560994935
7202,0,-0.9720575311455043
7203,1,6.488844492922634
7204,1,6.126069156739327
7205,1,6.401555318498582
7206,1,4.223335059748314
7207,0,-0.8727681841639939
7208,0,-0.36681982077639835
7209,0,0.7728269342262092
7210,0,-1.4909271319053525
7211,1,5.282860247783522
7212,1,5.485524456774413
7213,1,3.1999989128398383
7214,1,5.450131581017016
7215,0,0.03464532599401878
7216,0,-0.03420380975252978
7217,0,0.851960303845378
7218,0,-1.8351463984416194
7219,0,0.16181448245958704
7220,1,0.04730367047488304
7221,1,4.482706244473097
7222,1,3.9091738288701414
7223,1,2.8030388921461955
7224,1,5.109422145306404
7225,1,5.340265865234235
7226,1,3.821923478875796
7227,0,0.3888650095742778
7228,0,-0.4987948044276187
7229,0,-0.6449706859898993
7230,1,2.311023510604873
7231,1,2.4863478845458324
7232,1,4.1619466015509055
7233,0,-1.3787237453663783
7234,1,3.7710465565821503
7235,1,5.2905850511239345
7236,0,-0.11586599531851455
7237,0,-0.9982222565188897
7238,1,4.658005340403785
7239,1,3.7663406604592113
7240,1,5.764597596729487
7241,1,6.123823176048695
7242,1,3.987063817021191
7243,1,7.983024210182526
7244,1,7.442163499696676
7245,0,-0.7781514410249082
7246,1,5.915660893246114
7247,1,6.555550775022736
7248,1,9.55573121827041
7249,0,-1.2908731661087027
7250,0,-0.6547849050342122
7251,1,5.374655526354458
7252,0,-1.891089059011741
7253,0,-0.05850536234151347
7254,1,4.754565318857133
7255,1,3.5469104706823558
7256,1,6.310153380747475
7257,1,6.8398605249724405
7258,1,5.181405069117608
7259,0,0.08001494906745558
7260,1,5.628812559418169
7261,0,-0.4460875773902397
7262,1,5.475717699482762
7263,1,2.767591220219909
7264,1,7.930145571855123
7265,1,4.628946814706288
7266,1,5.0296326015357025
7267,1,8.809054810606494
7268,1,2.3851945618968697
7269,1,7.313071697328915
7270,1,5.884994948671848
7271,0,0.7258977202633402
7272,0,1.3186224666893445
7273,1,3.9025679153771087
7274,0,-1.4907673644261092
7275,1,3.7883156430173317
7276,0,1.4384060452944079
7277,0,-0.33903304674928425
7278,1,3.530097570580412
7279,1,7.266370151026548
7280,0,-0.42670935928430953
7281,1,7.519538650821809
7282,1,2.8356895494264314
7283,0,0.6371671172994547
7284,0,0.9995064985831066
7285,1,3.668299137984428
7286,0,0.3183137621925314
7287,0,0.29040574893045035
7288,1,5.485147501324463
7289,1,3.3787801361979017
7290,1,3.607246365271295
7291,1,5.2064424104104425
7292,0,-0.1957120561599575
7293,0,-1.8674656736697517
7294,1,4.009129694584663
7295,0,-0.20461530675349784
7296,0,1.0425459117726472
7297,1,0.2954263931184995
7298,0,0.9340617747925306
7299,1,5.0818517978310105
7300,1,1.0844503087257622
7301,1,5.764634671837602
7302,1,2.9044058272396547
7303,0,1.2565979602475925
7304,0,-1.493066721237155
7305,1,0.8770658354011438
7306,1,2.075709621539823
7307,0,0.004024821195099905
7308,0,0.3942659167638498
7309,1,7.109713151681362
7310,0,0.050955646421434006
7311,1,8.87780471115472
7312,0,1.6824976144480766
7313,1,3.555041237310692
7314,1,2.4682449776291513
7315,0,-0.11685079827591825
7316,1,3.1829877385224448
7317,0,-0.020497751798961517
7318,1,6.001435803576305
7319,1,3.3140722908813522
7320,0,0.8099092969073727
7321,1,1.9101400745561148
7322,0,1.4354485362407579
7323,1,6.027431415982291
7324,0,0.7953862518478164
7325,0,-0.550845291470787
7326,0,-0.8078237759897144
7327,1,4.7985187089358945
7328,0,-0.1765349430907254
7329,0,-0.375644506335187
7330,1,4.829278850351701
7331,1,9.595614875407652
7332,0,2.41065477039852
7333,0,-1.6469589277729222
7334,1,6.517059205161346
7335,0,0.263111280654251
7336,0,0.9323423942598447
7337,0,-0.7006164174042813
7338,1,2.8670067159752475
7339,1,2.8078870059109002
7340,0,-1.2589225948720146
7341,0,-1.7399845197070285
7342,0,0.12876349304396384
7343,1,6.343097456938986
7344,1,5.578531812333477
7345,1,4.544756282043001
7346,0,0.3843538861697217
7347,1,4.586680296769222
7348,1,-0.5381282832830365
7349,0,0.9137813641874685
7350,1,7.403943540480547
7351,0,-0.12061977953412555
7352,1,4.0897104492228955
7353,1,2.6172692264165107
7354,1,5.027699175469744
7355,0,-1.118796432987929
7356,0,-1.195959417898888
7357,1,2.626278877117369
7358,1,2.5002531526638188
7359,0,0.3821409153483971
7360,0,1.014548946182775
7361,1,4.480998397146003
7362,1,4.0211023204275484
7363,0,-0.9579477773869916
7364,1,6.215591477246459
7365,1,0.9547235018576163
7366,0,-0.6021528813176916
7367,1,4.212098780657332
7368,0,-0.7020483107162003
7369,0,0.14274099030588597
7370,0,1.130313817001463
7371,0,0.7205578146167778
7372,1,2.031156565414372
7373,0,-0.9756968297107843
7374,0,-0.9919085275149327
7375,0,-0.3687771285126339
7376,0,0.3183219330158019
7377,0,-0.6286125594489853
7378,1,8.415214211959494
7379,0,-0.3778147971944094
7380,0,0.4904488109251571
7381,1,3.8006025016107214
7382,1,6.171588187493477
7383,1,4.152946041470585
7384,1,2.892892669763825
7385,0,0.13559567022457292
7386,1,4.9520592295404695
7387,1,0.7862586905981503
7388,1,5.9206544202882805
7389,1,7.091495258255469
7390,0,-2.026999742444124
7391,0,-1.0999986669066535
7392,0,1.0196454747318358
7393,1,3.173328828348666
7394,0,-0.43871592084270006
7395,0,0.2716996701947639
7396,1,7.527007364157621
7397,1,1.478686949755721
7398,1,4.708988425385899
7399,0,-0.2947274087715868
7400,0,0.1749252872041032
7401,1,8.689547570466754
7402,1,6.322730067062405
7403,0,-0.7260301808627527
7404,1,5.346315633811378
7405,0,-0.3491920878700739
7406,0,-2.395408886975402
7407,0,1.1089014304237004
7408,1,5.777596778742182
7409,0,1.7065806904342342
7410,0,-0.7687330835451799
7411,0,-1.6194661316141021
7412,1,4.837401521359629
7413,1,4.564539805669864
7414,0,1.3524444258164001
7415,0,-0.7288175031200365
7416,1,3.1443766975652547
7417,0,-0.5652080894931663
7418,1,4.465389199432158
7419,1,3.0327743465751027
7420,1,6.915232252707181
7421,0,-0.9492759166046123
7422,0,0.6355257193957237
7423,1,4.404918389537285
7424,0,-1.4391343125691929
7425,1,4.382601298745852
7426,0,0.680307728837822
7427,1,5.6734546947452404
7428,1,7.116704914994024
7429,0,0.8925465501002876
7430,0,-1.597308000591405
7431,1,9.09714954324393
7432,1,4.610150739637098
7433,0,-0.10392148488484079
7434,1,6.973425344559707
7435,1,3.436793157821076
7436,1,6.50964998895865
7437,1,5.010747474646412
7438,1,4.511588682401799
7439,1,1.8091717479484228
7440,1,4.297598176509779
7441,1,3.7219759696452215
7442,1,10.85814089847138
7443,1,5.155818433747528
7444,1,5.14068820042546
7445,1,6.247569881999097
7446,0,-1.5201492485603314
7447,1,4.270764643463285
7448,1,2.761950968709454
7449,0,-0.7585376522667326
7450,0,1.4711548380577117
7451,1,6.3100208081897
7452,0,-0.5993421136295173
7453,0,-1.0228614791552828
7454,1,5.6362649865111845
7455,0,-1.2606429010241373
7456,1,7.384351576173858
7457,1,8.86021953886801
7458,1,3.6401128637114155
7459,1,6.0355722856797485
7460,1,0.36525102975839907
7461,1,4.749809470453634
7462,1,5.900776226844605
7463,0,-0.7855349421915435
7464,0,0.14934572879257807
7465,0,0.02079605012377655
7466,1,-0.46500648132269173
7467,1,5.4816874784448215
7468,0,0.892029639207896
7469,1,9.201935703085809
7470,0,-0.007476101444253663
7471,0,1.3955173807073198
7472,1,6.807754696583292
7473,1,4.904790203920288
7474,1,1.9002253598405305
7475,0,-2.0029787363574556
7476,0,-1.722638277442053
7477,1,6.42825270234213
7478,0,-0.18884431801558632
7479,1,4.1870615030607174
7480,0,0.19080532277234732
7481,0,-1.7231052218223237
7482,0,1.0448923267035966
7483,1,7.018815254698833
7484,1,2.7015127871100053
7485,1,8.00324849289585
7486,1,4.548753344061746
7487,0,-1.2818935165166068
7488,1,4.014922140500406
7489,0,-1.4645735850472816
7490,0,0.5170583281987179
7491,0,0.27754176105263234
7492,0,1.2213274239597138
7493,1,5.899291887851952
7494,0,-0.032124029902469764
7495,1,7.169717813240972
7496,1,2.9148753941417826
7497,1,4.130340958421571
7498,1,10.466013413284418
7499,0,-0.17982414715786416
7500,1,5.791125451042925
7501,1,12.317861071284085
7502,0,-1.8527129644904865
7503,1,4.4267642019878455
7504,0,-0.5854455082157267
7505,1,3.9209098547785657
7506,0,-0.5817391947662366
7507,0,-0.4349062824911454
7508,0,1.0208085766090647
7509,0,-0.4251828864505201
7510,0,-0.38717126866333257
7511,0,1.0421557916238866
7512,1,3.530800244629204
7513,0,-0.1959285904559628
7514,0,-0.943597459018189
7515,0,0.9473681053912546
7516,1,4.306490655839329
7517,1,4.017198806381101
7518,1,2.8409468327800855
7519,1,10.347022864870304
7520,1,3.426347311526775
7521,1,3.4259789800361107
7522,1,6.011842185855203
7523,1,4.602223103065888
7524,0,-0.8211566114853306
7525,1,7.319936500688322
7526,0,-0.22925139962763283
7527,1,3.422816586806994
7528,1,5.009023442934507
7529,1,5.712274272382449
7530,1,5.496048770319621
7531,0,-0.5337785147956557
7532,1,9.388536542837265
7533,1,10.899047085332239
7534,1,1.7886357511052795
7535,1,8.194508351287295
7536,0,-0.7721244685365337
7537,0,-1.0296324831868549
7538,1,4.312104929828519
7539,1,2.479294894863478
7540,1,5.635961056984233
7541,0,0.2445173870853099
7542,1,3.94472345558043
7543,1,2.243828566059941
7544,0,0.02026244329047383
7545,0,0.4798204730873868
7546,1,6.881465929841854
7547,1,7.56490330442563
7548,0,0.02778256005321191
7549,1,5.935989604358301
7550,0,1.7554419796499903
7551,0,-2.12353135105015
7552,0,-1.2094461925565603
7553,0,1.3202984845417667
7554,0,-0.5434551356505181
7555,0,-0.6891184423545544
7556,0,-2.183231302332772
7557,0,0.26524500751133506
7558,1,5.498748039127656
7559,1,3.3336655254202903
7560,0,1.474681275207321
7561,1,4.119462042205608
7562,0,0.002813302047661031
7563,0,-0.05591162816200902
7564,0,0.9149410845024567
7565,0,-1.5542336381902937
7566,0,0.9371383967010346
7567,1,5.554776696563375
7568,1,1.6892960151919998
7569,1,6.985174425395552
7570,1,4.858933962181238
7571,0,0.44711625201810024
7572,0,-1.1770847325477702
7573,0,0.5631697501988596
7574,1,4.4524876981245125
7575,0,0.8483601246391502
7576,1,-0.3025179510567719
7577,0,-1.544308654659755
7578,1,1.1362462479327702
7579,1,7.246294976539685
7580,1,6.359311593014397
7581,0,0.9960208650353022
7582,1,3.982054080411289
7583,0,-0.2765411119989938
7584,0,-0.71911868338544
7585,1,9.41518930080565
7586,1,4.603979088752741
7587,1,8.512498166073065
7588,1,7.020183626537593
7589,1,9.487468057943808
7590,1,4.631937527500744
7591,0,0.3229360993244192
7592,0,-0.0833844415440644
7593,0,-0.14412565296723706
7594,1,5.7966488903979405
7595,0,-0.5640851026923595
7596,1,2.6691741532459345
7597,1,4.930284912535678
7598,1,5.416090355945917
7599,1,7.574882491407127
7600,0,0.32532271053195194
7601,0,0.46577743241863817
7602,1,1.9230111584952279
7603,0,1.7209495010714788
7604,1,7.332580421660737
7605,0,0.08550396206958487
7606,1,3.7060634441773335
7607,0,-0.06039561225198644
7608,1,6.677973172834099
7609,0,-1.2768343591390272
7610,1,2.7366127773974385
7611,0,-1.5996405528784539
7612,1,5.117527713524161
7613,1,4.755192257998551
7614,1,8.877249005616576
7615,1,6.7414031457373715
7616,0,-0.28461784908096155
7617,0,-0.6193847861408249
7618,1,6.787121061734339
7619,1,9.089224652906708
7620,1,0.6596486720336632
7621,1,8.109410833261464
7622,0,0.8610984696370486
7623,0,-0.2140504876361965
7624,0,-1.0053092964491743
7625,1,6.2125318907208005
7626,1,3.746076966473894
7627,1,6.923811114033056
7628,1,6.513874164436291
7629,0,-1.823926573311254
7630,1,4.702385699425703
7631,1,1.8619051430794755
7632,1,4.030214242979632
7633,1,1.258211295632794
7634,1,6.367860531480925
7635,1,8.102762689690056
7636,1,4.956828306605787
7637,1,5.381446590527694
7638,1,5.893674217222295
7639,1,5.998070952617239
7640,0,0.34939069886340385
7641,1,8.999540295510764
7642,1,4.201303758574553
7643,0,-0.0832114935875468
7644,1,4.040659578994852
7645,1,6.055080658790917
7646,1,5.4290044493318685
7647,0,-0.47078530884260295
7648,1,5.966780464060745
7649,1,2.3495597052276236
7650,0,-0.6669435978801824
7651,0,0.8003493209216358
7652,1,5.688056773191937
7653,0,-0.48303344087213035
7654,0,-0.9586310530998589
7655,1,4.257460182287717
7656,1,4.724743566031239
7657,1,8.375508234215946
7658,1,7.68009820618496
7659,0,-0.48955663442944464
7660,0,-0.04347492353641635
7661,1,4.077949833790373
7662,0,-0.9708229107682145
7663,0,-0.17975939766806706
7664,0,-1.2549288971255637
7665,0,-1.6601078504627194
7666,1,4.633677035770528
7667,1,5.074186091779249
7668,0,-1.9572282468863789
7669,0,0.48286469547498734
7670,1,3.7200560139473406
7671,0,-0.5057076688800937
7672,0,-0.0003066466484388447
7673,0,-1.437633592428131
7674,1,5.936542407902043
7675,1,1.453416142964115
7676,1,5.007506441765229
7677,0,0.9493778386924271
7678,1,3.248358992195155
7679,1,2.128846332191716
7680,1,5.210238561638162
7681,0,-1.025477294683998
7682,0,0.3109206383517275
7683,1,6.189479844343738
7684,0,-1.0479404712222855
7685,0,-1.0517985758876671
7686,1,2.9430212346185027
7687,0,2.9055620399663207
7688,1,6.991704053329855
7689,0,-1.9220540891617752
7690,0,0.7132058591561214
7691,1,6.798893099289412
7692,1,3.0033769753481447
7693,1,6.155407207749077
7694,1,3.732143783307773
7695,0,1.419332438848642
7696,1,1.2818636897891311
7697,1,4.798914128988197
7698,0,-0.13407697549382763
7699,0,1.0042606612282445
7700,0,-0.5157673639868072
7701,1,6.152047239856172
7702,0,0.695408630488455
7703,0,0.19516958068089604
7704,0,0.4035629816087637
7705,1,5.239248180126909
7706,0,0.1284953987598168
7707,0,-0.5338185081640698
7708,1,7.018688624362008
7709,0,0.15285122819507682
7710,0,-0.31839123646327616
7711,0,-0.5616536837571484
7712,0,0.26266159115175586
7713,1,7.765749077208097
7714,0,0.8979466615617728
7715,1,2.2951202854379575
7716,1,5.339293260961268
7717,0,0.08298642092543279
7718,0,-0.08617914476104349
7719,0,-0.542005271659608
7720,0,0.7666842025501789
7721,1,5.873256360155687
7722,0,2.0128225795206984
7723,1,2.6160677597082205
7724,1,1.5524458711937323
7725,0,0.1696702136416783
7726,0,-1.0232652060738494
7727,1,7.164340026740678
7728,1,5.254532232218076
7729,0,0.4721606744401794
7730,1,4.856624148996903
7731,0,-2.068737474375631
7732,1,-1.6151607943442787
7733,1,7.4412623193660705
7734,0,0.8650426057265864
7735,0,-1.2471338490868218
7736,1,6.416711713824108
7737,1,1.515678315587131
7738,1,2.6627611968839355
7739,1,5.7112460266184115
7740,0,0.9892861877956539
7741,1,6.321216927209646
7742,1,7.175712733007021
7743,0,1.4206149718822796
7744,0,0.5501257004762654
7745,0,-0.7629126595417499
7746,1,5.203196102428766
7747,1,5.807378264432423
7748,0,0.8968229607151827
7749,0,0.8407769808297546
7750,1,6.6246415829836085
7751,1,6.48441492239255
7752,0,0.11392583817082938
7753,1,1.7224431674184637
7754,1,2.9862570395264623
7755,1,7.090751226199179
7756,1,7.291397515379877
7757,0,-0.9574991904859081
7758,1,4.403822832706035
7759,1,4.0049501104356935
7760,0,1.543661592501286
7761,0,-2.020329676263777
7762,0,-0.13095980647993505
7763,1,5.408335941688402
7764,1,6.411659559819552
7765,1,5.278926549931289
7766,1,0.533177215188112
7767,1,3.8951508611875094
7768,1,2.2804895302733144
7769,1,7.79868868221768
7770,1,5.486061594178079
7771,0,-0.7551782334121221
7772,1,5.020140805841229
7773,1,8.50349992237936
7774,1,4.61327996926821
7775,1,3.6695420965993177
7776,1,8.251290643983783
7777,1,5.751141396014722
7778,1,7.707797002754133
7779,1,7.445451291747739
7780,1,9.227457046412418
7781,1,2.875348880626083
7782,1,6.9772774814018526
7783,0,-0.7748154855826616
7784,1,3.608787187682098
7785,1,7.458616159565828
7786,1,8.342330209648326
7787,0,-0.3803369915374275
7788,0,0.48062616283381454
7789,1,5.776203082633916
7790,0,1.7296353572846963
7791,1,5.276374312806078
7792,1,5.052342319577034
7793,1,1.2347692011124596
7794,1,5.555455992666728
7795,1,8.004536298685034
7796,1,5.090984366030962
7797,1,5.139577408580835
7798,1,1.0873832949806799
7799,1,6.6233210251719665
7800,0,1.4711156335412823
7801,1,8.761251191854132
7802,0,-0.9824977194867447
7803,1,2.320624446327012
7804,0,1.6378807691608803
7805,0,-0.9601978237842453
7806,0,-0.44786475919453383
7807,1,3.5567567620058025
7808,1,5.467122593782944
7809,1,5.0500926507173665
7810,1,5.252699339588506
7811,1,5.02065144206115
7812,0,0.7176130098601159
7813,0,-0.3929476413636333
7814,0,-1.5999281471182885
7815,1,8.081804021498726
7816,1,6.277951552526019
7817,1,5.874081611031284
7818,0,-0.1281262009892776
7819,1,7.106407826886784
7820,0,-1.1130647723651923
7821,1,3.6778472320234123
7822,1,4.662383140132851
7823,0,-2.687745528349113
7824,1,7.32004081618741
7825,0,0.7623734683377217
7826,1,6.125657955066747
7827,1,2.9892096094388423
7828,1,5.456088369256345
7829,0,1.5212933270975504
7830,1,6.429221048255538
7831,1,3.9011893269404734
7832,1,6.264064340157503
7833,0,-0.7180934575436204
7834,1,4.669263635484653
7835,1,6.735102341590791
7836,1,4.594739357402735
7837,0,0.5294587011079936
7838,0,0.5642522495485803
7839,1,4.694982956202092
7840,0,0.37016908944125565
7841,1,7.236079218098355
7842,1,4.415276464323824
7843,0,0.18007925023536253
7844,1,9.676403393405849
7845,1,8.595077490183044
7846,1,6.353936240888449
7847,1,0.3019933850786529
7848,0,1.4827451437982961
7849,1,6.182968750623349
7850,1,3.3739138656579417
7851,0,0.9348293670925834
7852,0,0.21078610132238762
7853,1,3.9468485574262604
7854,1,4.491243382558322
7855,1,5.694864754951494
7856,0,1.2635721783065137
7857,1,5.296650829035406
7858,0,-0.041080003426323876
7859,0,-0.3703050158252457
7860,0,-1.464262652482693
7861,0,0.6547223436615811
7862,0,-1.2688234497081465
7863,0,0.9947138771498307
7864,1,2.198340767742725
7865,0,-0.11309747607068414
7866,1,2.0954855227845766
7867,0,-0.8513231417064373
7868,0,2.2832887799114827
7869,0,-0.8040814742111169
7870,1,3.7384496590194987
7871,0,-0.9104293227582636
7872,1,3.1535820111201986
7873,0,-0.8944090994249236
7874,1,9.920042985735975
7875,1,4.476084351893821
7876,0,0.6097559743380896
7877,0,0.5062210671119713
7878,0,-0.3950350447221396
7879,1,8.434729954791102
7880,1,7.241344348031081
7881,0,-0.03323301113663063
7882,0,-0.1714554524833807
7883,0,-1.139944373775037
7884,1,5.9495996027196165
7885,0,-1.739347329354238
7886,0,1.5228496469492405
7887,0,-1.0024490521799794
7888,0,0.24469782123122127
7889,1,7.151982464901863
7890,1,5.306590072342138
7891,0,0.18286025875145467
7892,1,4.04323368576434
7893,1,5.56096054598265
7894,0,0.09421176331226175
7895,0,-0.4537106038192135
7896,1,6.198088799615661
7897,1,2.3175643000845727
7898,1,3.1347322489167286
7899,0,0.969520399014821
7900,1,7.78406755185733
7901,1,4.826525060846193
7902,0,0.17819650866022557
7903,1,4.046713448182516
7904,1,3.4514236249316372
7905,1,6.185976148031813
7906,0,0.5699437826524161
7907,1,3.1195439909861475
7908,0,-0.09966970891705947
7909,1,3.732966160602099
7910,1,2.677113200650679
7911,1,5.614629821640165
7912,1,5.728197890080546
7913,1,2.54100691343968
7914,1,7.247446917855365
7915,1,7.612048951001874
7916,0,0.2331891335206583
7917,0,-1.0834741099365168
7918,0,-1.14793401642607
7919,1,2.965432199480794
7920,0,0.8899668191533865
7921,0,0.052410913707619806
7922,1,5.504434291380813
7923,1,4.72376725906026
7924,0,-0.524086429981979
7925,0,-0.5944324397181027
7926,1,6.700500364545752
7927,1,5.4636961485536535
7928,1,2.6134061844076997
7929,1,5.586967011016157
7930,0,0.01576869080163748
7931,0,-0.17530392789603372
7932,1,3.037329639552467
7933,0,0.585868320291691
7934,0,0.8495088452097452
7935,0,0.5167145136598384
7936,1,5.6168882412026075
7937,1,3.8786154566500315
7938,1,9.203449862685655
7939,1,3.1694779035588247
7940,0,0.2429706518973458
7941,0,0.8555845118366797
7942,1,7.505171826553054
7943,0,-0.9427931923430302
7944,0,-0.8615386676145461
7945,1,5.131690016239559
7946,1,4.245813968297
7947,0,-0.9666970635033465
7948,0,0.6595452227196884
7949,1,5.873616789738058
7950,0,0.06888154320936418
7951,0,-0.24241133133129503
7952,0,-0.12240787765564062
7953,0,0.5119732527992369
7954,0,0.9970375635546002
7955,1,2.6471128197359164
7956,1,4.994418414096222
7957,1,5.153067334510031
7958,0,-0.24688417973135848
7959,0,-0.08862664574632809
7960,1,2.9139192915690466
7961,1,8.742228194098765
7962,0,-0.7826523478220471
7963,0,1.3984826857470496
7964,0,-0.8221101779563711
7965,0,-1.115148679761452
7966,1,6.094471440398722
7967,0,-0.6621754629838051
7968,0,0.48406896229226
7969,0,-0.16565157510498588
7970,1,3.6224872170419857
7971,1,4.537274839139093
7972,1,3.3511505020069126
7973,1,5.7566301353428395
7974,1,4.520318829885386
7975,1,5.7029603993680595
7976,0,-0.3821875323345424
7977,1,4.179287378077289
7978,1,6.513588802460295
7979,1,5.291229838545222
7980,1,3.736714362415144
7981,1,6.483369235603864
7982,1,7.942214764512025
7983,0,0.5291526792533741
7984,1,2.658185453877729
7985,0,1.3466731446126026
7986,0,0.12877681308794295
7987,0,0.1734231397720744
7988,0,0.006000387002375619
7989,0,-0.67876668085389
7990,0,0.728172953984361
7991,1,5.503776583046984
7992,1,2.139898472309266
7993,1,9.150345653124575
7994,1,8.496834427430905
7995,1,3.485910130879601
7996,0,2.707284984924806
7997,1,4.0302792238294884
7998,1,4.378060877483859
7999,1,3.41189037008145
8000,1,6.86133255054348
8001,1,2.4562686944082652
8002,1,3.3932890817040926
8003,1,5.22140923747715
8004,1,2.1514969053904753
8005,0,1.2221341260870888
8006,1,4.711155297179336
8007,0,0.6341598868736688
8008,0,-0.6183023236776989
8009,1,5.33367108320309
8010,1,2.5425707746712063
8011,1,4.0382186862848535
8012,0,-0.14031832618235043
8013,1,5.227570873479545
8014,1,5.583562057038775
8015,1,2.9720695788844775
8016,0,0.15282157916576486
8017,1,3.6578877206204847
8018,1,2.8645471622318466
8019,1,6.560134516942978
8020,0,-0.9542444736006237
8021,0,-1.59814274872432
8022,1,2.9218706163029875
8023,0,-0.8427584029963519
8024,0,-0.8228384901644975
8025,0,1.1078966373078478
8026,1,6.475763482261142
8027,0,0.14426495377818613
8028,0,0.8247115566742431
8029,1,5.4474468569677725
8030,1,2.0120377418176356
8031,0,-0.5387246268849175
8032,1,5.000044875440851
8033,1,4.927689140945683
8034,1,3.154675651328469
8035,1,2.7014565218445954
8036,1,3.278810983268741
8037,1,4.101680579210778
8038,0,0.06600062740176395
8039,1,3.528340100943029
8040,0,1.3627435567584003
8041,1,8.942821686419197
8042,0,-0.03339209559942843
8043,1,3.054694871034091
8044,0,0.9889290575110766
8045,1,4.660089543784034
8046,0,0.274692480480802
8047,1,5.04123757634677
8048,1,5.238848412448644
8049,1,3.909082229783132
8050,1,6.6708388232492055
8051,0,1.7744320618352218
8052,1,4.848120272538081
8053,1,1.796703865302622
8054,0,-1.0047967581388502
8055,1,4.226019270320169
8056,1,3.1910532005338603
8057,1,5.652244514543803
8058,1,7.585403428889084
8059,1,3.075371572058846
8060,1,4.746917278443546
8061,0,0.8248219026736444
8062,1,6.973606541133953
8063,0,0.8409523583691509
8064,0,0.1449326887480594
8065,1,3.9223656653395316
8066,0,0.9345376161105049
8067,0,0.631340797347373
8068,0,1.8669820174156828
8069,0,-0.15282792886537735
8070,0,0.629357464399451
8071,1,4.194240971218378
8072,1,5.427908692152023
8073,0,0.27502199580100695
8074,0,0.3672094629853358
8075,0,0.155459693389837
8076,1,5.463792061353947
8077,0,-1.652503369195796
8078,0,0.6527894839926786
8079,0,-0.03730649153945415
8080,1,4.403169102124535
8081,1,2.8444617946109867
8082,1,3.9340118784198284
8083,1,3.3008750917793406
8084,0,1.909250264708157
8085,1,3.673559579022222
8086,1,3.0521849161345034
8087,0,1.6902499568036053
8088,0,0.4367669163180995
8089,0,-0.7149088573452536
8090,1,7.1035176383876735
8091,0,1.6540037533131373
8092,0,0.18991960088340745
8093,1,1.9549222565704856
8094,1,2.38597118078361
8095,0,1.2883140399308677
8096,0,0.8493836303056025
8097,1,6.711184582844973
8098,1,4.105031376660152
8099,1,7.288782424951142
8100,1,4.4309016892159
8101,0,-0.3262159146451459
8102,0,1.6055946298503512
8103,1,3.2650686172253973
8104,1,6.423830238549321
8105,1,6.739794952784284
8106,1,5.12905667062949
8107,0,0.7355119088427245
8108,0,-1.2824012151991788
8109,1,7.2434844163966545
8110,0,-1.6747429574555615
8111,1,4.041604694834773
8112,0,-0.7713886695381842
8113,0,1.9340352888535515
8114,1,1.771840108014474
8115,1,6.235990273522257
8116,1,2.9742601559248354
8117,1,4.540141332326887
8118,1,6.8198556062941575
8119,0,-0.8898478388800466
8120,1,5.020191041235667
8121,0,-0.18428850176016087
8122,0,0.2341147330544677
8123,0,-0.8562172732496968
8124,1,7.928552745085517
8125,0,-0.7578751369265545
8126,1,7.905767406240734
8127,0,-0.5167565145791866
8128,1,4.712432256791667
8129,1,7.245529139906121
8130,0,0.3780736290014375
8131,1,7.073187303510795
8132,0,-0.26914566099675996
8133,1,4.800824977842774
8134,0,-2.7892290623757696
8135,0,0.5632794909491368
8136,1,3.1949928697610934
8137,0,1.1651397624712059
8138,0,-0.16498196909819277
8139,1,4.211195399821099
8140,1,3.505188959479168
8141,0,-0.22626457199694996
8142,0,0.08568245990269234
8143,1,3.661439723914518
8144,1,6.25796883377775
8145,0,1.1434205287327779
8146,1,9.187903446845304
8147,0,-0.3256174510531445
8148,1,6.824613073857893
8149,0,0.9034627059968312
8150,1,4.449694691300073
8151,0,-0.6479661882581617
8152,0,-0.7799893574393678
8153,0,0.5556243153929765
8154,0,-0.00492049693997581
8155,0,-0.0794876460367719
8156,1,8.59942552852884
8157,1,6.824598206625081
8158,1,5.127192281101393
8159,0,0.10361528406663012
8160,1,3.9802206517674756
8161,0,-0.6666925375397887
8162,1,5.699251232369052
8163,0,1.4157348135235122
8164,0,-0.08589226669013462
8165,1,5.940804132600893
8166,1,3.6230670554343405
8167,0,-0.9865988280638809
8168,1,3.676332394358514
8169,1,4.621089190645524
8170,1,6.806964305572552
8171,0,-0.8247746785298967
8172,0,0.07631833369233969
8173,1,5.998073308312738
8174,1,2.3675815883822104
8175,0,0.8998292528396646
8176,0,-0.8225791693246909
8177,0,-0.6907982726124278
8178,0,-0.7884871830827743
8179,0,-1.398536270478204
8180,0,0.3648317467191229
8181,0,-0.36504376547428513
8182,1,5.331616689934177
8183,1,5.248582512181196
8184,0,-0.9260860791841025
8185,0,-0.9547026915260133
8186,0,1.0595089715139767
8187,1,2.8894173782939254
8188,1,8.735457294933155
8189,1,2.0434095656211198
8190,0,-1.2898415292942513
8191,1,3.378620493734358
8192,0,-0.11104399643686044
8193,0,0.038632036573237556
8194,0,1.1410982240728422
8195,1,8.734359392575026
8196,0,0.3107552554253031
8197,1,5.1733329451132
8198,0,-0.3390802026825452
8199,0,1.0504030372688504
8200,1,8.15709358725162
8201,1,0.014791043056559872
8202,1,2.3568076476340516
8203,1,4.173131125486252
8204,1,4.188309723442135
8205,1,4.453428057847029
8206,1,9.297481681026067
8207,0,-0.9950404604945194
8208,1,8.16057591225807
8209,1,7.967023570283951
8210,0,-0.7675335147468781
8211,0,1.3123487782369103
8212,1,4.013075478542112
8213,1,5.713447329686701
8214,1,5.064398650086741
8215,1,7.8685763120389325
8216,1,0.4141384379841142
8217,0,0.21699497776526167
8218,1,2.5303156255727495
8219,0,0.16331938285353773
8220,1,6.586549730747546
8221,1,7.750745474361452
8222,1,5.66362329789872
8223,1,4.566363849935809
8224,0,-0.27510440024887256
8225,0,0.043382466239573855
8226,1,4.198985809320597
8227,1,6.948596422630654
8228,1,5.048627081692282
8229,1,4.2704533962992315
8230,1,9.006395483394154
8231,0,-0.6839601356858328
8232,0,-0.20238603068582134
8233,0,1.4772824228291033
8234,0,-1.0878548962805683
8235,0,1.844564695132169
8236,0,0.36931379701117817
8237,0,1.8018493376747053
8238,0,-0.7262464645079428
8239,0,-0.8391590983304383
8240,0,0.13919437640534033
8241,0,1.3699399542347321
8242,0,0.9772134398025157
8243,1,7.878336321130725
8244,1,2.1689904163918925
8245,0,0.1655227433155669
8246,0,-0.27457504299694885
8247,0,0.11837540307807051
8248,0,0.15957753315269185
8249,0,0.4093528782520461
8250,1,3.475382467654102
8251,0,1.0345832222655884
8252,0,1.1740706327557064
8253,1,7.800902991206007
8254,1,1.6270521288130029
8255,0,0.5796230849324544
8256,1,3.2922927091033767
8257,1,5.3557270562311015
8258,1,4.3072023869250105
8259,0,-1.1504964127225012
8260,0,0.13573445811835985
8261,0,-0.7120050643451775
8262,1,7.227681904157363
8263,0,0.9548825400301755
8264,1,1.7005014604310595
8265,1,5.011319062795242
8266,0,-0.38009714620671337
8267,0,1.680988387877265
8268,1,7.899923964855144
8269,1,5.116502590324253
8270,1,6.984934335595515
8271,0,0.7295897906443253
8272,0,-0.8590384790871455
8273,0,0.8316871618556725
8274,0,1.001022026009284
8275,1,4.701191690515214
8276,1,6.2363678819516615
8277,0,0.300540239173983
8278,1,4.19877490512102
8279,1,5.767970745991505
8280,1,5.323639364567257
8281,1,8.264656042489001
8282,1,4.5633153008727465
8283,0,0.1892256671346121
8284,0,-1.4898228271132694
8285,0,-0.6243961649629547
8286,0,0.33864231681545653
8287,0,2.4414292609237016
8288,1,5.862335715617415
8289,1,2.3765029998305582
8290,1,3.891173206115279
8291,1,2.657076066177376
8292,1,6.558257012307274
8293,1,8.035028113265465
8294,0,-0.5699509527496326
8295,0,-0.31119763316013366
8296,0,0.6710419089761899
8297,1,6.7758482935699265
8298,0,0.783403914014354
8299,0,0.06880999137861156
8300,0,1.6252534354500492
8301,0,0.6444473499713629
8302,0,-1.736643594218836
8303,1,5.894693612257633
8304,1,3.7389999383598598
8305,1,6.65032561718764
8306,0,-0.8333842068623663
8307,1,6.506506352526827
8308,0,1.0803414822672814
8309,1,8.470690579934747
8310,1,2.9334756561047532
8311,1,4.863693718607387
8312,0,0.33530393383298185
8313,0,-0.9123056348694423
8314,1,8.312663830039991
8315,1,3.577110633033549
8316,0,-0.9288063571418008
8317,1,3.7877206042001963
8318,0,0.5995580902403708
8319,1,1.9252364061331653
8320,1,4.8532155753878765
8321,1,7.628064141784929
8322,0,-0.2934538492814319
8323,0,-1.0795384046312857
8324,1,6.192598233914204
8325,0,0.7268542974517883
8326,1,3.902699085549921
8327,0,-1.0189992503994432
8328,1,5.777758390832591
8329,1,5.024761765728734
8330,1,5.440834282130726
8331,1,3.0644355217402115
8332,0,0.7464352564801142
8333,0,-0.6187685079523758
8334,1,5.74900391056829
8335,1,0.2310564413592786
8336,0,0.37402171502208176
8337,0,-0.19052462126836722
8338,0,-1.580677490919992
8339,0,-0.19826440106418683
8340,1,4.370902076046842
8341,1,4.613225379163614
8342,0,-0.7593221916834176
8343,0,-0.9977929879647661
8344,0,-0.4905337403710515
8345,1,3.60186319525282
8346,1,4.832448344854693
8347,1,6.26601120923729
8348,1,5.780161896707139
8349,1,-0.6512726797182538
8350,1,3.461320210104355
8351,1,3.4131951494376827
8352,0,0.36858306528058976
8353,1,4.712261357206234
8354,0,-0.2870577412557632
8355,1,2.7667598885063898
8356,1,5.277667718937837
8357,1,3.3252507171448764
8358,0,-0.8488971079888648
8359,0,-0.08092426976980341
8360,0,1.114803242880198
8361,1,6.621397983564691
8362,0,0.22431421906412816
8363,0,-0.0788183865643869
8364,0,-1.2876539580604651
8365,0,-0.48308376713385665
8366,1,6.950981248602721
8367,1,1.5403398365788123
8368,1,1.6940600866681153
8369,0,0.7490586936089575
8370,1,2.7894751199046053
8371,1,7.092371712957389
8372,0,1.1094185414572513
8373,0,-0.04329872323347489
8374,1,5.1116865023665445
8375,1,4.50826489570885
8376,1,9.472227799261972
8377,0,-0.4865578263827113
8378,0,1.0133583952720375
8379,0,0.5617797407304473
8380,0,-0.8347649156168787
8381,1,7.046244278337241
8382,1,9.002510937874375
8383,0,-1.6549535815618392
8384,1,4.586444915992084
8385,1,5.2982725964213975
8386,0,1.111047185479952
8387,1,7.129145491951511
8388,1,9.36294642533778
8389,1,6.876378759878563
8390,0,-1.483978240988744
8391,1,9.483761692649765
8392,0,1.4730865086916103
8393,1,9.083269511615295
8394,1,2.3167529436597754
8395,1,8.536304505032607
8396,1,6.1676505801076935
8397,1,7.0382278827242
8398,1,3.7191666002601274
8399,1,6.9116510615982385
8400,1,6.080905252812476
8401,1,4.03767433145753
8402,1,1.4364423177048948
8403,0,0.806409200935154
8404,0,-1.2119800776662035
8405,1,3.998219949536285
8406,1,6.364295230423842
8407,1,6.087707924686981
8408,1,3.97993429370785
8409,1,4.711411184804232
8410,0,-1.3520829720332124
8411,1,2.6168496824195886
8412,1,5.7431800420469346
8413,0,0.8288017359808758
8414,1,3.6865551928998803
8415,1,3.5057167934383098
8416,1,6.973418995122804
8417,1,5.881260574420754
8418,0,1.4754857268376436
8419,1,1.7364016196187837
8420,0,-1.215065638272613
8421,0,1.2901285307471602
8422,0,-0.282747256998886
8423,0,-0.520611540047666
8424,0,-2.791326936129509
8425,1,3.6936365186892353
8426,1,7.0422073282654996
8427,0,0.4316091004228354
8428,0,0.10928512472986564
8429,0,0.29460650204515165
8430,0,-0.5081243401545203
8431,0,-0.4293611989550328
8432,1,4.315341192251052
8433,1,6.879826630399176
8434,1,3.9407664216473757
8435,0,0.40210494803717267
8436,1,6.642623565129917
8437,1,4.071952446681087
8438,1,7.759868764733218
8439,0,1.268344444084987
8440,1,3.2484735503236104
8441,1,6.239776359442645
8442,0,-1.133369349035391
8443,0,-0.2444222363187409
8444,0,-2.7196517114742234
8445,0,-0.11201427240874229
8446,0,-1.2418791896026558
8447,0,0.6423053324806484
8448,1,3.303965225616186
8449,0,1.699625756320753
8450,0,-0.2598879929217423
8451,1,1.062528432839494
8452,1,2.209559916468494
8453,1,2.3436984087919486
8454,1,6.836213757153789
8455,0,-0.9866909224242117
8456,1,8.43406770225368
8457,1,4.6130931078524275
8458,1,3.751697806994434
8459,0,0.9508374511035055
8460,0,-1.013795806261052
8461,1,6.626774936578266
8462,0,0.31978740678735285
8463,1,2.1691171028519616
8464,1,4.0773094192665535
8465,1,3.8878817847439144
8466,0,-1.1507733671656433
8467,0,0.29101341732745983
8468,1,7.812007797183969
8469,1,4.518274722359556
8470,0,0.3926236444857415
8471,0,1.3722946462160976
8472,0,-0.3570941775130599
8473,0,2.5016673607049675
8474,1,8.774911929973465
8475,1,5.3733973026048565
8476,0,1.1885721206363622
8477,0,-1.0379113081029903
8478,1,6.187740752222021
8479,0,0.9441793701649671
8480,0,-0.5534009113749636
8481,0,0.7043659330588243
8482,0,0.5334340669628754
8483,0,0.6053039659850512
8484,1,4.58872710620161
8485,0,0.8240234419801089
8486,1,5.313879732999397
8487,1,5.4905617787914744
8488,1,3.185235953691401
8489,1,6.165202663210189
8490,1,5.571944954108062
8491,1,6.173071619330973
8492,0,0.2221973287921927
8493,0,-0.07699471399081785
8494,0,0.14303830908220214
8495,1,7.071621811217463
8496,0,0.7098856310494048
8497,1,5.874839625144337
8498,0,0.3812570318469532
8499,1,7.259567966562177
8500,1,2.918575275948562
8501,1,4.14554843557095
8502,1,6.889650318929716
8503,1,2.5923258209214026
8504,1,5.173811176862832
8505,0,1.0841139489010876
8506,1,8.64234854644813
8507,1,4.91785927378176
8508,1,3.5438526340067344
8509,0,-0.9823417116684233
8510,1,4.880529690631952
8511,1,6.1975051617386026
8512,1,1.8352575473251203
8513,1,3.6876940669027967
8514,0,-1.945750720742751
8515,1,3.750035982495925
8516,1,6.038235131510752
8517,0,-0.5797243121766226
8518,1,6.259535849635576
8519,0,-0.6159147850165375
8520,1,10.362191100411579
8521,0,0.1391866328756844
8522,1,7.068817795144058
8523,0,1.198091077503813
8524,0,0.5942793054265249
8525,0,-0.22072074477941483
8526,0,0.8939319976084624
8527,0,-0.5338480557426899
8528,0,-0.7139883726729188
8529,0,0.3887730848085515
8530,0,0.7145755019657631
8531,1,5.408298925093892
8532,1,7.756493071811075
8533,1,9.226228243553088
8534,1,2.941477043743808
8535,0,-0.25060443843590235
8536,0,-0.32108148057751
8537,0,-1.3733544407346179
8538,0,0.9040554360474493
8539,1,3.702549705836586
8540,1,3.371710072220822
8541,0,-1.3486166719243473
8542,1,1.6963586501305157
8543,0,-0.19626550020276493
8544,0,0.8468113213457845
8545,0,0.3586053924005787
8546,1,3.4467139609595403
8547,0,0.20985360478680087
8548,0,-0.16636521243196176
8549,0,0.9611763649531373
8550,0,0.7982079044150868
8551,0,-0.5078121628622009
8552,0,-0.9012474196429451
8553,1,8.026077346495944
8554,1,2.4147315585196636
8555,1,4.799138202834026
8556,1,6.162251415618325
8557,1,5.3990941791713745
8558,0,0.24493969303564272
8559,0,1.4868560692856148
8560,1,6.595158320752655
8561,0,-0.23608518454539415
8562,0,-0.009759066797210737
8563,1,5.253097148025628
8564,0,-1.372557657398636
8565,1,6.071245519746036
8566,1,5.779201362167013
8567,1,4.900584754399521
8568,1,5.174088266583992
8569,1,5.936581120104706
8570,0,-1.3834470137238588
8571,0,-0.6718615681835107
8572,1,7.292063439535407
8573,0,0.3294275901778809
8574,1,5.499248486648189
8575,0,-0.07588129486101887
8576,1,6.966012363190796
8577,0,0.47468977778728705
8578,0,-0.738309616855215
8579,1,3.594514124753001
8580,1,9.479315125021657
8581,0,1.2278742199089177
8582,1,7.157575387143195
8583,0,-0.5248609647193052
8584,1,3.1170015821556256
8585,0,0.7673735565155037
8586,1,6.062688098018437
8587,1,4.89269992879671
8588,0,0.4552932170347616
8589,1,7.165337780143528
8590,1,5.442569187751632
8591,1,5.05674802778932
8592,0,-0.40956331699989057
8593,1,4.650452027411103
8594,0,-1.198636504854558
8595,1,3.013755398309866
8596,1,5.098796076512578
8597,1,7.3422793411493785
8598,1,3.1782334683685614
8599,0,-1.4387321101669182
8600,0,-1.042769582133568
8601,1,4.7444978666955615
8602,1,7.083976504494009
8603,0,-0.19169921834605438
8604,1,6.623110809187731
8605,0,0.7669024333044909
8606,0,0.21115801590554584
8607,1,3.723878196669606
8608,0,0.8744317250691281
8609,0,0.21715728472392565
8610,1,4.979028827304989
8611,1,2.9117325406184635
8612,1,4.942677573376202
8613,0,-0.8702287875361524
8614,1,4.8158400906291305
8615,0,-0.09851183460062497
8616,1,3.285824007689463
8617,1,1.2067304662543603
8618,0,0.03972472312102882
8619,1,5.38080686733588
8620,1,1.6478644699968514
8621,1,5.918928148822685
8622,0,1.1851770637128318
8623,1,0.505481935105971
8624,1,6.776103601909167
8625,1,4.704578717304058
8626,0,-0.6163915371408465
8627,0,-0.6694452661926702
8628,1,1.0600859721538343
8629,1,6.037502799176684
8630,1,1.5813318853073608
8631,0,0.7748725457208735
8632,1,7.952336831201782
8633,0,-0.4640224135767601
8634,1,5.934947480206154
8635,1,3.552176299436838
8636,0,-1.1184819419692296
8637,1,2.7654662515965045
8638,1,3.955887915935641
8639,0,-1.286558149261071
8640,1,5.937864536548967
8641,0,1.287751695847943
8642,0,1.0490508249254813
8643,1,5.843279573484402
8644,0,0.0747438645629445
8645,0,0.0837300514504779
8646,0,-1.53572404782663
8647,0,-0.8811510656711163
8648,1,1.5116148237903961
8649,1,6.457088410850236
8650,0,-0.6233926692799998
8651,1,6.494721962094642
8652,1,3.552629341415137
8653,0,-0.05514684376890302
8654,0,0.24483734622419942
8655,1,6.365922182286838
8656,0,0.37822812412717527
8657,0,-0.9077031589935569
8658,1,5.77784204460053
8659,1,2.6940296479132853
8660,1,3.2804053327709495
8661,0,0.22674592767026128
8662,1,5.108465712377205
8663,0,0.4299866087884512
8664,0,1.1751260539505044
8665,0,1.4291844251735282
8666,0,1.627196081143489
8667,0,1.4726716620890634
8668,1,4.8918378068178585
8669,1,5.471863532582493
8670,1,4.006162011517002
8671,0,-0.35300291140659457
8672,0,1.6400191044616923
8673,0,-1.4814155791772887
8674,0,1.0456457667348755
8675,1,5.006737921729515
8676,0,1.5018403350695984
8677,0,-1.0598006931798025
8678,0,0.7002527554819641
8679,0,0.43037844132596254
8680,0,1.1312926007802258
8681,1,6.693918014388905
8682,1,6.300971977145101
8683,1,4.992519538600822
8684,1,5.68939181710119
8685,0,-0.24572442943390338
8686,0,-0.9849289771568407
8687,0,-0.8440485276737989
8688,0,1.0812627732382474
8689,1,3.3470394692095273
8690,1,5.417496775122112
8691,0,0.7906497802985587
8692,1,5.37425454025361
8693,1,2.5234954330562798
8694,0,0.5535590864382813
8695,0,0.26403064817344973
8696,1,6.447081232129461
8697,0,-0.7633171391207719
8698,1,6.973100652877736
8699,0,2.3662637430880147
8700,1,1.5193241194863671
8701,0,-0.8335281472222649
8702,0,0.1649000055948211
8703,1,5.93356606636394
8704,0,-0.9127691439144067
8705,1,3.245415465042239
8706,1,4.04619747391305
8707,1,6.899109012424118
8708,0,0.12056894297446134
8709,0,-0.106061681328175
8710,0,-1.5717098803254825
8711,0,0.3153560824721587
8712,0,0.7332353391041405
8713,0,-0.5425584487630501
8714,0,0.6001814603501607
8715,0,-1.6714720037037076
8716,1,3.75715661114668
8717,0,1.3057956230808538
8718,0,-0.7650963240346803
8719,1,3.2415615259789967
8720,1,5.777091953862225
8721,1,2.805640941907597
8722,0,-0.11591791275939485
8723,1,1.188816511392897
8724,0,0.5510821992026975
8725,1,5.116690867667555
8726,0,-1.5495975917365479
8727,0,-1.5064425862280102
8728,1,2.8401674780790587
8729,1,3.501802041871394
8730,0,-2.90459405748095
8731,0,0.9057930026106744
8732,1,1.4705368881647347
8733,0,-0.10313909193076003
8734,1,5.569221262244618
8735,1,7.864300794768459
8736,0,0.1369186492546866
8737,0,2.018725537790324
8738,0,-0.366310767843728
8739,1,1.842678028288843
8740,1,4.186713157255656
8741,1,3.656995387636937
8742,1,2.9457852358092476
8743,0,0.47838376111861575
8744,1,7.151694981564839
8745,1,6.830039626795625
8746,1,5.328707763923522
8747,1,4.269232050809921
8748,0,-0.6292591919788489
8749,0,1.1095075875038596
8750,1,10.010144933708242
8751,1,5.160339172415922
8752,0,-1.971237546864165
8753,1,9.281868174951441
8754,0,0.5457136909423747
8755,1,4.068848533716952
8756,0,-0.926581312767813
8757,0,0.45326449916672723
8758,1,1.4436688157795934
8759,1,2.2534579994384236
8760,1,5.1594586111735214
8761,1,5.039150452471554
8762,0,-0.4870500696103509
8763,0,0.9114089869428095
8764,0,-0.33591112579840093
8765,1,7.643474464254191
8766,1,4.63943950225193
8767,1,4.992142979720028
8768,0,1.1218641812621133
8769,1,4.9242784680538785
8770,1,4.334799921681478
8771,1,3.9650691195897547
8772,1,5.374297859912954
8773,0,-0.3338525886934664
8774,0,1.4224940365611467
8775,0,1.4068392797059075
8776,1,2.6284340638685206
8777,1,5.505858227040433
8778,0,0.9849174213186129
8779,1,1.9618622443362863
8780,1,5.690069209645797
8781,0,0.8952165841654252
8782,0,-0.21140320208455352
8783,1,5.487193936460999
8784,1,5.669621054603914
8785,1,5.9564433428657155
8786,0,-0.20475937346218706
8787,1,6.053687516717074
8788,1,4.574477638670197
8789,1,4.709680524747483
8790,0,0.9083946361245148
8791,0,0.2280011539659939
8792,0,0.6735981281410593
8793,0,-0.2876282855281657
8794,1,6.759473930755542
8795,1,3.8001108680872773
8796,0,-0.058980808865739746
8797,0,0.1989666090110801
8798,1,2.833789758407203
8799,1,4.414114589313934
8800,0,1.8126713657032212
8801,0,1.4226186361759527
8802,0,-0.34010849229961654
8803,0,1.2515428257070615
8804,1,4.958633054872726
8805,1,6.883183688263499
8806,0,-0.31260666581702007
8807,0,0.4502649001105025
8808,1,6.755923368148741
8809,1,4.973791901749855
8810,1,7.268990857620192
8811,0,0.4045790300048026
8812,0,1.3429545083571162
8813,1,7.217218254912892
8814,1,5.650978702753172
8815,0,-1.0323498259965413
8816,0,0.5676373735603631
8817,1,2.907615200039643
8818,0,-0.08805240954918102
8819,0,-0.5115991237989098
8820,1,4.223576645775394
8821,0,-0.15569752141527843
8822,1,4.7474298321167225
8823,1,4.064996319087895
8824,0,-0.5063860237648722
8825,1,3.3995900239943957
8826,1,2.9981583792386752
8827,1,5.572670210571829
8828,0,0.4211229969457017
8829,0,-0.17937103534592094
8830,1,7.703786814618301
8831,0,1.5559015220182717
8832,1,5.25337309330429
8833,1,4.244496532204875
8834,0,1.3074440611941738
8835,1,5.432277872874506
8836,0,-1.6428293033968104
8837,0,-0.5311421390705994
8838,1,3.5632717535956084
8839,1,6.119025789340774
8840,1,5.3029627366006
8841,0,-1.2077939319068194
8842,1,3.942051929726756
8843,0,0.2516668008916591
8844,0,-0.08640543901424262
8845,1,9.639842484260956
8846,1,7.038840974853447
8847,1,3.609354822039215
8848,1,0.6740901946453342
8849,1,5.024890446075187
8850,1,5.100942354012502
8851,1,4.4871841782242665
8852,1,4.649044005416572
8853,1,1.6297190802892683
8854,1,4.997464213533367
8855,0,-1.3430221417807755
8856,0,1.9120756283032863
8857,0,0.7467922416059706
8858,0,0.1559410510921452
8859,0,-1.066694837465524
8860,0,-1.2542154420488512
8861,1,6.707232502004807
8862,1,1.0461571419964484
8863,0,-2.203831509736449
8864,1,4.886424431884927
8865,1,3.1674690064310003
8866,0,0.27868016585702177
8867,1,5.525695061692336
8868,1,5.444919825255997
8869,0,-1.5305509000556516
8870,0,0.2628715972151692
8871,1,1.780163244364417
8872,0,0.5831513677235565
8873,0,0.24885679047317227
8874,1,6.194888655266888
8875,0,-1.0018319661019204
8876,1,5.862492150072856
8877,1,4.407253273337972
8878,1,8.15563567044639
8879,1,5.956685356264068
8880,0,1.5161466191169788
8881,0,1.316738830619748
8882,0,-0.8062254764590969
8883,0,-0.7352050972387963
8884,1,5.77720082762937
8885,1,7.209903465483634
8886,0,-1.1162243682971882
8887,0,-0.73246122682089
8888,1,4.692025449296662
8889,0,-0.7011191016756441
8890,0,0.3133110761168501
8891,0,-0.8707823106919246
8892,0,-0.10049227669528946
8893,1,5.709471109846039
8894,0,-0.8987695417139189
8895,0,-2.154956342815443
8896,0,-1.054104964492175
8897,1,6.2019710272924815
8898,1,1.5131091916305683
8899,1,3.7953687426747513
8900,0,1.162064770873475
8901,1,4.570433026386982
8902,1,5.272292078054817
8903,1,8.161383794185937
8904,1,4.482614296466681
8905,1,4.807957558422524
8906,1,3.241820227945304
8907,0,-0.15018875350421718
8908,0,-1.1734943688538568
8909,0,0.6242036227233925
8910,1,3.80085489817183
8911,1,2.462732497991786
8912,0,0.5725913296512958
8913,1,6.137403469417366
8914,1,5.94236252176907
8915,1,5.617824379758053
8916,0,1.33380799972559
8917,0,0.10752076047246172
8918,0,0.43638030006346357
8919,0,0.5969437762595913
8920,0,-1.093692770868508
8921,0,-0.4141573333212128
8922,0,-1.012822440937555
8923,1,5.27974873332072
8924,1,4.000537282460526
8925,0,0.8336465903448775
8926,0,1.0456581131424345
8927,1,5.024663020017784
8928,1,5.0021807042525746
8929,0,1.2097257875254812
8930,0,-1.7554139387520262
8931,0,1.5934993594234308
8932,0,-0.9417456710626719
8933,1,5.059182198223851
8934,1,7.225823705189104
8935,1,2.584077214308186
8936,0,-1.4743512219089316
8937,0,1.457263091333665
8938,1,8.884950168967602
8939,1,5.685021236396862
8940,1,8.02963677022838
8941,1,2.9114945241610686
8942,0,0.49176659152557156
8943,1,4.222794134632251
8944,1,2.7676435238994164
8945,0,0.8505676611087342
8946,1,6.057374505724031
8947,0,-0.10119629419566165
8948,1,4.764752994771183
8949,1,3.2636013903368557
8950,0,-0.438003364713767
8951,0,0.5986082405811336
8952,0,-0.277199140864239
8953,0,-0.4655724577898894
8954,0,0.5173738871043558
8955,1,1.5674890498200962
8956,1,4.341097144138073
8957,1,1.5906091431671299
8958,1,2.6509475809965317
8959,0,0.9119242337757882
8960,0,0.14628054492592266
8961,0,0.8865457899293525
8962,0,-0.7611284886694726
8963,1,4.053021375449611
8964,0,-0.35102116298425995
8965,1,1.95068649747402
8966,1,5.3738279529221895
8967,0,-0.7731866427435043
8968,1,3.9804838228080803
8969,0,-1.2672393685576744
8970,0,-0.7458617707632865
8971,0,1.1680477874446211
8972,1,4.365387667278661
8973,0,-1.00703401392052
8974,0,-0.17777649917778934
8975,0,0.4451948581043476
8976,0,0.7480717725067074
8977,1,5.004417174382813
8978,1,4.542706663708947
8979,1,7.272821689763014
8980,1,4.9507841143384965
8981,1,6.1009825448591135
8982,0,0.27280415827793875
8983,0,1.4060901155148795
8984,0,-0.6197404839850682
8985,1,5.6149416309953715
8986,0,-0.8825026367620493
8987,1,7.251564970060923
8988,1,6.19474552325548
8989,1,3.7203970432218503
8990,1,6.3836720864241645
8991,0,-0.3675234722198386
8992,0,-0.14647628359428078
8993,1,3.980203059440978
8994,1,5.563418185915806
8995,1,5.013346268549045
8996,1,5.4796849869268485
8997,1,5.207832130274942
8998,0,-1.2013036151641874
8999,0,-1.8794001952156165
9000,0,1.648516078511552
9001,0,0.251710326716788
9002,0,1.2984842745603764
9003,0,-0.24119955166777268
9004,1,7.500663160699206
9005,1,5.617588627393733
9006,0,-1.841409088228476
9007,0,-1.1556704743797945
9008,0,0.06771883853236164
9009,0,-0.46893273870327373
9010,1,1.4925642161966772
9011,1,6.292228008444337
9012,1,2.684260372343504
9013,1,6.413313704368326
9014,0,1.6189161221972037
9015,1,4.147702927057767
9016,1,8.09634226393583
9017,1,4.799109389801111
9018,1,1.5948760485459625
9019,1,1.5182091763070336
9020,1,5.353645892709544
9021,1,5.625753512756513
9022,0,-0.3847326201117637
9023,1,7.792940723266179
9024,0,2.082261610710218
9025,0,-0.444356721837083
9026,1,8.386561146997003
9027,1,6.770330970786034
9028,1,4.536259380907951
9029,0,0.21745381100980662
9030,0,-0.6647085966628337
9031,1,2.5280963407133052
9032,0,2.7395546749364326
9033,1,4.838742675107271
9034,0,0.6242652872245481
9035,0,2.065310881140617
9036,0,-0.15942710597386875
9037,1,7.570929649849642
9038,0,-1.0608274101954809
9039,1,4.859629416518152
9040,1,4.61964773241824
9041,0,1.0516366550907683
9042,0,1.0517893800111737
9043,0,0.3082182326952053
9044,0,-0.8694476323043385
9045,1,7.721922212571037
9046,0,-0.8579324066733058
9047,0,0.06636768082429297
9048,0,1.6984976494624253
9049,1,4.894442597902233
9050,1,7.74536406886887
9051,1,6.932899190364606
9052,0,-0.7518213868302134
9053,0,-0.31846268110630016
9054,1,7.074256373941811
9055,0,-1.6135803203729293
9056,1,5.9138493069021525
9057,1,4.4583284956111795
9058,1,3.7227505063087523
9059,1,7.17930901176619
9060,1,4.411542036682596
9061,1,6.8149879611848245
9062,1,0.3682839892161329
9063,0,-0.46582118761973335
9064,1,7.528802147006743
9065,1,6.368915888818552
9066,1,4.831443466616959
9067,1,4.199800679161728
9068,1,6.597678893719692
9069,0,1.2083464427246318
9070,0,0.2263091196472018
9071,1,7.05376099157591
9072,0,0.17321895172807253
9073,1,7.234404005402139
9074,1,8.830366370290637
9075,0,-0.017891567708367036
9076,1,4.897363366071263
9077,0,0.7247292935731089
9078,1,4.998932148968565
9079,1,4.809784556249327
9080,1,7.3560612195562065
9081,1,2.965477108276508
9082,0,-0.4182275803138511
9083,0,-0.20419966851338534
9084,1,4.759217371467292
9085,0,0.4803221658124537
9086,0,0.6706357401113346
9087,0,-1.3478011676382915
9088,1,3.3493707214609865
9089,0,-1.5301573999423528
9090,0,0.20473523468376623
9091,1,4.425455746466778
9092,1,5.262218895380521
9093,0,-0.4876484735990111
9094,1,7.548557914409492
9095,1,4.750863502825501
9096,0,-0.7769975893705917
9097,1,3.3993557054474155
9098,1,8.83478867327888
9099,1,2.8870691753849083
9100,1,5.114016183814196
9101,0,0.9678736867540181
9102,0,0.08853669381207734
9103,0,0.46346659981384103
9104,1,6.653098871687372
9105,1,4.0032488601903875
9106,1,5.398226863848054
9107,1,5.627409184431651
9108,0,-0.32421137113889464
9109,1,7.303153528231514
9110,1,1.0081200138369022
9111,0,-1.9018764667373003
9112,0,1.4975815364220413
9113,0,0.6015509848973533
9114,0,-1.7531499023097432
9115,1,5.657605223560209
9116,0,-2.1468641569191966
9117,0,0.2271766213640666
9118,1,4.981439986084505
9119,0,-0.2949439976218509
9120,0,1.0293235068365298
9121,1,10.746037427990288
9122,0,-1.0125066598777026
9123,0,-0.5251012472923686
9124,1,6.969324521609736
9125,1,4.7460306444086395
9126,1,6.19574745838413
9127,0,-1.4510014040119412
9128,0,-0.4380970300845718
9129,1,3.304863647318328
9130,0,-1.5394185099157218
9131,0,-0.8060180234229645
9132,1,4.123905622578267
9133,1,5.439794729227896
9134,1,5.117217052347232
9135,1,6.585639595596993
9136,1,6.922799296420186
9137,1,4.7815825765894004
9138,1,4.059645805568919
9139,0,-1.7988557034688484
9140,0,-1.7158042258110082
9141,0,-1.6532720007607373
9142,0,-0.4686013866077848
9143,1,2.448025792703866
9144,1,4.353985533577304
9145,1,2.572260898485243
9146,1,5.476659502599165
9147,0,1.220075897950161
9148,0,-0.7890375384206706
9149,1,2.3009605623469795
9150,1,4.418164688904733
9151,1,4.730965522500255
9152,0,0.652021086680677
9153,0,0.1580588376792496
9154,0,0.26213757792475884
9155,1,5.776541924332528
9156,1,1.646723408794378
9157,0,-0.7120659075330069
9158,1,4.8960287822494575
9159,1,4.525490500116831
9160,1,3.5104466724646333
9161,1,1.5718146495340761
9162,1,4.921229224723927
9163,1,4.356169766955282
9164,1,5.0891932093943675
9165,1,3.941147391183806
9166,1,5.781719935095048
9167,0,0.01216269953344263
9168,1,2.285566380285181
9169,1,5.515416228703564
9170,1,4.59657813341234
9171,0,1.1567969841453916
9172,0,0.30752005063352805
9173,0,0.13192527217589206
9174,0,-0.514400219510917
9175,1,8.156545299173436
9176,1,2.818043616422438
9177,1,4.949773124436763
9178,0,-1.0382591732140944
9179,0,-1.3647045367385289
9180,0,1.2421327654905812
9181,1,3.3192792299092186
9182,1,6.431814362937973
9183,1,5.576238785695992
9184,1,6.224386726137324
9185,1,6.044085269039921
9186,1,4.779237707458592
9187,1,4.908703368227377
9188,1,4.68652784928713
9189,1,7.199221422544248
9190,1,2.819684377745905
9191,1,2.3810163656670165
9192,1,8.227506892967842
9193,0,0.849696511589287
9194,0,-0.4208843856800942
9195,1,5.072237917243904
9196,0,-0.6336957388360016
9197,0,0.8758907002216998
9198,1,5.506882270733854
9199,1,4.749859157857044
9200,0,2.2905207152193574
9201,0,0.26339321846901637
9202,1,1.667104695239848
9203,1,2.1704647597407765
9204,1,6.9416919862789745
9205,0,0.2946385822839962
9206,0,1.908057300028623
9207,1,4.402503786505764
9208,1,2.220711375386285
9209,1,-0.3860296762161699
9210,1,4.286661468414559
9211,0,-0.4642582687467029
9212,0,-0.5934630885943978
9213,0,-0.6822941679506663
9214,0,-0.2875324602496747
9215,0,-1.0828575082575107
9216,1,5.6970113221708285
9217,0,0.22264000563782138
9218,1,3.008608443922137
9219,1,6.551963770915339
9220,1,4.443000242207454
9221,1,4.924428111913891
9222,1,1.7445910165807001
9223,1,7.664842571827858
9224,1,4.238788326140079
9225,1,2.6424040103950244
9226,1,5.025054169207619
9227,1,3.810268884827258
9228,0,1.3737633283268882
9229,1,5.012297364676867
9230,1,7.260069485319001
9231,1,5.934114991728696
9232,0,-1.021523108744352
9233,1,3.7840784385781703
9234,1,3.7140057043862473
9235,0,1.1678580075511615
9236,0,0.28800820711259184
9237,0,-1.382919156575062
9238,1,4.134017510228968
9239,0,-0.11472352215396357
9240,0,0.7448235770841833
9241,0,1.9479094064585818
9242,0,1.3029366881304933
9243,1,5.836409351477975
9244,1,7.2433539339519815
9245,1,5.557003027021308
9246,1,5.852252379818537
9247,1,6.690253649415063
9248,1,5.379236974457382
9249,0,-0.06111029577222431
9250,1,7.172429576577274
9251,0,-0.02460133735091985
9252,1,4.169261780030041
9253,0,-0.5366546659287966
9254,1,6.66240046329027
9255,1,8.02745816606967
9256,0,-0.0912812013419073
9257,1,1.7426872850480897
9258,0,-1.0902425610567217
9259,0,1.184266163738892
9260,0,0.015985093917610133
9261,0,2.647044139853454
9262,0,1.2447936268826982
9263,0,1.015701927434643
9264,0,1.5530273732369506
9265,1,4.031234352223157
9266,1,5.502022891891076
9267,0,0.4829249041942656
9268,1,6.311862025066612
9269,1,4.8580102308859825
9270,1,5.787687947888875
9271,0,-0.370114683954038
9272,0,1.477789652349052
9273,1,4.781156476342768
9274,1,4.604368393417243
9275,1,1.9666792285671941
9276,1,3.046623168124972
9277,0,0.5645354760165466
9278,0,0.6757763290017067
9279,0,0.16851588674749685
9280,0,0.3307496385268002
9281,0,-0.5039842836211302
9282,1,1.531641840292893
9283,0,-0.819671046174769
9284,1,7.5963311472067225
9285,1,7.7335275657887586
9286,1,5.977702278704698
9287,0,-1.4092402657259746
9288,0,-0.13991320443032243
9289,0,0.7174160473310411
9290,0,-1.6989874659788398
9291,0,0.211184166497929
9292,1,4.543462020613834
9293,0,-1.413824473184913
9294,0,1.0838265301543408
9295,0,-1.9281228946958056
9296,1,0.8511439293823191
9297,1,5.123391752828327
9298,0,0.8126573656726772
9299,1,2.769519086296973
9300,1,5.417109737769906
9301,1,7.823715168575335
9302,1,4.986350091928459
9303,1,4.08215500510565
9304,0,-3.459183513825099
9305,1,4.566803689204373
9306,1,6.268177473324799
9307,0,-0.34879019048969356
9308,0,3.3356326043413738
9309,0,0.4960233988092147
9310,1,3.1432877016750993
9311,0,0.9406305785694515
9312,1,2.015417634537818
9313,0,-1.033140452143459
9314,1,2.7656433953771624
9315,1,3.0053354237414265
9316,0,0.736217536013873
9317,1,3.9527583515920206
9318,0,0.8408382554393368
9319,0,-0.1848800361216806
9320,0,1.0191834996909017
9321,1,3.6293252146976034
9322,1,3.043914116959484
9323,0,-0.45401914149556355
9324,1,5.523107382029814
9325,1,5.416202316597476
9326,0,1.3336750960012962
9327,1,6.567322413817068
9328,1,4.276350879893654
9329,0,0.2083390591365827
9330,1,3.377922675331699
9331,1,5.25178548129076
9332,0,-0.7646171770607854
9333,0,0.005852455840776572
9334,0,1.8999496434977685
9335,0,-0.47289040117622666
9336,1,6.84903893072258
9337,0,-0.0969761116810472
9338,0,-1.2520576820835285
9339,1,7.094227976326055
9340,1,5.780153543884354
9341,0,0.7552542450687946
9342,1,4.832093771129728
9343,1,4.7172308638838185
9344,0,-0.3177498683429814
9345,1,3.8437272427251905
9346,1,3.5959643703206314
9347,0,1.3069780570043519
9348,1,6.217082067430911
9349,1,5.7175360505775314
9350,0,-2.2204717918520145
9351,0,-0.5618209013995293
9352,0,-0.22918551659745134
9353,1,6.694404693307946
9354,1,4.381050564680409
9355,0,0.09361180774829107
9356,0,-0.12488513540038465
9357,0,0.3961997266648357
9358,0,-0.21410932389585463
9359,0,-0.936086413196151
9360,1,5.352314348302088
9361,1,3.1180979859377334
9362,0,-1.6022684400608527
9363,0,-0.4452091397738697
9364,1,3.732120425339991
9365,0,0.45325065476788895
9366,1,5.607557232698754
9367,0,0.2911819094169333
9368,1,3.097699823154084
9369,0,-1.6424294356991633
9370,0,-1.147716070524025
9371,0,-0.13390227103834335
9372,1,3.931769982609876
9373,1,4.235442262296166
9374,1,7.229385751788202
9375,1,6.600656812071849
9376,1,5.873400067510825
9377,0,0.4618265473764397
9378,1,5.112205961720629
9379,0,-0.6833364857670311
9380,1,7.015655930077868
9381,0,-1.1730397477696748
9382,1,10.317465893664505
9383,1,8.743330046623129
9384,0,-0.46975786211045345
9385,1,6.592818515373355
9386,0,2.535212542302818
9387,1,5.573060840698266
9388,1,7.079111935068086
9389,0,-0.040634074760812246
9390,1,6.46420710297444
9391,1,4.171180229590652
9392,0,-0.38661255500408687
9393,1,-0.3041679063770468
9394,1,8.763504473763614
9395,1,4.560827904329855
9396,0,1.7139239406409281
9397,1,5.793368499785649
9398,0,0.26802472759978635
9399,1,6.232042207405584
9400,1,8.501691732248545
9401,0,0.45467026826184487
9402,0,-0.670731349988327
9403,0,0.058083515787668
9404,1,6.004105051988573
9405,1,5.7894331682973
9406,1,5.016661646682625
9407,0,0.692542981029856
9408,1,6.913127162947878
9409,1,5.55585523415165
9410,1,2.8269963179086863
9411,1,4.038087905522341
9412,1,3.679898455411846
9413,0,0.7037521661113152
9414,1,0.7495766034290376
9415,1,2.8352180561545275
9416,0,-1.360235302564531
9417,0,-0.2164204246332461
9418,1,7.740464309412022
9419,0,-0.9289762488877289
9420,1,3.3756335513236215
9421,1,5.966984391728132
9422,0,0.23822487771532155
9423,1,1.7950746116531073
9424,1,4.0840299206833155
9425,1,5.321955785298597
9426,0,-0.8184376013154451
9427,0,-0.45831996040471046
9428,0,-1.144808718554053
9429,1,1.849134474336517
9430,0,-2.771349257388045
9431,1,4.019027403574305
9432,1,6.5921138545006706
9433,0,-0.9225954247887154
9434,0,1.4001723822492715
9435,0,1.3539923877002453
9436,1,2.6699695145558935
9437,0,-0.4828947373810662
9438,1,6.135493179981033
9439,1,5.42441385042049
9440,0,-0.3407366398277313
9441,1,5.9995936544159525
9442,0,-0.7695439437816096
9443,1,3.660750286953147
9444,0,1.286813273697112
9445,1,4.945687903754096
9446,1,4.170699838645833
9447,1,5.8323268839463305
9448,1,2.475609324687239
9449,0,-1.2207682481886772
9450,0,0.744263451593181
9451,0,0.7061846483038007
9452,1,6.440672646742057
9453,0,0.9191584854653466
9454,0,0.8468438308213296
9455,1,10.371938450625583
9456,0,1.0359539451640114
9457,0,-0.26676088881480364
9458,1,4.327647818196528
9459,1,2.071449339716372
9460,1,4.172439538047527
9461,1,8.597874518277887
9462,1,5.867602810503618
9463,1,5.425219121323781
9464,1,5.469665770591194
9465,0,-2.122249701588147
9466,0,-0.9137120228927997
9467,1,3.344992643137918
9468,1,6.408444954846974
9469,1,5.162877353802469
9470,0,0.9036349018171816
9471,0,0.7671657999915105
9472,0,-0.4750739965909922
9473,0,-0.9424624319516992
9474,0,1.1549768006427354
9475,1,3.2574801585785984
9476,1,2.4912610265318085
9477,1,4.815100066691246
9478,0,-0.17512124849434504
9479,1,4.092773429687599
9480,0,0.8753549594236719
9481,1,4.405830405981161
9482,1,5.07923651022049
9483,1,5.540543499097228
9484,1,5.9079391646794175
9485,1,3.8599790548950432
9486,0,-0.27449795160577517
9487,0,-2.3702327692088265
9488,0,-1.0700352642811999
9489,1,4.093426591733811
9490,1,5.690371110984724
9491,1,4.913699638439799
9492,1,5.833930111870364
9493,1,1.812445667564901
9494,1,6.874106828926222
9495,1,5.892691637665933
9496,1,7.115930899245379
9497,0,0.5265074486168959
9498,1,4.195872155144308
9499,0,0.7568238138323352
9500,0,-0.8154275943326047
9501,0,-0.5323417246313238
9502,1,3.5481791788623953
9503,1,3.9921163524241763
9504,1,6.29113836179131
9505,1,7.766332992002487
9506,1,4.744786321017625
9507,1,4.664411005732834
9508,1,2.428293078992363
9509,0,1.368825509495859
9510,0,0.7820044651694011
9511,1,5.2557781396515555
9512,0,-0.5837991989522962
9513,1,5.385956577480265
9514,0,-0.16249502881236494
9515,0,1.1497785948030668
9516,1,2.5652231570995356
9517,1,7.6199163013163425
9518,0,-0.672173492750351
9519,1,5.584291893447155
9520,0,0.13523973563659233
9521,1,7.653346738533907
9522,1,4.953730208817158
9523,0,2.179032128148071
9524,1,7.67145601370095
9525,1,7.240779704067276
9526,1,2.966394117208421
9527,1,4.683369592895809
9528,1,3.4699242156456815
9529,1,4.657910083102115
9530,1,6.011564912590538
9531,1,3.632961676759252
9532,0,-0.25350290724934604
9533,1,5.1145857316126495
9534,1,2.6127090208453057
9535,0,0.09172984252099196
9536,0,1.943052036088031
9537,1,2.6348067319407553
9538,0,0.9415243997916452
9539,1,8.715074650322636
9540,1,4.489590782136857
9541,1,7.793391042346348
9542,0,-0.6869793439021878
9543,0,-0.2744105164044641
9544,1,6.832822492013327
9545,1,2.1895597627565517
9546,0,-1.4029288117704446
9547,1,4.942482872454527
9548,1,7.239946652159034
9549,1,4.988958230814623
9550,0,0.8917401462768184
9551,1,4.110082392729363
9552,1,5.153262984515724
9553,1,6.203226994345158
9554,0,-0.44263967581589425
9555,0,0.43768326501276594
9556,0,-0.11350779406921034
9557,0,0.6254701243801414
9558,0,0.04254921053671017
9559,1,6.760417027808577
9560,1,0.7570429981341951
9561,0,0.11570287350636348
9562,0,-2.3609848218629015
9563,0,-0.3675006939755895
9564,0,1.0471453385071907
9565,1,5.8507910246735175
9566,1,2.9641720565316922
9567,1,8.974309030029206
9568,1,9.379713226983387
9569,1,3.80578017110611
9570,0,0.48459503379551744
9571,0,0.11136607987180311
9572,1,1.4462793753469052
9573,0,0.5204391505532999
9574,0,0.4861113617220688
9575,0,-0.9009079319111222
9576,0,-1.93371935082206
9577,0,-0.5700927334017118
9578,1,5.526474722313564
9579,0,-0.4261568294602689
9580,1,3.6882873116782817
9581,1,9.271452356186447
9582,1,3.627379612890688
9583,1,4.0386400367995625
9584,1,8.535491498575407
9585,1,2.0587408522903776
9586,0,-1.4729502913325572
9587,1,6.961497910542241
9588,1,6.742765808216181
9589,1,6.947863515261037
9590,0,-1.626528066454769
9591,0,-1.716096267882564
9592,1,5.625676524703962
9593,1,5.295546056305296
9594,1,5.596651886990779
9595,1,3.1671549076869514
9596,1,4.185199854510134
9597,0,-0.5641603577899084
9598,1,4.845269050889864
9599,1,5.356454292778044
9600,1,6.908147791209988
9601,0,0.37250772867722487
9602,1,3.72403130086464
9603,0,1.1030777971383043
9604,1,4.595005556211628
9605,0,-0.014818622625229877
9606,1,6.031919531834179
9607,1,1.2395101626508191
9608,1,1.4694980308742038
9609,1,7.072532712111213
9610,1,4.812570555613519
9611,1,7.447381100170501
9612,1,6.352040785322392
9613,0,0.224793643362314
9614,1,2.659708823101377
9615,1,5.602727383494452
9616,0,0.6991762905816824
9617,0,1.407600650326826
9618,0,1.372375899484723
9619,0,-0.10978750755509242
9620,0,-0.8464196398909096
9621,1,9.338892149739145
9622,0,0.792749806028875
9623,1,5.6881439442551525
9624,0,1.5392568226115382
9625,0,1.4671894017377773
9626,1,4.257415456087517
9627,1,0.5029631374077441
9628,1,6.597186718057802
9629,0,-0.24068886625224278
9630,0,-1.3185910418262126
9631,1,6.571679977745835
9632,1,1.0313601487101836
9633,1,5.27340923114898
9634,1,4.800031887544838
9635,1,10.134879955716414
9636,0,1.0010393169828524
9637,1,6.718267503861831
9638,0,1.3322191892174924
9639,1,2.1905160614091597
9640,0,-1.0727213825647388
9641,1,6.373929236027006
9642,1,6.666632575992268
9643,1,5.715551459435593
9644,1,7.215270650740406
9645,1,5.076159895052052
9646,1,3.4867491024201804
9647,0,0.2196197787564181
9648,1,5.2170817034313925
9649,1,7.757884642318102
9650,0,-0.20829770082812515
9651,1,3.582269723996064
9652,1,6.923189059213488
9653,1,7.5114906120539615
9654,0,-0.2424991941140703
9655,0,0.4482844450334897
9656,0,1.0594398608110283
9657,0,0.28844786839122394
9658,1,6.184648880310769
9659,1,5.9193833806991885
9660,0,0.3594794681825923
9661,0,-0.010068211435027204
9662,0,0.18024767847426734
9663,0,0.02783339183027145
9664,1,3.6777558308675897
9665,1,2.5155443666442756
9666,1,7.278540941182417
9667,1,5.844027075313397
9668,1,6.943195895467947
9669,1,3.1183589616467686
9670,1,6.748597074693726
9671,0,0.07745392025664855
9672,0,-0.6051305991241807
9673,0,-0.936475055953082
9674,0,-0.6211655416673695
9675,1,5.71631885042455
9676,1,5.900033113190382
9677,1,6.477908437749738
9678,0,1.3765454767289993
9679,1,6.583006981046013
9680,0,-0.021362384673414093
9681,1,5.083997310393222
9682,0,2.116044835799268
9683,1,5.102290169186689
9684,0,0.35260321506917625
9685,1,5.1589094625814
9686,1,7.720014582682758
9687,0,1.3181180167110902
9688,0,-1.4787037667767282
9689,1,2.9023079825556466
9690,1,3.35262395779234
9691,1,3.641573223088862
9692,1,5.862848088441255
9693,1,4.984778057551954
9694,1,7.1699797811462345
9695,0,-0.15253253918781579
9696,1,2.196901535434434
9697,1,6.755175688090187
9698,1,6.965696032540266
9699,0,-0.7219621742537465
9700,1,2.3766391742147257
9701,1,5.430365862792304
9702,0,-1.5771112625781234
9703,0,0.1952302126820431
9704,1,3.268042365966628
9705,1,2.0620090952788477
9706,1,5.182673477871898
9707,1,9.095975867760707
9708,1,9.10618961159344
9709,0,-1.0953749090796563
9710,1,5.750960402527856
9711,1,6.075300576973424
9712,0,0.35095038186355937
9713,0,-0.2518704847335881
9714,0,-0.006063510354092782
9715,0,0.07859175270122219
9716,0,1.6097431375355287
9717,1,5.351272384244269
9718,0,0.5822644498307696
9719,1,2.6864518365502126
9720,0,0.7161640783773536
9721,1,6.278083770333264
9722,0,0.5395399184911667
9723,1,7.191688017759208
9724,1,6.118835637469979
9725,1,6.780509227895552
9726,0,-2.159148224975544
9727,0,-0.3008930784489777
9728,0,0.19058329039672348
9729,0,0.553411334029376
9730,1,7.686406975398301
9731,0,1.3778296423450695
9732,0,1.3509656014481026
9733,1,7.102825420783373
9734,1,6.523281978565754
9735,1,-0.13609723012638142
9736,1,1.0362496959525531
9737,0,0.370381099254385
9738,1,3.354218414638031
9739,0,-0.3517175296694843
9740,1,6.671695393317238
9741,0,-1.3364235676155343
9742,1,8.563826896320064
9743,0,0.9687779330748243
9744,1,4.114008510246668
9745,0,-0.8394746232724323
9746,0,-1.9335472825281412
9747,1,-0.5337030235247058
9748,1,9.252247913211878
9749,1,3.3450109148273373
9750,0,0.10448997845177152
9751,1,2.6899018093386036
9752,1,5.209231977100303
9753,0,-2.055043015133368
9754,1,7.317667773691752
9755,1,7.036257478208919
9756,0,0.07817576975257763
9757,1,3.799176408613339
9758,1,4.049495719318836
9759,1,7.464227135781469
9760,0,1.6198715683964988
9761,0,0.17324458626532946
9762,0,-0.6787662405860398
9763,0,1.119992631470973
9764,1,7.9766352104125335
9765,1,4.009160767458246
9766,0,0.7498743974231523
9767,1,5.513953637462538
9768,0,0.9563030087140354
9769,0,0.9256431073968789
9770,0,0.47431262966629456
9771,1,5.922409169999103
9772,1,2.4008114460019674
9773,1,3.292281967444893
9774,0,1.0461659030256054
9775,1,6.454541049081323
9776,1,6.997757647183823
9777,1,2.797210837241688
9778,0,-0.8710330742556072
9779,0,-0.20847135696961352
9780,0,0.5044248177234703
9781,1,7.877451066415496
9782,1,3.5375411259310496
9783,1,5.365777746284852
9784,1,5.873262551691604
9785,1,6.267210212151445
9786,1,2.506986967935603
9787,0,-0.21591238778012045
9788,1,6.06367884478742
9789,1,5.182608823982249
9790,0,-0.059368434290231926
9791,1,5.356980793305467
9792,1,8.520960490443205
9793,1,6.986261699126437
9794,0,-0.12503048311425657
9795,1,6.712758788239225
9796,1,4.59035010716312
9797,1,4.531263606055857
9798,1,6.444318207898016
9799,0,0.5116869213002683
9800,1,6.112266815227232
9801,1,0.3494534625242096
9802,0,-0.3982045152045468
9803,0,0.8292934144831215
9804,1,4.516329281984235
9805,1,4.95345312879922
9806,1,7.121466987188529
9807,0,1.9394687445878052
9808,1,7.7961593421935635
9809,1,4.857559291977796
9810,0,-1.5737765005394055
9811,1,6.350941019507649
9812,0,-0.6670993785421965
9813,0,0.516285618387724
9814,1,3.9025345740902866
9815,1,6.046613512647338
9816,1,5.243053646571625
9817,0,0.17657989447248815
9818,0,1.2477139318454935
9819,0,-0.004666221162323141
9820,1,7.56355207188763
9821,0,0.6781248753920602
9822,0,1.7937153624597952
9823,1,3.824881317337197
9824,0,-0.08035780192254685
9825,0,1.1150583751369578
9826,1,4.330021596217091
9827,0,0.8535823384135598
9828,1,8.170304457987237
9829,0,1.1380009447729595
9830,0,-1.0958519487228127
9831,0,-1.8184921561761156
9832,1,3.409486503610098
9833,0,0.3502050466814648
9834,1,6.236262933980064
9835,0,-0.5213067527575628
9836,0,0.4985664304182601
9837,0,0.48158941807068384
9838,1,8.33703428603513
9839,0,-1.585024275307132
9840,1,1.2645485011502298
9841,1,3.9472357791962303
9842,1,7.027776328073154
9843,0,0.42618665259884936
9844,1,2.629677027041671
9845,0,-0.3110025486685162
9846,1,8.12300878700863
9847,1,3.5245275205068616
9848,1,5.898123539541802
9849,1,4.274261390197506
9850,1,1.7813023444231666
9851,0,-0.48632616851300203
9852,0,0.1798027538598401
9853,1,6.441965463268788
9854,1,3.947066279566844
9855,1,6.641009405473437
9856,1,4.090573585577542
9857,1,1.1583311102172638
9858,1,8.669645826269278
9859,1,9.170733250451336
9860,1,3.677426350803345
9861,1,8.364032421267122
9862,1,5.227546762708222
9863,1,0.24092174524643006
9864,1,4.627477580177276
9865,1,4.593173821241191
9866,0,0.501552361205529
9867,1,3.8887191953618685
9868,0,1.4074895474600295
9869,0,0.4692567932513229
9870,0,-1.8210238838052308
9871,1,5.8297611648717345
9872,0,1.1177565323607819
9873,0,-0.7507113237930436
9874,1,6.4584476056002265
9875,1,5.032751718592122
9876,1,2.3506357460760006
9877,1,6.030465556950191
9878,1,3.172041490778906
9879,0,-0.621976056121929
9880,0,-1.8367952909997654
9881,1,2.2547879452500483
9882,1,2.890222563047853
9883,1,2.54040368416525
9884,1,3.3710610930458795
9885,0,-1.6102481555021557
9886,1,3.580247363278036
9887,1,5.740690862136908
9888,1,4.225287274242398
9889,0,1.6180655779656588
9890,1,7.082066948023492
9891,0,-0.5193070115667878
9892,1,0.5767332194377515
9893,0,-0.6555300867530721
9894,1,4.719752988722238
9895,1,5.351872007928113
9896,1,6.625057809167252
9897,1,3.7659604746739728
9898,1,2.7329460898820934
9899,1,5.463876776776821
9900,1,8.005486832448218
9901,1,2.343265154201789
9902,1,5.190183813356759
9903,0,1.3458248500995826
9904,0,-0.12691366810197427
9905,1,2.0076532853828257
9906,1,3.8859104432581955
9907,1,4.2329754031735956
9908,1,6.424876920630576
9909,1,4.440903167218205
9910,1,0.5784038380620151
9911,0,-0.7046069733755079
9912,0,-0.5206729631290659
9913,0,-3.0206210499200665
9914,0,-0.49794516827411345
9915,0,-1.313443540201179
9916,0,-0.4600617755356877
9917,1,6.335404505055918
9918,0,2.035217363715175
9919,1,5.2347708041946275
9920,1,6.72453663080069
9921,1,5.030941712480563
9922,1,4.814043480927231
9923,1,6.025579513371281
9924,0,-1.015706624121242
9925,0,-0.14053867408200035
9926,1,5.304525508520054
9927,1,4.250505316744038
9928,1,5.971193995870822
9929,0,0.7040783107928305
9930,1,6.174134468711623
9931,1,3.3134227697681142
9932,1,5.328017627512398
9933,1,7.517071582915738
9934,1,5.98333132765887
9935,1,4.982521370776259
9936,1,6.424347214200606
9937,0,0.273040098296847
9938,0,-0.9583650102834941
9939,1,3.8531276062207507
9940,1,7.448174442993635
9941,0,0.15298564191938238
9942,0,-0.2180080662618907
9943,1,6.55162659392805
9944,1,7.139064636916228
9945,0,-0.21660663747084496
9946,1,6.615068488083322
9947,1,5.42300726425475
9948,0,0.05174264497575033
9949,0,-0.780056455323432
9950,0,-0.04298754074471361
9951,1,4.76551684014272
9952,1,2.9164967292337165
9953,1,4.813652604470505
9954,0,1.6102318558582913
9955,1,0.9824117667231356
9956,0,-1.5621981534209244
9957,1,4.291018027009987
9958,0,-0.543851861948127
9959,1,3.552923301183179
9960,1,3.877794370731902
9961,0,0.6280742614560364
9962,1,3.2645652330072488
9963,0,0.723035479198031
9964,1,6.1090983957572735
9965,1,6.499752498084279
9966,1,5.365205868174169
9967,1,6.56333711592045
9968,1,6.667601750759264
9969,1,4.322952318343419
9970,1,1.5320727507161438
9971,1,8.190026810544067
9972,1,6.211455261186815
9973,1,5.103180524710161
9974,1,4.922183375991477
9975,0,0.5573189062265875
9976,0,0.11431536609995417
9977,1,4.3596996978585025
9978,1,3.8617034133954684
9979,1,2.811573634028516
9980,1,4.033535983126559
9981,1,7.161034102011427
9982,0,0.5776865954249801
9983,1,4.880939594551055
9984,1,2.6803208637791975
9985,0,-0.04272196585368724
9986,0,-0.9154461237222773
9987,1,6.773206809950183
9988,0,-1.070794772943041
9989,0,1.3476412698697016
9990,0,1.0329811662097612
9991,1,2.7108097408741396
9992,0,-0.039743039238760054
9993,0,-2.030881051176991
9994,1,3.772008469102386
9995,0,-0.29548248219629436
9996,1,3.827491980773088
9997,0,0.43759295949716437
9998,1,6.890223194697881
9999,0,-0.13689785023340398
