date,window,risk_score,initial_high_risk_group
1990-01-02,10,0.5340189873417721,0
1990-01-03,10,0.4489715189873418,0
1990-01-04,10,0.2274525316455696,0
1990-01-05,10,0.29193037974683544,0
1990-01-08,10,0.4020965189873418,0
1990-01-09,10,0.40625,0
1990-01-10,10,0.6060126582278481,0
1990-01-11,10,0.6611946202531646,0
1990-01-12,10,0.6776107594936709,0
1990-01-15,10,0.8933939873417722,1
1990-01-16,10,0.8997231012658229,1
1990-01-17,10,0.8769778481012658,1
1990-01-18,10,0.8823180379746836,1
1990-01-19,10,0.8809335443037976,1
1990-01-22,10,0.8708465189873418,1
1990-01-23,10,0.932753164556962,1
1990-01-24,10,0.9329509493670887,1
1990-01-25,10,0.9299841772151898,1
1990-01-26,10,0.9349287974683544,1
1990-01-29,10,0.8769778481012658,1
1990-01-30,10,0.8668908227848102,1
1990-01-31,10,0.8425632911392404,1
1990-02-01,10,0.870253164556962,1
1990-02-02,10,0.8771756329113924,1
1990-02-05,10,0.872626582278481,1
1990-02-06,10,0.5856408227848101,0
1990-02-07,10,0.6847310126582278,0
1990-02-08,10,0.5717958860759493,0
1990-02-09,10,0.4285996835443038,0
1990-02-12,10,0.4068433544303797,0
1990-02-13,10,0.5211629746835442,0
1990-02-14,10,0.4272151898734177,0
1990-02-15,10,0.42681962025316456,0
1990-02-16,10,0.36867088607594933,0
1990-02-20,10,0.4984177215189874,0
1990-02-21,10,0.7143987341772152,1
1990-02-22,10,0.6653481012658229,0
1990-02-23,10,0.6811708860759493,0
1990-02-26,10,0.6894778481012659,0
1990-02-27,10,0.7385284810126582,1
1990-02-28,10,0.611748417721519,0
1990-03-01,10,0.5973101265822784,0
1990-03-02,10,0.6006724683544304,0
1990-03-05,10,0.6008702531645569,0
1990-03-06,10,0.5844541139240507,0
1990-03-07,10,0.3190268987341772,0
1990-03-08,10,0.3403876582278481,0
1990-03-09,10,0.2662183544303797,0
1990-03-12,10,0.2909414556962025,0
1990-03-13,10,0.26839398734177217,0
1990-03-14,10,0.4020965189873418,0
1990-03-15,10,0.41712816455696206,0
1990-03-16,10,0.41079905063291133,0
1990-03-19,10,0.40822784810126583,0
1990-03-20,10,0.31843354430379744,0
1990-03-21,10,0.42563291139240506,0
1990-03-22,10,0.464003164556962,0
1990-03-23,10,0.6517009493670887,0
1990-03-26,10,0.5731803797468354,0
1990-03-27,10,0.5783227848101266,0
1990-03-28,10,0.42385284810126583,0
1990-03-29,10,0.4323575949367089,0
1990-03-30,10,0.5053401898734178,0
1990-04-02,10,0.5684335443037974,0
1990-04-03,10,0.6020569620253164,0
1990-04-04,10,0.540743670886076,0
1990-04-05,10,0.5688291139240507,0
1990-04-06,10,0.40031645569620256,0
1990-04-09,10,0.4582674050632911,0
1990-04-10,10,0.4363132911392405,0
1990-04-11,10,0.4630142405063291,0
1990-04-12,10,0.48041930379746833,0
1990-04-16,10,0.3935917721518988,0
1990-04-17,10,0.35324367088607594,0
1990-04-18,10,0.310126582278481,0
1990-04-19,10,0.5021756329113924,0
1990-04-20,10,0.5071202531645569,0
1990-04-23,10,0.5836629746835443,0
1990-04-24,10,0.6774129746835443,0
1990-04-25,10,0.6661392405063291,0
1990-04-26,10,0.6817642405063291,0
1990-04-27,10,0.6865110759493671,0
1990-04-30,10,0.6886867088607596,0
1990-05-01,10,0.7151898734177216,1
1990-05-02,10,0.7373417721518988,1
1990-05-03,10,0.6930379746835442,1
1990-05-04,10,0.6271756329113924,0
1990-05-07,10,0.4705300632911393,0
1990-05-08,10,0.23615506329113922,0
1990-05-09,10,0.1914556962025316,0
1990-05-10,10,0.1973892405063291,0
1990-05-11,10,0.1965981012658228,0
1990-05-14,10,0.18809335443037975,0
1990-05-15,10,0.1855221518987342,0
1990-05-16,10,0.22171677215189875,0
1990-05-17,10,0.2505933544303798,0
1990-05-18,10,0.2590981012658228,0
1990-05-21,10,0.2776898734177215,0
1990-05-22,10,0.2806566455696202,0
1990-05-23,10,0.2941060126582279,0
1990-05-24,10,0.294501582278481,0
1990-05-25,10,0.3188291139240506,0
1990-05-29,10,0.38330696202531644,0
1990-05-30,10,0.412381329113924,0
1990-05-31,10,0.3924050632911392,0
1990-06-01,10,0.3769778481012658,0
1990-06-04,10,0.35561708860759494,0
1990-06-05,10,0.3322784810126583,0
1990-06-06,10,0.3791534810126582,0
1990-06-07,10,0.43473101265822783,0
1990-06-08,10,0.5158227848101267,0
1990-06-11,10,0.6560522151898734,0
1990-06-12,10,0.4624208860759494,0
1990-06-13,10,0.45530063291139244,0
1990-06-14,10,0.5023734177215189,0
1990-06-15,10,0.5810917721518988,0
1990-06-18,10,0.6194620253164557,0
1990-06-19,10,0.7869857594936709,1
1990-06-20,10,0.7816455696202531,1
1990-06-21,10,0.7592958860759493,1
1990-06-22,10,0.7136075949367089,1
1990-06-25,10,0.7363528481012658,1
1990-06-26,10,0.7978639240506329,1
1990-06-27,10,0.7323971518987342,1
1990-06-28,10,0.7685917721518987,1
1990-06-29,10,0.7420886075949367,1
1990-07-02,10,0.739121835443038,1
1990-07-03,10,0.4814082278481013,0
1990-07-05,10,0.4972310126582279,0
1990-07-06,10,0.6758306962025317,0
1990-07-09,10,0.6710838607594937,0
1990-07-10,10,0.43196202531645567,0
1990-07-11,10,0.42563291139240506,0
1990-07-12,10,0.3779667721518987,0
1990-07-13,10,0.37658227848101267,0
1990-07-16,10,0.38132911392405067,0
1990-07-17,10,0.3615506329113924,0
1990-07-18,10,0.42662183544303794,0
1990-07-19,10,0.5508306962025317,0
1990-07-20,10,0.36214398734177217,0
1990-07-23,10,0.5427215189873418,0
1990-07-24,10,0.7822389240506329,1
1990-07-25,10,0.705498417721519,1
1990-07-26,10,0.7294303797468354,1
1990-07-27,10,0.7246835443037976,1
1990-07-30,10,0.721123417721519,1
1990-07-31,10,0.7339794303797469,1
1990-08-01,10,0.7345727848101266,1
1990-08-02,10,0.6991693037974683,1
1990-08-03,10,0.7434731012658228,1
1990-08-06,10,0.8174446202531646,1
1990-08-07,10,0.9106012658227849,1
1990-08-08,10,0.9106012658227849,1
1990-08-09,10,0.9272151898734178,1
1990-08-10,10,0.9309731012658228,1
1990-08-13,10,0.9404667721518988,1
1990-08-14,10,0.9448180379746836,1
1990-08-15,10,0.9448180379746836,1
1990-08-16,10,0.9442246835443038,1
1990-08-17,10,0.9677610759493671,1
1990-08-20,10,0.959256329113924,1
1990-08-21,10,0.8275316455696202,1
1990-08-22,10,0.9181170886075949,1
1990-08-23,10,0.9216772151898733,1
1990-08-24,10,0.955498417721519,1
1990-08-27,10,0.9790348101265822,1
1990-08-28,10,0.9814082278481013,1
1990-08-29,10,0.9833860759493671,1
1990-08-30,10,0.978243670886076,1
1990-08-31,10,0.9715189873417722,1
1990-09-04,10,0.9074367088607596,1
1990-09-05,10,0.9090189873417722,1
1990-09-06,10,0.7290348101265822,1
1990-09-07,10,0.6815664556962026,0
1990-09-10,10,0.48575949367088606,0
1990-09-11,10,0.5261075949367089,0
1990-09-12,10,0.6825553797468354,0
1990-09-13,10,0.6390427215189873,0
1990-09-14,10,0.792128164556962,1
1990-09-17,10,0.6698971518987341,0
1990-09-18,10,0.6588212025316456,0
1990-09-19,10,0.6574367088607596,0
1990-09-20,10,0.6900712025316456,0
1990-09-21,10,0.7454509493670887,1
1990-09-24,10,0.693631329113924,1
1990-09-25,10,0.8297072784810127,1
1990-09-26,10,0.8714398734177216,1
1990-09-27,10,0.8771756329113924,1
1990-09-28,10,0.8819224683544304,1
1990-10-01,10,0.912381329113924,1
1990-10-02,10,0.8639240506329113,1
1990-10-03,10,0.8738132911392404,1
1990-10-04,10,0.9026898734177216,1
1990-10-05,10,0.7543512658227849,1
1990-10-08,10,0.7867879746835443,1
1990-10-09,10,0.5405458860759493,0
1990-10-10,10,0.8722310126582279,1
1990-10-11,10,0.8975474683544304,1
1990-10-12,10,0.9137658227848102,1
1990-10-15,10,0.9173259493670887,1
1990-10-16,10,0.9394778481012658,1
1990-10-17,10,0.9580696202531646,1
1990-10-18,10,0.9464003164556962,1
1990-10-19,10,0.9262262658227848,1
1990-10-22,10,0.7687895569620253,1
1990-10-23,10,0.7602848101265822,1
1990-10-24,10,0.5892009493670887,0
1990-10-25,10,0.5122626582278481,0
1990-10-26,10,0.4764636075949367,0
1990-10-29,10,0.635878164556962,0
1990-10-30,10,0.8168512658227848,1
1990-10-31,10,0.6101661392405063,0
1990-11-01,10,0.6077927215189873,0
1990-11-02,10,0.6857199367088608,0
1990-11-05,10,0.7207278481012658,1
1990-11-06,10,0.709256329113924,1
1990-11-07,10,0.7310126582278481,1
1990-11-08,10,0.8660996835443038,1
1990-11-09,10,0.8030063291139241,1
1990-11-12,10,0.5045490506329113,0
1990-11-13,10,0.4456091772151899,0
1990-11-14,10,0.4792325949367089,0
1990-11-15,10,0.4634098101265823,0
1990-11-16,10,0.5187895569620253,0
1990-11-19,10,0.6004746835443038,0
1990-11-20,10,0.6135284810126582,0
1990-11-21,10,0.6473496835443038,0
1990-11-23,10,0.46439873417721517,0
1990-11-26,10,0.510878164556962,0
1990-11-27,10,0.5844541139240507,0
1990-11-28,10,0.6020569620253164,0
1990-11-29,10,0.540743670886076,0
1990-11-30,10,0.6068037974683544,0
1990-12-03,10,0.4594541139240506,0
1990-12-04,10,0.4220727848101266,0
1990-12-05,10,0.4220727848101266,0
1990-12-06,10,0.24742879746835444,0
1990-12-07,10,0.27749208860759494,0
1990-12-10,10,0.2893591772151899,0
1990-12-11,10,0.2915348101265823,0
1990-12-12,10,0.385878164556962,0
1990-12-13,10,0.36155063291139244,0
1990-12-14,10,0.3415743670886076,0
1990-12-17,10,0.42286392405063294,0
1990-12-18,10,0.49446202531645567,0
1990-12-19,10,0.48397943037974683,0
1990-12-20,10,0.5357990506329113,0
1990-12-21,10,0.5096914556962026,0
1990-12-24,10,0.42325949367088606,0
1990-12-26,10,0.5237341772151899,0
1990-12-27,10,0.39556962025316456,0
1990-12-28,10,0.5375791139240507,0
1990-12-31,10,0.5071202531645569,0
1991-01-02,10,0.361748417721519,0
1991-01-03,10,0.5257120253164558,0
1991-01-04,10,0.6683148734177216,0
1991-01-07,10,0.673259493670886,0
1991-01-08,10,0.7753164556962026,1
1991-01-09,10,0.7509889240506329,1
1991-01-10,10,0.7658227848101267,1
1991-01-11,10,0.8178401898734178,1
1991-01-14,10,0.8202136075949367,1
1991-01-15,10,0.8241693037974684,1
1991-01-16,10,0.8210047468354431,1
1991-01-17,10,0.8229825949367089,1
1991-01-18,10,0.6172863924050633,0
1991-01-21,10,0.5344145569620253,0
1991-01-22,10,0.4897151898734177,0
1991-01-23,10,0.5067246835443038,0
1991-01-24,10,0.4657832278481013,0
1991-01-25,10,0.46598101265822783,0
1991-01-28,10,0.4634098101265823,0
1991-01-29,10,0.4444224683544304,0
1991-01-30,10,0.45174050632911394,0
1991-01-31,10,0.4543117088607595,0
1991-02-01,10,0.3142800632911392,0
1991-02-04,10,0.3334651898734177,0
1991-02-05,10,0.31764240506329117,0
1991-02-06,10,0.21677215189873417,0
1991-02-07,10,0.27768987341772156,0
1991-02-08,10,0.31863132911392406,0
1991-02-11,10,0.3146756329113924,0
1991-02-12,10,0.372626582278481,0
1991-02-13,10,0.40545886075949367,0
1991-02-14,10,0.401503164556962,0
1991-02-15,10,0.45688291139240506,0
1991-02-19,10,0.4432357594936709,0
1991-02-20,10,0.44580696202531644,0
1991-02-21,10,0.5003955696202531,0
1991-02-22,10,0.571993670886076,0
1991-02-25,10,0.5261075949367089,0
1991-02-26,10,0.5417325949367089,0
1991-02-27,10,0.7709651898734178,1
1991-02-28,10,0.6370648734177216,0
1991-03-01,10,0.7215189873417721,1
1991-03-04,10,0.49564873417721517,0
1991-03-05,10,0.5973101265822784,0
1991-03-06,10,0.521756329113924,0
1991-03-07,10,0.4230617088607595,0
1991-03-08,10,0.4254351265822785,0
1991-03-11,10,0.4572784810126583,0
1991-03-12,10,0.5352056962025317,0
1991-03-13,10,0.4798259493670886,0
1991-03-14,10,0.47943037974683544,0
1991-03-15,10,0.4903085443037975,0
1991-03-18,10,0.5547863924050633,0
1991-03-19,10,0.5664556962025316,0
1991-03-20,10,0.680379746835443,0
1991-03-21,10,0.6797863924050633,0
1991-03-22,10,0.6906645569620253,0
1991-03-25,10,0.6831487341772152,0
1991-03-26,10,0.6455696202531644,0
1991-03-27,10,0.5029667721518987,0
1991-03-28,10,0.6016613924050633,0
1991-04-01,10,0.5749604430379747,0
1991-04-02,10,0.7047072784810127,1
1991-04-03,10,0.5452927215189873,0
1991-04-04,10,0.43097310126582283,0
1991-04-05,10,0.4357199367088608,0
1991-04-08,10,0.5053401898734178,0
1991-04-09,10,0.47349683544303794,0
1991-04-10,10,0.6418117088607596,0
1991-04-11,10,0.7683939873417722,1
1991-04-12,10,0.6619857594936709,0
1991-04-15,10,0.5939477848101267,0
1991-04-16,10,0.489121835443038,0
1991-04-17,10,0.4910996835443038,0
1991-04-18,10,0.4396756329113924,0
1991-04-19,10,0.4940664556962025,0
1991-04-22,10,0.4885284810126583,0
1991-04-23,10,0.6402294303797469,0
1991-04-24,10,0.4576740506329114,0
1991-04-25,10,0.4319620253164557,0
1991-04-26,10,0.6058148734177216,0
1991-04-29,10,0.6645569620253164,0
1991-04-30,10,0.7948971518987342,1
1991-05-01,10,0.7240901898734178,1
1991-05-02,10,0.7711629746835442,1
1991-05-03,10,0.752373417721519,1
1991-05-06,10,0.6613924050632911,0
1991-05-07,10,0.592365506329114,0
1991-05-08,10,0.669501582278481,0
1991-05-09,10,0.6677215189873418,0
1991-05-10,10,0.5130537974683544,0
1991-05-13,10,0.7715585443037974,1
1991-05-14,10,0.5965189873417722,0
1991-05-15,10,0.776503164556962,1
1991-05-16,10,0.8215981012658228,1
1991-05-17,10,0.8243670886075949,1
1991-05-20,10,0.8249604430379747,1
1991-05-21,10,0.8202136075949367,1
1991-05-22,10,0.7450553797468354,1
1991-05-23,10,0.7519778481012658,1
1991-05-24,10,0.7958860759493671,1
1991-05-28,10,0.5215585443037974,0
1991-05-29,10,0.48160601265822783,0
1991-05-30,10,0.2543512658227848,0
1991-05-31,10,0.145371835443038,0
1991-06-03,10,0.14082278481012656,0
1991-06-04,10,0.18888449367088606,0
1991-06-05,10,0.1932357594936709,0
1991-06-06,10,0.2950949367088608,0
1991-06-07,10,0.3538370253164557,0
1991-06-10,10,0.4780458860759494,0
1991-06-11,10,0.5532041139240507,0
1991-06-12,10,0.5589398734177214,0
1991-06-13,10,0.6908623417721519,0
1991-06-14,10,0.6552610759493671,0
1991-06-17,10,0.6942246835443038,1
1991-06-18,10,0.7013449367088608,1
1991-06-19,10,0.7122231012658228,1
1991-06-20,10,0.7314082278481013,1
1991-06-21,10,0.7189477848101267,1
1991-06-24,10,0.6143196202531646,0
1991-06-25,10,0.7937104430379747,1
1991-06-26,10,0.8000395569620253,1
1991-06-27,10,0.7244857594936709,1
1991-06-28,10,0.7145965189873418,1
1991-07-01,10,0.7462420886075949,1
1991-07-02,10,0.7446598101265822,1
1991-07-03,10,0.720134493670886,1
1991-07-05,10,0.7381329113924051,1
1991-07-08,10,0.7306170886075949,1
1991-07-09,10,0.7045094936708861,1
1991-07-10,10,0.5144382911392404,0
1991-07-11,10,0.5183939873417722,0
1991-07-12,10,0.5120648734177216,0
1991-07-15,10,0.5073180379746836,0
1991-07-16,10,0.37658227848101267,0
1991-07-17,10,0.41594145569620256,0
1991-07-18,10,0.4119857594936709,0
1991-07-19,10,0.20075158227848103,0
1991-07-22,10,0.2505933544303798,0
1991-07-23,10,0.3214003164556962,0
1991-07-24,10,0.40625,0
1991-07-25,10,0.4212816455696203,0
1991-07-26,10,0.40348101265822783,0
1991-07-29,10,0.4489715189873418,0
1991-07-30,10,0.44758702531645567,0
1991-07-31,10,0.3767800632911392,0
1991-08-01,10,0.3425632911392405,0
1991-08-02,10,0.4044699367088608,0
1991-08-05,10,0.36946202531645567,0
1991-08-06,10,0.397745253164557,0
1991-08-07,10,0.2444620253164557,0
1991-08-08,10,0.22527689873417722,0
1991-08-09,10,0.2903481012658228,0
1991-08-12,10,0.3637262658227848,0
1991-08-13,10,0.3817246835443038,0
1991-08-14,10,0.40071202531645567,0
1991-08-15,10,0.4139636075949368,0
1991-08-16,10,0.4104034810126582,0
1991-08-19,10,0.5551819620253164,0
1991-08-20,10,0.8198180379746836,1
1991-08-21,10,0.799248417721519,1
1991-08-22,10,0.7711629746835443,1
1991-08-23,10,0.7209256329113924,1
1991-08-26,10,0.6052215189873418,0
1991-08-27,10,0.6313291139240507,0
1991-08-28,10,0.6880933544303798,0
1991-08-29,10,0.6166930379746836,0
1991-08-30,10,0.6097705696202531,0
1991-09-03,10,0.553006329113924,0
1991-09-04,10,0.42899525316455694,0
1991-09-05,10,0.4821993670886076,0
1991-09-06,10,0.4677610759493671,0
1991-09-09,10,0.4770569620253165,0
1991-09-10,10,0.479628164556962,0
1991-09-11,10,0.5668512658227849,0
1991-09-12,10,0.5644778481012659,0
1991-09-13,10,0.5340189873417721,0
1991-09-16,10,0.5872231012658228,0
1991-09-17,10,0.6153085443037974,0
1991-09-18,10,0.5599287974683544,0
1991-09-19,10,0.5134493670886076,0
1991-09-20,10,0.4901107594936709,0
1991-09-23,10,0.4833860759493671,0
1991-09-24,10,0.5259098101265822,0
1991-09-25,10,0.34098101265822783,0
1991-09-26,10,0.37757120253164556,0
1991-09-27,10,0.4177215189873418,0
1991-09-30,10,0.27294303797468356,0
1991-10-01,10,0.2737341772151899,0
1991-10-02,10,0.2377373417721519,0
1991-10-03,10,0.2939082278481013,0
1991-10-04,10,0.45114715189873417,0
1991-10-07,10,0.5354034810126582,0
1991-10-08,10,0.5310522151898734,0
1991-10-09,10,0.5259098101265823,0
1991-10-10,10,0.5949367088607596,0
1991-10-11,10,0.6356803797468354,0
1991-10-14,10,0.625,0
1991-10-15,10,0.6384493670886076,0
1991-10-16,10,0.6066060126582278,0
1991-10-17,10,0.5409414556962026,0
1991-10-18,10,0.44066455696202533,0
1991-10-21,10,0.33188291139240506,0
1991-10-22,10,0.35561708860759494,0
1991-10-23,10,0.43235759493670883,0
1991-10-24,10,0.3002373417721519,0
1991-10-25,10,0.4361155063291139,0
1991-10-28,10,0.4877373417721519,0
1991-10-29,10,0.49169303797468356,0
1991-10-30,10,0.49643987341772156,0
1991-10-31,10,0.501384493670886,0
1991-11-01,10,0.4897151898734177,0
1991-11-04,10,0.53125,0
1991-11-05,10,0.48121044303797467,0
1991-11-06,10,0.45569620253164556,0
1991-11-07,10,0.43196202531645567,0
1991-11-08,10,0.2822389240506329,0
1991-11-11,10,0.28085443037974683,0
1991-11-12,10,0.2903481012658228,0
1991-11-13,10,0.2879746835443038,0
1991-11-14,10,0.30181962025316456,0
1991-11-15,10,0.2933148734177215,0
1991-11-18,10,0.8945806962025317,1
1991-11-19,10,0.8621439873417722,1
1991-11-20,10,0.9169303797468354,1
1991-11-21,10,0.931368670886076,1
1991-11-22,10,0.935126582278481,1
1991-11-25,10,0.9471914556962024,1
1991-11-26,10,0.9479825949367089,1
1991-11-27,10,0.9467958860759493,1
1991-11-29,10,0.9465981012658228,1
1991-12-02,10,0.9475870253164557,1
1991-12-03,10,0.6886867088607594,0
1991-12-04,10,0.7252768987341772,1
1991-12-05,10,0.546875,0
1991-12-06,10,0.6081882911392404,0
1991-12-09,10,0.6081882911392404,0
1991-12-10,10,0.4816060126582279,0
1991-12-11,10,0.47132120253164556,0
1991-12-12,10,0.5150316455696202,0
1991-12-13,10,0.42147943037974683,0
1991-12-16,10,0.3399920886075949,0
1991-12-17,10,0.35304588607594933,0
1991-12-18,10,0.39537183544303794,0
1991-12-19,10,0.35106803797468356,0
1991-12-20,10,0.2713607594936709,0
1991-12-23,10,0.2747231012658228,0
1991-12-24,10,0.3714398734177215,0
1991-12-26,10,0.34750791139240506,0
1991-12-27,10,0.34058544303797467,0
1991-12-30,10,0.3419699367088608,0
1991-12-31,10,0.38390031645569617,0
1992-01-02,10,0.37183544303797467,0
1992-01-03,10,0.3500791139240506,0
1992-01-06,10,0.33880537974683544,0
1992-01-07,10,0.3455300632911392,0
1992-01-08,10,0.3668908227848101,0
1992-01-09,10,0.272745253164557,0
1992-01-10,10,0.30063291139240506,0
1992-01-13,10,0.36273734177215194,0
1992-01-14,10,0.40526107594936706,0
1992-01-15,10,0.34454113924050633,0
1992-01-16,10,0.3740110759493671,0
1992-01-17,10,0.46024525316455694,0
1992-01-20,10,0.4823971518987342,0
1992-01-21,10,0.519382911392405,0
1992-01-22,10,0.6071993670886076,0
1992-01-23,10,0.6038370253164558,0
1992-01-24,10,0.6774129746835443,0
1992-01-27,10,0.6042325949367089,0
1992-01-28,10,0.5969145569620253,0
1992-01-29,10,0.5996835443037974,0
1992-01-30,10,0.6892800632911392,0
1992-01-31,10,0.6568433544303798,0
1992-02-03,10,0.6981803797468354,1
1992-02-04,10,0.6669303797468354,0
1992-02-05,10,0.5567642405063291,0
1992-02-06,10,0.5690268987341772,0
1992-02-07,10,0.4883306962025316,0
1992-02-10,10,0.5607199367088608,0
1992-02-11,10,0.5375791139240507,0
1992-02-12,10,0.5371835443037974,0
1992-02-13,10,0.31032436708860756,0
1992-02-14,10,0.461629746835443,0
1992-02-18,10,0.4011075949367089,0
1992-02-19,10,0.6115506329113924,0
1992-02-20,10,0.5990901898734178,0
1992-02-21,10,0.6000791139240507,0
1992-02-24,10,0.6600079113924051,0
1992-02-25,10,0.5708069620253164,0
1992-02-26,10,0.6499208860759493,0
1992-02-27,10,0.6038370253164558,0
1992-02-28,10,0.6829509493670887,0
1992-03-02,10,0.6230221518987342,0
1992-03-03,10,0.5992879746835443,0
1992-03-04,10,0.39517405063291133,0
1992-03-05,10,0.5381724683544304,0
1992-03-06,10,0.5856408227848101,0
1992-03-09,10,0.5775316455696202,0
1992-03-10,10,0.5777294303797469,0
1992-03-11,10,0.5464794303797469,0
1992-03-12,10,0.517998417721519,0
1992-03-13,10,0.5110759493670887,0
1992-03-16,10,0.5168117088607594,0
1992-03-17,10,0.5144382911392404,0
1992-03-18,10,0.5223496835443038,0
1992-03-19,10,0.4262262658227848,0
1992-03-20,10,0.30854430379746833,0
1992-03-23,10,0.19956487341772153,0
1992-03-24,10,0.26364715189873417,0
1992-03-25,10,0.32733386075949367,0
1992-03-26,10,0.2614715189873418,0
1992-03-27,10,0.247626582278481,0
1992-03-30,10,0.4628164556962025,0
1992-03-31,10,0.475870253164557,0
1992-04-01,10,0.45292721518987344,0
1992-04-02,10,0.450751582278481,0
1992-04-03,10,0.5282832278481013,0
1992-04-06,10,0.5221518987341772,0
1992-04-07,10,0.5567642405063291,0
1992-04-08,10,0.7571202531645569,1
1992-04-09,10,0.7857990506329113,1
1992-04-10,10,0.8111155063291139,1
1992-04-13,10,0.6787974683544304,0
1992-04-14,10,0.6307357594936709,0
1992-04-15,10,0.5334256329113924,0
1992-04-16,10,0.49109968354430383,0
1992-04-20,10,0.44956487341772156,0
1992-04-21,10,0.557753164556962,0
1992-04-22,10,0.6279667721518987,0
1992-04-23,10,0.44916930379746833,0
1992-04-24,10,0.37460443037974683,0
1992-04-27,10,0.4471914556962025,0
1992-04-28,10,0.5130537974683544,0
1992-04-29,10,0.5377768987341772,0
1992-04-30,10,0.5334256329113924,0
1992-05-01,10,0.5316455696202531,0
1992-05-04,10,0.5850474683544303,0
1992-05-05,10,0.303006329113924,0
1992-05-06,10,0.30755537974683544,0
1992-05-07,10,0.2956882911392405,0
1992-05-08,10,0.35581487341772156,0
1992-05-11,10,0.2620648734177215,0
1992-05-12,10,0.21439873417721522,0
1992-05-13,10,0.2923259493670886,0
1992-05-14,10,0.3334651898734177,0
1992-05-15,10,0.48536392405063294,0
1992-05-18,10,0.5090981012658228,0
1992-05-19,10,0.48694620253164556,0
1992-05-20,10,0.47705696202531644,0
1992-05-21,10,0.49960443037974683,0
1992-05-22,10,0.5492484177215189,0
1992-05-26,10,0.5393591772151899,0
1992-05-27,10,0.5957278481012659,0
1992-05-28,10,0.5585443037974683,0
1992-05-29,10,0.5470727848101266,0
1992-06-01,10,0.47507911392405067,0
1992-06-02,10,0.33247626582278483,0
1992-06-03,10,0.5154272151898734,0
1992-06-04,10,0.5302610759493671,0
1992-06-05,10,0.5389636075949367,0
1992-06-08,10,0.4509493670886076,0
1992-06-09,10,0.47903481012658233,0
1992-06-10,10,0.5081091772151898,0
1992-06-11,10,0.5846518987341772,0
1992-06-12,10,0.5385680379746836,0
1992-06-15,10,0.5193829113924051,0
1992-06-16,10,0.5136471518987341,0
1992-06-17,10,0.457871835443038,0
1992-06-18,10,0.6204509493670887,0
1992-06-19,10,0.6208465189873418,0
1992-06-22,10,0.6471518987341772,0
1992-06-23,10,0.6479430379746836,0
1992-06-24,10,0.5963212025316456,0
1992-06-25,10,0.5439082278481012,0
1992-06-26,10,0.556368670886076,0
1992-06-29,10,0.5569620253164557,0
1992-06-30,10,0.5979034810126582,0
1992-07-01,10,0.5632911392405062,0
1992-07-02,10,0.25830696202531644,0
1992-07-06,10,0.25079113924050633,0
1992-07-07,10,0.2527689873417721,0
1992-07-08,10,0.42345727848101267,0
1992-07-09,10,0.41554588607594933,0
1992-07-10,10,0.367879746835443,0
1992-07-13,10,0.34612341772151894,0
1992-07-14,10,0.3473101265822785,0
1992-07-15,10,0.3350474683544304,0
1992-07-16,10,0.32891613924050633,0
1992-07-17,10,0.35621044303797467,0
1992-07-20,10,0.388251582278481,0
1992-07-21,10,0.47943037974683544,0
1992-07-22,10,0.275118670886076,0
1992-07-23,10,0.40625,0
1992-07-24,10,0.39695411392405067,0
1992-07-27,10,0.408623417721519,0
1992-07-28,10,0.4127768987341772,0
1992-07-29,10,0.4738924050632911,0
1992-07-30,10,0.4143591772151899,0
1992-07-31,10,0.3939873417721519,0
1992-08-03,10,0.332871835443038,0
1992-08-04,10,0.26443829113924056,0
1992-08-05,10,0.2826344936708861,0
1992-08-06,10,0.25514240506329117,0
1992-08-07,10,0.3176424050632911,0
1992-08-10,10,0.3528481012658228,0
1992-08-11,10,0.3401898734177215,0
1992-08-12,10,0.3728243670886076,0
1992-08-13,10,0.3985363924050633,0
1992-08-14,10,0.4096123417721519,0
1992-08-17,10,0.3993275316455696,0
1992-08-18,10,0.39912974683544306,0
1992-08-19,10,0.3805379746835443,0
1992-08-20,10,0.4119857594936709,0
1992-08-21,10,0.3795490506329114,0
1992-08-24,10,0.44007120253164556,0
1992-08-25,10,0.5405458860759493,0
1992-08-26,10,0.5365901898734178,0
1992-08-27,10,0.5227452531645569,0
1992-08-28,10,0.5223496835443038,0
1992-08-31,10,0.5211629746835443,0
1992-09-01,10,0.5310522151898734,0
1992-09-02,10,0.5354034810126582,0
1992-09-03,10,0.43829113924050633,0
1992-09-04,10,0.439873417721519,0
1992-09-08,10,0.33603639240506333,0
1992-09-09,10,0.2537579113924051,0
1992-09-10,10,0.23714398734177214,0
1992-09-11,10,0.2353639240506329,0
1992-09-14,10,0.24446202531645567,0
1992-09-15,10,0.26246044303797467,0
1992-09-16,10,0.4485759493670886,0
1992-09-17,10,0.48813291139240506,0
1992-09-18,10,0.5233386075949367,0
1992-09-21,10,0.471123417721519,0
1992-09-22,10,0.4675632911392405,0
1992-09-23,10,0.5664556962025317,0
1992-09-24,10,0.5939477848101267,0
1992-09-25,10,0.623615506329114,0
1992-09-28,10,0.7147943037974684,1
1992-09-29,10,0.6746439873417721,0
1992-09-30,10,0.5356012658227848,0
1992-10-01,10,0.5270965189873418,0
1992-10-02,10,0.5557753164556962,0
1992-10-05,10,0.678995253164557,0
1992-10-06,10,0.6958069620253164,1
1992-10-07,10,0.6271756329113924,0
1992-10-08,10,0.6520965189873418,0
1992-10-09,10,0.6910601265822784,0
1992-10-12,10,0.7242879746835442,1
1992-10-13,10,0.7577136075949367,1
1992-10-14,10,0.7521756329113924,1
1992-10-15,10,0.7579113924050633,1
1992-10-16,10,0.7410996835443038,1
1992-10-19,10,0.5510284810126582,0
1992-10-20,10,0.4104034810126582,0
1992-10-21,10,0.3908227848101266,0
1992-10-22,10,0.29806170886075944,0
1992-10-23,10,0.3528481012658228,0
1992-10-26,10,0.15367879746835444,0
1992-10-27,10,0.14141613924050636,0
1992-10-28,10,0.16000791139240506,0
1992-10-29,10,0.13765822784810128,0
1992-10-30,10,0.12678006329113922,0
1992-11-02,10,0.2310126582278481,0
1992-11-03,10,0.23753955696202533,0
1992-11-04,10,0.34849683544303794,0
1992-11-05,10,0.4489715189873418,0
1992-11-06,10,0.40625,0
1992-11-09,10,0.4040743670886076,0
1992-11-10,10,0.4200949367088608,0
1992-11-11,10,0.4282041139240506,0
1992-11-12,10,0.4189082278481013,0
1992-11-13,10,0.4204905063291139,0
1992-11-16,10,0.3603639240506329,0
1992-11-17,10,0.4375,0
1992-11-18,10,0.3872626582278481,0
1992-11-19,10,0.25019778481012656,0
1992-11-20,10,0.2581091772151899,0
1992-11-23,10,0.20134493670886075,0
1992-11-24,10,0.2691851265822785,0
1992-11-25,10,0.23496835443037972,0
1992-11-27,10,0.2412974683544304,0
1992-11-30,10,0.2347705696202532,0
1992-12-01,10,0.20035601265822786,0
1992-12-02,10,0.1617879746835443,0
1992-12-03,10,0.14418512658227847,0
1992-12-04,10,0.17840189873417722,0
1992-12-07,10,0.15862341772151897,0
1992-12-08,10,0.15941455696202533,0
1992-12-09,10,0.09651898734177218,0
1992-12-10,10,0.1594145569620253,0
1992-12-11,10,0.21420094936708858,0
1992-12-14,10,0.2626582278481013,0
1992-12-15,10,0.3071598101265823,0
1992-12-16,10,0.3004351265822785,0
1992-12-17,10,0.3045886075949367,0
1992-12-18,10,0.26878955696202533,0
1992-12-21,10,0.288370253164557,0
1992-12-22,10,0.34018987341772156,0
1992-12-23,10,0.3862737341772152,0
1992-12-24,10,0.3829113924050633,0
1992-12-28,10,0.33583860759493667,0
1992-12-29,10,0.32654272151898733,0
1992-12-30,10,0.335245253164557,0
1992-12-31,10,0.3105221518987342,0
1993-01-04,10,0.38844936708860756,0
1993-01-05,10,0.43868670886075944,0
1993-01-06,10,0.41435917721518983,0
1993-01-07,10,0.4092167721518987,0
1993-01-08,10,0.46064082278481017,0
1993-01-11,10,0.4653876582278481,0
1993-01-12,10,0.4738924050632911,0
1993-01-13,10,0.4717167721518988,0
1993-01-14,10,0.4657832278481013,0
1993-01-15,10,0.4740901898734177,0
1993-01-18,10,0.35858386075949367,0
1993-01-19,10,0.3571993670886076,0
1993-01-20,10,0.3819224683544304,0
1993-01-21,10,0.43532436708860756,0
1993-01-22,10,0.2590981012658228,0
1993-01-25,10,0.19204905063291142,0
1993-01-26,10,0.18967563291139244,0
1993-01-27,10,0.19382911392405064,0
1993-01-28,10,0.28204113924050633,0
1993-01-29,10,0.310126582278481,0
1993-02-01,10,0.32832278481012656,0
1993-02-02,10,0.2840189873417721,0
1993-02-03,10,0.22943037974683542,0
1993-02-04,10,0.1584256329113924,0
1993-02-05,10,0.1572389240506329,0
1993-02-08,10,0.1839398734177215,0
1993-02-09,10,0.24090189873417722,0
1993-02-10,10,0.3182357594936709,0
1993-02-11,10,0.24604430379746836,0
1993-02-12,10,0.23417721518987344,0
1993-02-16,10,0.3350474683544304,0
1993-02-17,10,0.788370253164557,1
1993-02-18,10,0.7933148734177216,1
1993-02-19,10,0.7768987341772151,1
1993-02-22,10,0.7774920886075949,1
1993-02-23,10,0.7814477848101266,1
1993-02-24,10,0.7810522151898733,1
1993-02-25,10,0.7626582278481012,1
1993-02-26,10,0.756131329113924,1
1993-03-01,10,0.7606803797468354,1
1993-03-02,10,0.7288370253164558,1
1993-03-03,10,0.24090189873417722,0
1993-03-04,10,0.21716772151898736,0
1993-03-05,10,0.2276503164556962,0
1993-03-08,10,0.2792721518987342,0
1993-03-09,10,0.3362341772151899,0
1993-03-10,10,0.33484968354430383,0
1993-03-11,10,0.31882911392405067,0
1993-03-12,10,0.3884493670886076,0
1993-03-15,10,0.5049446202531646,0
1993-03-16,10,0.44936708860759494,0
1993-03-17,10,0.5152294303797469,0
1993-03-18,10,0.6206487341772152,0
1993-03-19,10,0.517998417721519,0
1993-03-22,10,0.532634493670886,0
1993-03-23,10,0.5263053797468354,0
1993-03-24,10,0.5253164556962026,0
1993-03-25,10,0.5292721518987341,0
1993-03-26,10,0.488132911392405,0
1993-03-29,10,0.4608386075949367,0
1993-03-30,10,0.45530063291139244,0
1993-03-31,10,0.43433544303797467,0
1993-04-01,10,0.3479034810126582,0
1993-04-02,10,0.4072389240506329,0
1993-04-05,10,0.6999604430379747,1
1993-04-06,10,0.6841376582278481,0
1993-04-07,10,0.6938291139240507,1
1993-04-08,10,0.681368670886076,0
1993-04-12,10,0.6928401898734178,1
1993-04-13,10,0.6340981012658228,0
1993-04-14,10,0.6643591772151899,0
1993-04-15,10,0.6884889240506329,0
1993-04-16,10,0.6880933544303798,0
1993-04-19,10,0.6570411392405064,0
1993-04-20,10,0.29885284810126583,0
1993-04-21,10,0.3924050632911392,0
1993-04-22,10,0.40150316455696206,0
1993-04-23,10,0.5571598101265822,0
1993-04-26,10,0.5909810126582278,0
1993-04-27,10,0.5035601265822786,0
1993-04-28,10,0.5911787974683544,0
1993-04-29,10,0.5878164556962026,0
1993-04-30,10,0.5903876582278481,0
1993-05-03,10,0.5939477848101266,0
1993-05-04,10,0.5793117088607596,0
1993-05-05,10,0.5181962025316456,0
1993-05-06,10,0.46894778481012656,0
1993-05-07,10,0.355617088607595,0
1993-05-10,10,0.2990506329113924,0
1993-05-11,10,0.1560522151898734,0
1993-05-12,10,0.17662183544303794,0
1993-05-13,10,0.16930379746835442,0
1993-05-14,10,0.41693037974683544,0
1993-05-17,10,0.43196202531645567,0
1993-05-18,10,0.43947784810126583,0
1993-05-19,10,0.4501582278481013,0
1993-05-20,10,0.4857594936708861,0
1993-05-21,10,0.4058544303797469,0
1993-05-24,10,0.5363924050632911,0
1993-05-25,10,0.5031645569620253,0
1993-05-26,10,0.5152294303797469,0
1993-05-27,10,0.46598101265822783,0
1993-05-28,10,0.3239715189873418,0
1993-06-01,10,0.379746835443038,0
1993-06-02,10,0.3538370253164557,0
1993-06-03,10,0.3526503164556962,0
1993-06-04,10,0.4072389240506329,0
1993-06-07,10,0.517998417721519,0
1993-06-08,10,0.4165348101265823,0
1993-06-09,10,0.5257120253164557,0
1993-06-10,10,0.5249208860759493,0
1993-06-11,10,0.4942642405063291,0
1993-06-14,10,0.48971518987341767,0
1993-06-15,10,0.44106012658227844,0
1993-06-16,10,0.44422468354430383,0
1993-06-17,10,0.4426424050632911,0
1993-06-18,10,0.4204905063291139,0
1993-06-21,10,0.5085047468354431,0
1993-06-22,10,0.45688291139240506,0
1993-06-23,10,0.3716376582278481,0
1993-06-24,10,0.4681566455696203,0
1993-06-25,10,0.43018196202531644,0
1993-06-28,10,0.4428401898734177,0
1993-06-29,10,0.4125791139240506,0
1993-06-30,10,0.40268987341772156,0
1993-07-01,10,0.4321598101265822,0
1993-07-02,10,0.48991297468354433,0
1993-07-06,10,0.4115901898734177,0
1993-07-07,10,0.571993670886076,0
1993-07-08,10,0.5567642405063291,0
1993-07-09,10,0.4487737341772152,0
1993-07-12,10,0.5104825949367089,0
1993-07-13,10,0.5126582278481013,0
1993-07-14,10,0.5567642405063291,0
1993-07-15,10,0.5174050632911392,0
1993-07-16,10,0.5318433544303798,0
1993-07-19,10,0.586629746835443,0
1993-07-20,10,0.5029667721518987,0
1993-07-21,10,0.3158623417721519,0
1993-07-22,10,0.34731012658227844,0
1993-07-23,10,0.4155458860759494,0
1993-07-26,10,0.39695411392405067,0
1993-07-27,10,0.38568037974683544,0
1993-07-28,10,0.38449367088607594,0
1993-07-29,10,0.42385284810126583,0
1993-07-30,10,0.3848892405063291,0
1993-08-02,10,0.32654272151898733,0
1993-08-03,10,0.3014240506329114,0
1993-08-04,10,0.34651898734177217,0
1993-08-05,10,0.36313291139240506,0
1993-08-06,10,0.2869857594936709,0
1993-08-09,10,0.30656645569620256,0
1993-08-10,10,0.30676424050632917,0
1993-08-11,10,0.3192246835443038,0
1993-08-12,10,0.27650316455696206,0
1993-08-13,10,0.35007911392405067,0
1993-08-16,10,0.27650316455696206,0
1993-08-17,10,0.27234968354430383,0
1993-08-18,10,0.23813291139240506,0
1993-08-19,10,0.1720727848101266,0
1993-08-20,10,0.15545886075949364,0
1993-08-23,10,0.171875,0
1993-08-24,10,0.22982594936708858,0
1993-08-25,10,0.15664556962025317,0
1993-08-26,10,0.1673259493670886,0
1993-08-27,10,0.11451740506329111,0
1993-08-30,10,0.1433939873417721,0
1993-08-31,10,0.15209651898734178,0
1993-09-01,10,0.14003164556962025,0
1993-09-02,10,0.1876977848101266,0
1993-09-03,10,0.24901107594936708,0
1993-09-07,10,0.2395174050632911,0
1993-09-08,10,0.31329113924050633,0
1993-09-09,10,0.37717563291139244,0
1993-09-10,10,0.37282436708860756,0
1993-09-13,10,0.3696598101265823,0
1993-09-14,10,0.3500791139240506,0
1993-09-15,10,0.4293908227848101,0
1993-09-16,10,0.42919303797468356,0
1993-09-17,10,0.4679588607594937,0
1993-09-20,10,0.4416534810126582,0
1993-09-21,10,0.5276898734177216,0
1993-09-22,10,0.5154272151898734,0
1993-09-23,10,0.4649920886075949,0
1993-09-24,10,0.45708069620253167,0
1993-09-27,10,0.47132120253164556,0
1993-09-28,10,0.46518987341772156,0
1993-09-29,10,0.40941455696202533,0
1993-09-30,10,0.47132120253164556,0
1993-10-01,10,0.4440268987341772,0
1993-10-04,10,0.39655854430379744,0
1993-10-05,10,0.25969145569620256,0
1993-10-06,10,0.20015822784810128,0
1993-10-07,10,0.24920886075949364,0
1993-10-08,10,0.31882911392405067,0
1993-10-11,10,0.29667721518987344,0
1993-10-12,10,0.3332674050632911,0
1993-10-13,10,0.32258702531645567,0
1993-10-14,10,0.28164556962025317,0
1993-10-15,10,0.2027294303797468,0
1993-10-18,10,0.20253164556962025,0
1993-10-19,10,0.23239715189873417,0
1993-10-20,10,0.2986550632911393,0
1993-10-21,10,0.2885680379746835,0
1993-10-22,10,0.26107594936708856,0
1993-10-25,10,0.34928797468354433,0
1993-10-26,10,0.34513449367088606,0
1993-10-27,10,0.34810126582278483,0
1993-10-28,10,0.34928797468354433,0
1993-10-29,10,0.3273338607594936,0
1993-11-01,10,0.3571993670886076,0
1993-11-02,10,0.3146756329113924,0
1993-11-03,10,0.2737341772151899,0
1993-11-04,10,0.45984968354430383,0
1993-11-05,10,0.5901898734177216,0
1993-11-08,10,0.5573575949367089,0
1993-11-09,10,0.5595332278481013,0
1993-11-10,10,0.5591376582278481,0
1993-11-11,10,0.5450949367088607,0
1993-11-12,10,0.5795094936708861,0
1993-11-15,10,0.5666534810126582,0
1993-11-16,10,0.6056170886075949,0
1993-11-17,10,0.5779272151898734,0
1993-11-18,10,0.4456091772151899,0
1993-11-19,10,0.254746835443038,0
1993-11-22,10,0.31744462025316456,0
1993-11-23,10,0.44580696202531644,0
1993-11-24,10,0.4175237341772152,0
1993-11-26,10,0.42820411392405067,0
1993-11-29,10,0.3918117088607595,0
1993-11-30,10,0.4309731012658228,0
1993-12-01,10,0.4028876582278481,0
1993-12-02,10,0.4092167721518987,0
1993-12-03,10,0.36313291139240506,0
1993-12-06,10,0.30874208860759494,0
1993-12-07,10,0.26008702531645567,0
1993-12-08,10,0.15803006329113922,0
1993-12-09,10,0.20055379746835442,0
1993-12-10,10,0.275118670886076,0
1993-12-13,10,0.294501582278481,0
1993-12-14,10,0.23931962025316458,0
1993-12-15,10,0.3002373417721519,0
1993-12-16,10,0.3332674050632911,0
1993-12-17,10,0.32970727848101267,0
1993-12-20,10,0.31942246835443033,0
1993-12-21,10,0.357001582278481,0
1993-12-22,10,0.3732199367088608,0
1993-12-23,10,0.3372231012658228,0
1993-12-27,10,0.2786787974683544,0
1993-12-28,10,0.23061708860759494,0
1993-12-29,10,0.2521756329113924,0
1993-12-30,10,0.1797863924050633,0
1993-12-31,10,0.1989715189873418,0
1994-01-03,10,0.29489715189873417,0
1994-01-04,10,0.35265031645569617,0
1994-01-05,10,0.3150712025316456,0
1994-01-06,10,0.29094145569620256,0
1994-01-07,10,0.33247626582278483,0
1994-01-10,10,0.29608386075949367,0
1994-01-11,10,0.31230221518987344,0
1994-01-12,10,0.35561708860759494,0
1994-01-13,10,0.3443433544303798,0
1994-01-14,10,0.3356408227848101,0
1994-01-17,10,0.2308148734177215,0
1994-01-18,10,0.24920886075949367,0
1994-01-19,10,0.25712025316455694,0
1994-01-20,10,0.26878955696202533,0
1994-01-21,10,0.24386867088607594,0
1994-01-24,10,0.28718354430379744,0
1994-01-25,10,0.3777689873417721,0
1994-01-26,10,0.3757911392405064,0
1994-01-27,10,0.3575949367088608,0
1994-01-28,10,0.27768987341772156,0
1994-01-31,10,0.28955696202531644,0
1994-02-01,10,0.20233386075949367,0
1994-02-02,10,0.2778876582278481,0
1994-02-03,10,0.2454509493670886,0
1994-02-04,10,0.292128164556962,0
1994-02-07,10,0.7353639240506329,1
1994-02-08,10,0.6606012658227849,0
1994-02-09,10,0.6542721518987342,0
1994-02-10,10,0.660996835443038,0
1994-02-11,10,0.7521756329113924,1
1994-02-14,10,0.7533623417721519,1
1994-02-15,10,0.7551424050632911,1
1994-02-16,10,0.7341772151898733,1
1994-02-17,10,0.739121835443038,1
1994-02-18,10,0.752373417721519,1
1994-02-22,10,0.42583069620253167,0
1994-02-23,10,0.4301819620253165,0
1994-02-24,10,0.4317642405063291,0
1994-02-25,10,0.6253955696202531,0
1994-02-28,10,0.5484572784810127,0
1994-03-01,10,0.5496439873417721,0
1994-03-02,10,0.5982990506329113,0
1994-03-03,10,0.5963212025316456,0
1994-03-04,10,0.6139240506329113,0
1994-03-07,10,0.5856408227848101,0
1994-03-08,10,0.5166139240506329,0
1994-03-09,10,0.542128164556962,0
1994-03-10,10,0.5233386075949367,0
1994-03-11,10,0.3761867088607595,0
1994-03-14,10,0.3730221518987341,0
1994-03-15,10,0.37480221518987344,0
1994-03-16,10,0.29825949367088606,0
1994-03-17,10,0.2735363924050633,0
1994-03-18,10,0.1920490506329114,0
1994-03-21,10,0.21914556962025317,0
1994-03-22,10,0.33069620253164556,0
1994-03-23,10,0.3014240506329114,0
1994-03-24,10,0.3253560126582279,0
1994-03-25,10,0.3738132911392405,0
1994-03-28,10,0.4912974683544304,0
1994-03-29,10,0.4930775316455696,0
1994-03-30,10,0.6714794303797468,0
1994-03-31,10,0.7151898734177216,1
1994-04-04,10,0.6987737341772152,1
1994-04-05,10,0.7252768987341772,1
1994-04-06,10,0.8928006329113924,1
1994-04-07,10,0.892998417721519,1
1994-04-08,10,0.8983386075949367,1
1994-04-11,10,0.8959651898734178,1
1994-04-12,10,0.8716376582278481,1
1994-04-13,10,0.885878164556962,1
1994-04-14,10,0.8091376582278481,1
1994-04-15,10,0.6659414556962026,0
1994-04-18,10,0.675632911392405,0
1994-04-19,10,0.5696202531645569,0
1994-04-20,10,0.5162183544303797,0
1994-04-21,10,0.5187895569620253,0
1994-04-22,10,0.5844541139240507,0
1994-04-25,10,0.5017800632911392,0
1994-04-26,10,0.4982199367088608,0
1994-04-28,10,0.4519382911392405,0
1994-04-29,10,0.5007911392405063,0
1994-05-02,10,0.46855221518987344,0
1994-05-03,10,0.4291930379746835,0
1994-05-04,10,0.314873417721519,0
1994-05-05,10,0.3457278481012658,0
1994-05-06,10,0.339003164556962,0
1994-05-09,10,0.47270569620253167,0
1994-05-10,10,0.6176819620253164,0
1994-05-11,10,0.5935522151898734,0
1994-05-12,10,0.6649525316455697,0
1994-05-13,10,0.6329113924050633,0
1994-05-16,10,0.6348892405063291,0
1994-05-17,10,0.6340981012658228,0
1994-05-18,10,0.6493275316455696,0
1994-05-19,10,0.5793117088607596,0
1994-05-20,10,0.525118670886076,0
1994-05-23,10,0.4586629746835443,0
1994-05-24,10,0.32357594936708856,0
1994-05-25,10,0.336629746835443,0
1994-05-26,10,0.16000791139240506,0
1994-05-27,10,0.17246835443037972,0
1994-05-31,10,0.1752373417721519,0
1994-06-01,10,0.20312500000000003,0
1994-06-02,10,0.20154272151898736,0
1994-06-03,10,0.24248417721518986,0
1994-06-06,10,0.24901107594936708,0
1994-06-07,10,0.239121835443038,0
1994-06-08,10,0.2100474683544304,0
1994-06-09,10,0.26720727848101267,0
1994-06-10,10,0.2794699367088608,0
1994-06-13,10,0.27749208860759494,0
1994-06-14,10,0.27531645569620256,0
1994-06-15,10,0.20193829113924053,0
1994-06-16,10,0.2739319620253165,0
1994-06-17,10,0.24821993670886078,0
1994-06-20,10,0.3935917721518987,0
1994-06-21,10,0.4418512658227848,0
1994-06-22,10,0.5298655063291139,0
1994-06-23,10,0.5112737341772152,0
1994-06-24,10,0.5791139240506329,0
1994-06-27,10,0.7060917721518988,1
1994-06-28,10,0.7517800632911393,1
1994-06-29,10,0.7349683544303798,1
1994-06-30,10,0.7383306962025317,1
1994-07-01,10,0.7468354430379747,1
1994-07-05,10,0.7410996835443038,1
1994-07-06,10,0.7128164556962026,1
1994-07-07,10,0.6550632911392404,0
1994-07-08,10,0.6534810126582278,0
1994-07-11,10,0.556368670886076,0
1994-07-12,10,0.30656645569620256,0
1994-07-13,10,0.33662974683544306,0
1994-07-14,10,0.29054588607594933,0
1994-07-15,10,0.285996835443038,0
1994-07-18,10,0.15011867088607594,0
1994-07-19,10,0.16238132911392403,0
1994-07-20,10,0.20094936708860758,0
1994-07-21,10,0.26720727848101267,0
1994-07-22,10,0.2842167721518987,0
1994-07-25,10,0.29944620253164556,0
1994-07-26,10,0.2274525316455696,0
1994-07-27,10,0.24920886075949367,0
1994-07-28,10,0.2891613924050633,0
1994-07-29,10,0.2986550632911392,0
1994-08-01,10,0.2683939873417721,0
1994-08-02,10,0.2505933544303797,0
1994-08-03,10,0.2232990506329114,0
1994-08-04,10,0.14003164556962025,0
1994-08-05,10,0.2565268987341772,0
1994-08-08,10,0.307753164556962,0
1994-08-09,10,0.31566455696202533,0
1994-08-10,10,0.2871835443037975,0
1994-08-11,10,0.2300237341772152,0
1994-08-12,10,0.30201740506329117,0
1994-08-15,10,0.3026107594936709,0
1994-08-16,10,0.35067246835443033,0
1994-08-17,10,0.30755537974683544,0
1994-08-18,10,0.32456487341772156,0
1994-08-19,10,0.2770965189873418,0
1994-08-22,10,0.2278481012658228,0
1994-08-23,10,0.2842167721518987,0
1994-08-24,10,0.24901107594936706,0
1994-08-25,10,0.25257120253164556,0
1994-08-26,10,0.23931962025316456,0
1994-08-29,10,0.25435126582278483,0
1994-08-30,10,0.22231012658227847,0
1994-08-31,10,0.23397943037974686,0
1994-09-01,10,0.24742879746835444,0
1994-09-02,10,0.254746835443038,0
1994-09-06,10,0.32832278481012656,0
1994-09-07,10,0.275118670886076,0
1994-09-08,10,0.32792721518987344,0
1994-09-09,10,0.34117879746835444,0
1994-09-12,10,0.49109968354430383,0
1994-09-13,10,0.4936708860759494,0
1994-09-14,10,0.4966376582278481,0
1994-09-15,10,0.495253164556962,0
1994-09-16,10,0.5237341772151899,0
1994-09-19,10,0.5636867088607596,0
1994-09-20,10,0.5217563291139241,0
1994-09-21,10,0.7312104430379747,1
1994-09-22,10,0.7420886075949367,1
1994-09-23,10,0.7410996835443038,1
1994-09-26,10,0.6912579113924051,0
1994-09-27,10,0.6635680379746836,0
1994-09-28,10,0.6639636075949367,0
1994-09-29,10,0.6566455696202531,0
1994-09-30,10,0.642009493670886,0
1994-10-03,10,0.6004746835443038,0
1994-10-04,10,0.6040348101265822,0
1994-10-05,10,0.596123417721519,0
1994-10-06,10,0.5868275316455697,0
1994-10-07,10,0.59375,0
1994-10-10,10,0.5789161392405063,0
1994-10-11,10,0.578125,0
1994-10-12,10,0.5549841772151898,0
1994-10-13,10,0.6042325949367089,0
1994-10-14,10,0.4944620253164557,0
1994-10-17,10,0.47962816455696206,0
1994-10-18,10,0.46044303797468356,0
1994-10-19,10,0.23180379746835442,0
1994-10-20,10,0.185126582278481,0
1994-10-21,10,0.247626582278481,0
1994-10-24,10,0.3261471518987341,0
1994-10-25,10,0.5011867088607594,0
1994-10-26,10,0.4800237341772152,0
1994-10-27,10,0.4677610759493671,0
1994-10-28,10,0.46716772151898733,0
1994-10-31,10,0.48477056962025317,0
1994-11-01,10,0.5197784810126582,0
1994-11-02,10,0.5943433544303798,0
1994-11-03,10,0.662381329113924,0
1994-11-04,10,0.5642800632911392,0
1994-11-07,10,0.6809731012658228,0
1994-11-08,10,0.5609177215189873,0
1994-11-09,10,0.5342167721518987,0
1994-11-10,10,0.5603243670886076,0
1994-11-11,10,0.6277689873417722,0
1994-11-14,10,0.5694224683544304,0
1994-11-15,10,0.584256329113924,0
1994-11-16,10,0.5150316455696202,0
1994-11-17,10,0.47033227848101267,0
1994-11-18,10,0.5255142405063291,0
1994-11-21,10,0.38924050632911394,0
1994-11-22,10,0.47804588607594933,0
1994-11-23,10,0.678995253164557,0
1994-11-25,10,0.6799841772151898,0
1994-11-28,10,0.6958069620253164,1
1994-11-29,10,0.6845332278481013,0
1994-11-30,10,0.6627768987341772,0
1994-12-01,10,0.6693037974683544,0
1994-12-02,10,0.7122231012658228,1
1994-12-05,10,0.7456487341772152,1
1994-12-06,10,0.7256724683544304,1
1994-12-07,10,0.6843354430379747,0
1994-12-08,10,0.4270174050632911,0
1994-12-09,10,0.617879746835443,0
1994-12-12,10,0.6188686708860759,0
1994-12-13,10,0.618868670886076,0
1994-12-14,10,0.6206487341772152,0
1994-12-15,10,0.5628955696202531,0
1994-12-16,10,0.39754746835443033,0
1994-12-19,10,0.39932753164556956,0
1994-12-20,10,0.42345727848101267,0
1994-12-21,10,0.44007120253164556,0
1994-12-22,10,0.34750791139240506,0
1994-12-23,10,0.11708860759493671,0
1994-12-27,10,0.1380537974683544,0
1994-12-28,10,0.1378560126582279,0
1994-12-29,10,0.19442246835443036,0
1994-12-30,10,0.2118275316455696,0
1995-01-03,10,0.27986550632911394,0
1995-01-04,10,0.3206091772151899,0
1995-01-05,10,0.27274525316455694,0
1995-01-06,10,0.2626582278481013,0
1995-01-09,10,0.2933148734177215,0
1995-01-10,10,0.29252373417721517,0
1995-01-11,10,0.2790743670886076,0
1995-01-12,10,0.3259493670886076,0
1995-01-13,10,0.2927215189873418,0
1995-01-16,10,0.2341772151898734,0
1995-01-17,10,0.14022943037974683,0
1995-01-18,10,0.12678006329113922,0
1995-01-19,10,0.1596123417721519,0
1995-01-20,10,0.2345727848101266,0
1995-01-23,10,0.3119066455696203,0
1995-01-24,10,0.29311708860759494,0
1995-01-25,10,0.3103243670886076,0
1995-01-26,10,0.28144778481012656,0
1995-01-27,10,0.2618670886075949,0
1995-01-30,10,0.2646360759493671,0
1995-01-31,10,0.35225474683544306,0
1995-02-01,10,0.33781645569620256,0
1995-02-02,10,0.33049841772151894,0
1995-02-03,10,0.2110363924050633,0
1995-02-06,10,0.1337025316455696,0
1995-02-07,10,0.12223101265822786,0
1995-02-08,10,0.13034018987341775,0
1995-02-09,10,0.1463607594936709,0
1995-02-10,10,0.1875,0
1995-02-13,10,0.19462025316455694,0
1995-02-14,10,0.1398338607594937,0
1995-02-15,10,0.15229430379746833,0
1995-02-16,10,0.12223101265822786,0
1995-02-17,10,0.14161392405063294,0
1995-02-21,10,0.26483386075949367,0
1995-02-22,10,0.28837025316455694,0
1995-02-23,10,0.24347310126582278,0
1995-02-24,10,0.21736550632911392,0
1995-02-27,10,0.1710838607594937,0
1995-02-28,10,0.34849683544303794,0
1995-03-01,10,0.3130933544303798,0
1995-03-02,10,0.37935126582278483,0
1995-03-03,10,0.4189082278481013,0
1995-03-06,10,0.4264240506329114,0
1995-03-07,10,0.325751582278481,0
1995-03-08,10,0.44382911392405067,0
1995-03-09,10,0.45569620253164556,0
1995-03-10,10,0.46558544303797467,0
1995-03-13,10,0.48753955696202533,0
1995-03-14,10,0.33069620253164556,0
1995-03-15,10,0.3360363924050633,0
1995-03-16,10,0.31467563291139244,0
1995-03-17,10,0.26305379746835444,0
1995-03-20,10,0.2670094936708861,0
1995-03-21,10,0.2592958860759494,0
1995-03-22,10,0.18354430379746833,0
1995-03-23,10,0.19066455696202533,0
1995-03-24,10,0.18453322784810128,0
1995-03-27,10,0.15723892405063292,0
1995-03-28,10,0.1396360759493671,0
1995-03-29,10,0.15565664556962025,0
1995-03-30,10,0.15011867088607594,0
1995-03-31,10,0.20826740506329114,0
1995-04-03,10,0.24901107594936706,0
1995-04-04,10,0.2395174050632911,0
1995-04-05,10,0.17800632911392406,0
1995-04-06,10,0.18314873417721517,0
1995-04-07,10,0.17919303797468356,0
1995-04-10,10,0.21538765822784808,0
1995-04-11,10,0.24683544303797467,0
1995-04-12,10,0.28560126582278483,0
1995-04-13,10,0.245253164556962,0
1995-04-17,10,0.18789556962025314,0
1995-04-18,10,0.23279272151898733,0
1995-04-19,10,0.2735363924050633,0
1995-04-20,10,0.3245648734177215,0
1995-04-21,10,0.3245648734177215,0
1995-04-24,10,0.289754746835443,0
1995-04-25,10,0.2579113924050633,0
1995-04-26,10,0.289754746835443,0
1995-04-27,10,0.23971518987341775,0
1995-04-28,10,0.2498022151898734,0
1995-05-01,10,0.2636471518987342,0
1995-05-02,10,0.18354430379746833,0
1995-05-03,10,0.15545886075949367,0
1995-05-04,10,0.12124208860759496,0
1995-05-05,10,0.12796677215189872,0
1995-05-08,10,0.1675237341772152,0
1995-05-09,10,0.16277689873417725,0
1995-05-10,10,0.15407436708860758,0
1995-05-11,10,0.15071202531645572,0
1995-05-12,10,0.16574367088607594,0
1995-05-15,10,0.16574367088607597,0
1995-05-16,10,0.13172468354430378,0
1995-05-17,10,0.1337025316455696,0
1995-05-18,10,0.1965981012658228,0
1995-05-19,10,0.47468354430379744,0
1995-05-22,10,0.4736946202531646,0
1995-05-23,10,0.4762658227848101,0
1995-05-24,10,0.42583069620253167,0
1995-05-25,10,0.4420490506329114,0
1995-05-26,10,0.44343354430379744,0
1995-05-30,10,0.592365506329114,0
1995-05-31,10,0.6081882911392406,0
1995-06-01,10,0.5767405063291139,0
1995-06-02,10,0.5520174050632911,0
1995-06-05,10,0.37935126582278483,0
1995-06-06,10,0.34177215189873417,0
1995-06-07,10,0.3795490506329114,0
1995-06-08,10,0.4851661392405063,0
1995-06-09,10,0.5021756329113924,0
1995-06-12,10,0.6068037974683544,0
1995-06-13,10,0.4361155063291139,0
1995-06-14,10,0.3864715189873418,0
1995-06-15,10,0.37856012658227844,0
1995-06-16,10,0.3716376582278481,0
1995-06-19,10,0.310126582278481,0
1995-06-20,10,0.3107199367088607,0
1995-06-21,10,0.3130933544303797,0
1995-06-22,10,0.27492088607594933,0
1995-06-23,10,0.2517800632911392,0
1995-06-26,10,0.17227056962025317,0
1995-06-27,10,0.3348496835443038,0
1995-06-28,10,0.41020569620253167,0
1995-06-29,10,0.38627373417721517,0
1995-06-30,10,0.41416139240506333,0
1995-07-03,10,0.43908227848101267,0
1995-07-05,10,0.44996044303797467,0
1995-07-06,10,0.44244462025316456,0
1995-07-07,10,0.37935126582278483,0
1995-07-10,10,0.38666930379746833,0
1995-07-11,10,0.34256329113924056,0
1995-07-12,10,0.22804588607594933,0
1995-07-13,10,0.17365506329113928,0
1995-07-14,10,0.19284018987341775,0
1995-07-17,10,0.1967958860759494,0
1995-07-18,10,0.1829509493670886,0
1995-07-19,10,0.3144778481012658,0
1995-07-20,10,0.5379746835443038,0
1995-07-21,10,0.5541930379746836,0
1995-07-24,10,0.5783227848101266,0
1995-07-25,10,0.5607199367088608,0
1995-07-26,10,0.45984968354430383,0
1995-07-27,10,0.5027689873417722,0
1995-07-28,10,0.4653876582278481,0
1995-07-31,10,0.4879351265822785,0
1995-08-01,10,0.5395569620253164,0
1995-08-02,10,0.48655063291139244,0
1995-08-03,10,0.2478243670886076,0
1995-08-04,10,0.28382120253164556,0
1995-08-07,10,0.28105221518987344,0
1995-08-08,10,0.29944620253164556,0
1995-08-09,10,0.3336629746835443,0
1995-08-10,10,0.35087025316455694,0
1995-08-11,10,0.40427215189873417,0
1995-08-14,10,0.4050632911392405,0
1995-08-15,10,0.37895569620253167,0
1995-08-16,10,0.35344145569620256,0
1995-08-17,10,0.31625791139240506,0
1995-08-18,10,0.33583860759493667,0
1995-08-21,10,0.33643196202531644,0
1995-08-22,10,0.36847310126582283,0
1995-08-23,10,0.3587816455696202,0
1995-08-24,10,0.3922072784810126,0
1995-08-25,10,0.3455300632911392,0
1995-08-28,10,0.25810917721518983,0
1995-08-29,10,0.3269382911392405,0
1995-08-30,10,0.28975474683544306,0
1995-08-31,10,0.2976661392405063,0
1995-09-01,10,0.2640427215189874,0
1995-09-05,10,0.24011075949367092,0
1995-09-06,10,0.16337025316455694,0
1995-09-07,10,0.16772151898734178,0
1995-09-08,10,0.12025316455696204,0
1995-09-11,10,0.09889240506329113,0
1995-09-12,10,0.11075949367088608,0
1995-09-13,10,0.06922468354430378,0
1995-09-14,10,0.06091772151898732,0
1995-09-15,10,0.0510284810126582,0
1995-09-18,10,0.060324367088607625,0
1995-09-19,10,0.08168512658227849,0
1995-09-20,10,0.09968354430379749,0
1995-09-21,10,0.08425632911392407,0
1995-09-22,10,0.16455696202531644,0
1995-09-25,10,0.221123417721519,0
1995-09-26,10,0.23793512658227847,0
1995-09-27,10,0.2818433544303798,0
1995-09-28,10,0.31447784810126583,0
1995-09-29,10,0.3142800632911393,0
1995-10-02,10,0.3407832278481013,0
1995-10-03,10,0.39102056962025317,0
1995-10-04,10,0.3971518987341772,0
1995-10-05,10,0.42029272151898733,0
1995-10-06,10,0.33761867088607594,0
1995-10-09,10,0.3180379746835443,0
1995-10-10,10,0.40981012658227844,0
1995-10-11,10,0.41455696202531644,0
1995-10-12,10,0.39616297468354433,0
1995-10-13,10,0.3880537974683544,0
1995-10-16,10,0.3490901898734177,0
1995-10-17,10,0.3168512658227848,0
1995-10-18,10,0.296875,0
1995-10-19,10,0.26364715189873417,0
1995-10-20,10,0.24564873417721522,0
1995-10-23,10,0.3267405063291139,0
1995-10-24,10,0.26602056962025317,0
1995-10-25,10,0.22567246835443036,0
1995-10-26,10,0.366495253164557,0
1995-10-27,10,0.5267009493670887,0
1995-10-30,10,0.5259098101265822,0
1995-10-31,10,0.48417721518987344,0
1995-11-01,10,0.5300632911392406,0
1995-11-02,10,0.5229430379746836,0
1995-11-03,10,0.5276898734177216,0
1995-11-06,10,0.4456091772151899,0
1995-11-07,10,0.43829113924050633,0
1995-11-08,10,0.502373417721519,0
1995-11-09,10,0.3581882911392405,0
1995-11-10,10,0.18532436708860756,0
1995-11-13,10,0.223496835443038,0
1995-11-14,10,0.2670094936708861,0
1995-11-15,10,0.3002373417721519,0
1995-11-16,10,0.2909414556962025,0
1995-11-17,10,0.294501582278481,0
1995-11-20,10,0.2767009493670886,0
1995-11-21,10,0.30379746835443033,0
1995-11-22,10,0.2250791139240506,0
1995-11-24,10,0.29766613924050633,0
1995-11-27,10,0.29766613924050633,0
1995-11-28,10,0.2662183544303798,0
1995-11-29,10,0.22448575949367086,0
1995-11-30,10,0.1386471518987342,0
1995-12-01,10,0.21736550632911394,0
1995-12-04,10,0.23061708860759494,0
1995-12-05,10,0.23516613924050633,0
1995-12-06,10,0.140625,0
1995-12-07,10,0.14003164556962022,0
1995-12-08,10,0.19284018987341772,0
1995-12-11,10,0.1962025316455696,0
1995-12-12,10,0.18928006329113925,0
1995-12-13,10,0.23753955696202533,0
1995-12-14,10,0.22072784810126583,0
1995-12-15,10,0.2865901898734177,0
1995-12-18,10,0.32021360759493667,0
1995-12-19,10,0.6200553797468354,0
1995-12-20,10,0.6242088607594937,0
1995-12-21,10,0.704509493670886,1
1995-12-22,10,0.6653481012658228,0
1995-12-26,10,0.6641613924050633,0
1995-12-27,10,0.6607990506329113,0
1995-12-28,10,0.6503164556962026,0
1995-12-29,10,0.6746439873417722,0
1996-01-02,10,0.5868275316455696,0
1996-01-03,10,0.5276898734177216,0
1996-01-04,10,0.23516613924050633,0
1996-01-05,10,0.3552215189873418,0
1996-01-08,10,0.200751582278481,0
1996-01-09,10,0.21340981012658228,0
1996-01-10,10,0.525118670886076,0
1996-01-11,10,0.7490110759493671,1
1996-01-12,10,0.7549446202531646,1
1996-01-15,10,0.7581091772151899,1
1996-01-16,10,0.7727452531645569,1
1996-01-17,10,0.7960838607594937,1
1996-01-18,10,0.8109177215189873,1
1996-01-19,10,0.7770965189873418,1
1996-01-22,10,0.7442642405063291,1
1996-01-23,10,0.7456487341772151,1
1996-01-24,10,0.5806962025316456,0
1996-01-25,10,0.23101265822784814,0
1996-01-26,10,0.31111550632911394,0
1996-01-29,10,0.2650316455696202,0
1996-01-30,10,0.2201344936708861,0
1996-01-31,10,0.18255537974683544,0
1996-02-01,10,0.13864715189873417,0
1996-02-02,10,0.135878164556962,0
1996-02-05,10,0.19640031645569622,0
1996-02-06,10,0.19818037974683542,0
1996-02-07,10,0.1641613924050633,0
1996-02-08,10,0.14695411392405064,0
1996-02-09,10,0.06685126582278483,0
1996-02-12,10,0.09236550632911393,0
1996-02-13,10,0.08920094936708861,0
1996-02-14,10,0.12598892405063292,0
1996-02-15,10,0.23101265822784808,0
1996-02-16,10,0.3401898734177215,0
1996-02-20,10,0.35344145569620256,0
1996-02-21,10,0.5812895569620253,0
1996-02-22,10,0.5717958860759493,0
1996-02-23,10,0.5415348101265822,0
1996-02-26,10,0.6081882911392404,0
1996-02-27,10,0.7579113924050633,1
1996-02-28,10,0.801621835443038,1
1996-02-29,10,0.8105221518987342,1
1996-03-01,10,0.8061708860759493,1
1996-03-04,10,0.7583069620253164,1
1996-03-05,10,0.6540743670886076,0
1996-03-06,10,0.471123417721519,0
1996-03-07,10,0.6056170886075949,0
1996-03-08,10,0.6257911392405063,0
1996-03-11,10,0.9094145569620253,1
1996-03-12,10,0.8542325949367089,1
1996-03-13,10,0.8508702531645569,1
1996-03-14,10,0.8231803797468354,1
1996-03-15,10,0.7399129746835443,1
1996-03-18,10,0.7808544303797469,1
1996-03-19,10,0.734375,1
1996-03-20,10,0.8085443037974683,1
1996-03-21,10,0.783623417721519,1
1996-03-22,10,0.8089398734177216,1
1996-03-25,10,0.2974683544303798,0
1996-03-26,10,0.3395965189873418,0
1996-03-27,10,0.25197784810126583,0
1996-03-28,10,0.3542325949367089,0
1996-03-29,10,0.3815268987341772,0
1996-04-01,10,0.46439873417721517,0
1996-04-02,10,0.4254351265822785,0
1996-04-03,10,0.3886471518987342,0
1996-04-04,10,0.34928797468354433,0
1996-04-08,10,0.3334651898734177,0
1996-04-09,10,0.6708860759493671,0
1996-04-10,10,0.6871044303797469,0
1996-04-11,10,0.7879746835443038,1
1996-04-12,10,0.7778876582278481,1
1996-04-15,10,0.7802610759493671,1
1996-04-16,10,0.7193433544303798,1
1996-04-17,10,0.7337816455696202,1
1996-04-18,10,0.7658227848101266,1
1996-04-19,10,0.7634493670886076,1
1996-04-22,10,0.7571202531645569,1
1996-04-23,10,0.4895174050632911,0
1996-04-24,10,0.408623417721519,0
1996-04-25,10,0.19560917721518986,0
1996-04-26,10,0.12539556962025317,0
1996-04-29,10,0.14082278481012658,0
1996-04-30,10,0.16376582278481017,0
1996-05-01,10,0.19343354430379747,0
1996-05-02,10,0.13271360759493672,0
1996-05-03,10,0.5126582278481012,0
1996-05-06,10,0.5532041139240507,0
1996-05-07,10,0.5749604430379747,0
1996-05-08,10,0.5929588607594937,0
1996-05-09,10,0.6052215189873418,0
1996-05-10,10,0.6135284810126582,0
1996-05-13,10,0.6066060126582278,0
1996-05-14,10,0.5486550632911392,0
1996-05-15,10,0.5005933544303798,0
1996-05-16,10,0.5090981012658228,0
1996-05-17,10,0.2551424050632911,0
1996-05-20,10,0.21459651898734178,0
1996-05-21,10,0.1831487341772152,0
1996-05-22,10,0.1451740506329114,0
1996-05-23,10,0.1384493670886076,0
1996-05-24,10,0.18196202531645572,0
1996-05-28,10,0.17286392405063292,0
1996-05-29,10,0.299248417721519,0
1996-05-30,10,0.4309731012658228,0
1996-05-31,10,0.39181170886075944,0
1996-06-03,10,0.4317642405063291,0
1996-06-04,10,0.4922863924050633,0
1996-06-05,10,0.48931962025316456,0
1996-06-06,10,0.4426424050632911,0
1996-06-07,10,0.5789161392405063,0
1996-06-10,10,0.548259493670886,0
1996-06-11,10,0.5753560126582279,0
1996-06-12,10,0.4762658227848101,0
1996-06-13,10,0.4222705696202531,0
1996-06-14,10,0.4645965189873418,0
1996-06-17,10,0.4558939873417721,0
1996-06-18,10,0.4456091772151899,0
1996-06-19,10,0.4732990506329114,0
1996-06-20,10,0.4501582278481013,0
1996-06-21,10,0.4149525316455696,0
1996-06-24,10,0.3959651898734177,0
1996-06-25,10,0.3708465189873418,0
1996-06-26,10,0.36095727848101267,0
1996-06-27,10,0.399129746835443,0
1996-06-28,10,0.366495253164557,0
1996-07-01,10,0.306368670886076,0
1996-07-02,10,0.254746835443038,0
1996-07-03,10,0.22943037974683544,0
1996-07-05,10,0.25039556962025317,0
1996-07-08,10,0.7080696202531646,1
1996-07-09,10,0.7676028481012658,1
1996-07-10,10,0.7676028481012658,1
1996-07-11,10,0.7634493670886076,1
1996-07-12,10,0.8368275316455696,1
1996-07-15,10,0.8326740506329113,1
1996-07-16,10,0.9106012658227848,1
1996-07-17,10,0.8908227848101267,1
1996-07-18,10,0.9143591772151899,1
1996-07-19,10,0.939873417721519,1
1996-07-22,10,0.8852848101265822,1
1996-07-23,10,0.8860759493670887,1
1996-07-24,10,0.9070411392405063,1
1996-07-25,10,0.90625,1
1996-07-26,10,0.8589794303797469,1
1996-07-29,10,0.8405854430379747,1
1996-07-30,10,0.6325158227848101,0
1996-07-31,10,0.5561708860759493,0
1996-08-01,10,0.5644778481012658,0
1996-08-02,10,0.563884493670886,0
1996-08-05,10,0.4345332278481012,0
1996-08-06,10,0.4084256329113924,0
1996-08-07,10,0.31507120253164556,0
1996-08-08,10,0.30063291139240506,0
1996-08-09,10,0.33603639240506333,0
1996-08-12,10,0.3581882911392405,0
1996-08-13,10,0.27294303797468356,0
1996-08-14,10,0.36530854430379744,0
1996-08-15,10,0.3714398734177215,0
1996-08-16,10,0.388251582278481,0
1996-08-19,10,0.32950949367088606,0
1996-08-20,10,0.26661392405063294,0
1996-08-21,10,0.3067642405063291,0
1996-08-22,10,0.3395965189873418,0
1996-08-23,10,0.2761075949367089,0
1996-08-26,10,0.3552215189873418,0
1996-08-27,10,0.44382911392405067,0
1996-08-28,10,0.2818433544303797,0
1996-08-29,10,0.3332674050632911,0
1996-08-30,10,0.5136471518987342,0
1996-09-03,10,0.5882120253164557,0
1996-09-04,10,0.5931566455696202,0
1996-09-05,10,0.5860363924050633,0
1996-09-06,10,0.6513053797468354,0
1996-09-09,10,0.6611946202531646,0
1996-09-10,10,0.6433939873417722,0
1996-09-11,10,0.5977056962025316,0
1996-09-12,10,0.5882120253164557,0
1996-09-13,10,0.5193829113924051,0
1996-09-16,10,0.33742088607594933,0
1996-09-17,10,0.2401107594936709,0
1996-09-18,10,0.2676028481012658,0
1996-09-19,10,0.2907436708860759,0
1996-09-20,10,0.16238132911392406,0
1996-09-23,10,0.15803006329113925,0
1996-09-24,10,0.15585443037974683,0
1996-09-25,10,0.16732594936708858,0
1996-09-26,10,0.1928401898734177,0
1996-09-27,10,0.22290348101265825,0
1996-09-30,10,0.23852848101265825,0
1996-10-01,10,0.2638449367088608,0
1996-10-02,10,0.22606803797468356,0
1996-10-03,10,0.1505142405063291,0
1996-10-04,10,0.1867088607594937,0
1996-10-07,10,0.19659810126582278,0
1996-10-08,10,0.16791930379746833,0
1996-10-09,10,0.2029272151898734,0
1996-10-10,10,0.2844145569620253,0
1996-10-11,10,0.3215981012658228,0
1996-10-14,10,0.28856803797468356,0
1996-10-15,10,0.27511867088607594,0
1996-10-16,10,0.30755537974683544,0
1996-10-17,10,0.3271360759493671,0
1996-10-18,10,0.27808544303797467,0
1996-10-21,10,0.26364715189873417,0
1996-10-22,10,0.3069620253164557,0
1996-10-23,10,0.32100474683544306,0
1996-10-24,10,0.22409018987341772,0
1996-10-25,10,0.29944620253164556,0
1996-10-28,10,0.35462816455696206,0
1996-10-29,10,0.42780854430379744,0
1996-10-30,10,0.40585443037974683,0
1996-10-31,10,0.42622626582278483,0
1996-11-01,10,0.4293908227848101,0
1996-11-04,10,0.45411392405063294,0
1996-11-05,10,0.4365110759493671,0
1996-11-06,10,0.34928797468354433,0
1996-11-07,10,0.337618670886076,0
1996-11-08,10,0.23061708860759494,0
1996-11-11,10,0.1977848101265823,0
1996-11-12,10,0.13251582278481017,0
1996-11-13,10,0.18275316455696203,0
1996-11-14,10,0.16356803797468356,0
1996-11-15,10,0.1637658227848101,0
1996-11-18,10,0.1313291139240506,0
1996-11-19,10,0.15644778481012658,0
1996-11-20,10,0.14339398734177214,0
1996-11-21,10,0.10344145569620254,0
1996-11-22,10,0.1441851265822785,0
1996-11-25,10,0.1370648734177215,0
1996-11-26,10,0.1384493670886076,0
1996-11-27,10,0.11827531645569622,0
1996-11-29,10,0.14280063291139242,0
1996-12-02,10,0.15229430379746836,0
1996-12-03,10,0.17780854430379744,0
1996-12-04,10,0.35502373417721517,0
1996-12-05,10,0.45114715189873417,0
1996-12-06,10,0.4825949367088608,0
1996-12-09,10,0.5450949367088608,0
1996-12-10,10,0.5599287974683544,0
1996-12-11,10,0.5971123417721519,0
1996-12-12,10,0.6586234177215189,0
1996-12-13,10,0.7668117088607596,1
1996-12-16,10,0.7604825949367089,1
1996-12-17,10,0.778876582278481,1
1996-12-18,10,0.785996835443038,1
1996-12-19,10,0.7753164556962026,1
1996-12-20,10,0.7025316455696202,1
1996-12-23,10,0.5990901898734178,0
1996-12-24,10,0.7314082278481013,1
1996-12-26,10,0.6564477848101266,0
1996-12-27,10,0.5081091772151899,0
1996-12-30,10,0.3297072784810126,0
1996-12-31,10,0.3490901898734177,0
1997-01-02,10,0.45352056962025317,0
1997-01-03,10,0.540743670886076,0
1997-01-06,10,0.5075158227848101,0
1997-01-07,10,0.6097705696202531,0
1997-01-08,10,0.5901898734177216,0
1997-01-09,10,0.6372626582278482,0
1997-01-10,10,0.6162974683544304,0
1997-01-13,10,0.6182753164556962,0
1997-01-14,10,0.6289556962025317,0
1997-01-15,10,0.5090981012658228,0
1997-01-16,10,0.3083465189873418,0
1997-01-17,10,0.25,0
1997-01-20,10,0.2076740506329114,0
1997-01-21,10,0.1985759493670886,0
1997-01-22,10,0.20015822784810128,0
1997-01-23,10,0.09928797468354432,0
1997-01-24,10,0.2778876582278481,0
1997-01-27,10,0.43651107594936706,0
1997-01-28,10,0.5316455696202531,0
1997-01-29,10,0.5737737341772152,0
1997-01-30,10,0.5130537974683544,0
1997-01-31,10,0.47329905063291144,0
1997-02-03,10,0.5073180379746836,0
1997-02-04,10,0.5065268987341772,0
1997-02-05,10,0.5354034810126582,0
1997-02-06,10,0.7418908227848102,1
1997-02-07,10,0.6038370253164557,0
1997-02-10,10,0.42958860759493667,0
1997-02-11,10,0.40882120253164556,0
1997-02-12,10,0.37875791139240506,0
1997-02-13,10,0.39992088607594933,0
1997-02-14,10,0.38864715189873417,0
1997-02-18,10,0.43235759493670883,0
1997-02-19,10,0.4064477848101266,0
1997-02-20,10,0.44560917721518983,0
1997-02-21,10,0.42227056962025317,0
1997-02-24,10,0.4477848101265823,0
1997-02-25,10,0.4501582278481013,0
1997-02-26,10,0.3957674050632911,0
1997-02-27,10,0.49564873417721517,0
1997-02-28,10,0.7329905063291139,1
1997-03-03,10,0.7496044303797469,1
1997-03-04,10,0.7371439873417722,1
1997-03-05,10,0.7337816455696202,1
1997-03-06,10,0.7549446202531646,1
1997-03-07,10,0.676621835443038,0
1997-03-10,10,0.6121439873417722,0
1997-03-11,10,0.6129351265822784,0
1997-03-12,10,0.6635680379746836,0
1997-03-13,10,0.6742484177215189,0
1997-03-14,10,0.7448575949367089,1
1997-03-17,10,0.6611946202531644,0
1997-03-18,10,0.682753164556962,0
1997-03-19,10,0.7068829113924051,1
1997-03-20,10,0.7668117088607594,1
1997-03-21,10,0.7644382911392404,1
1997-03-24,10,0.7543512658227848,1
1997-03-25,10,0.7422863924050633,1
1997-03-26,10,0.7410996835443038,1
1997-03-27,10,0.692246835443038,1
1997-03-31,10,0.7428797468354431,1
1997-04-01,10,0.8670886075949367,1
1997-04-02,10,0.8676819620253164,1
1997-04-03,10,0.8793512658227848,1
1997-04-04,10,0.8781645569620253,1
1997-04-07,10,0.8825158227848101,1
1997-04-08,10,0.8813291139240507,1
1997-04-09,10,0.8799446202531646,1
1997-04-10,10,0.8888449367088608,1
1997-04-11,10,0.8910205696202531,1
1997-04-14,10,0.928006329113924,1
1997-04-15,10,0.8382120253164558,1
1997-04-16,10,0.8059731012658228,1
1997-04-17,10,0.5854430379746836,0
1997-04-18,10,0.6101661392405063,0
1997-04-21,10,0.6384493670886076,0
1997-04-22,10,0.7701740506329113,1
1997-04-23,10,0.6700949367088607,0
1997-04-24,10,0.6115506329113924,0
1997-04-25,10,0.6133306962025317,0
1997-04-28,10,0.4096123417721519,0
1997-04-29,10,0.4096123417721519,0
1997-04-30,10,0.4404667721518988,0
1997-05-01,10,0.44244462025316456,0
1997-05-02,10,0.4465981012658228,0
1997-05-05,10,0.44936708860759494,0
1997-05-06,10,0.435126582278481,0
1997-05-07,10,0.43908227848101267,0
1997-05-08,10,0.4849683544303798,0
1997-05-09,10,0.47072784810126583,0
1997-05-12,10,0.4485759493670886,0
1997-05-13,10,0.45233386075949367,0
1997-05-14,10,0.44284018987341767,0
1997-05-15,10,0.4497626582278481,0
1997-05-16,10,0.4258306962025316,0
1997-05-19,10,0.549248417721519,0
1997-05-20,10,0.6433939873417722,0
1997-05-21,10,0.5395569620253164,0
1997-05-22,10,0.3975474683544304,0
1997-05-23,10,0.4699367088607595,0
1997-05-27,10,0.4509493670886076,0
1997-05-28,10,0.48417721518987344,0
1997-05-29,10,0.4501582278481013,0
1997-05-30,10,0.5239319620253164,0
1997-06-02,10,0.5367879746835442,0
1997-06-03,10,0.31744462025316456,0
1997-06-04,10,0.35897943037974683,0
1997-06-05,10,0.4910996835443038,0
1997-06-06,10,0.4307753164556962,0
1997-06-09,10,0.3635284810126582,0
1997-06-10,10,0.35858386075949367,0
1997-06-11,10,0.36194620253164556,0
1997-06-12,10,0.30181962025316456,0
1997-06-13,10,0.28797468354430383,0
1997-06-16,10,0.29331487341772156,0
1997-06-17,10,0.2759098101265823,0
1997-06-18,10,0.26463607594936706,0
1997-06-19,10,0.258504746835443,0
1997-06-20,10,0.26068037974683544,0
1997-06-23,10,0.221123417721519,0
1997-06-24,10,0.5443037974683544,0
1997-06-25,10,0.4849683544303797,0
1997-06-26,10,0.5625,0
1997-06-27,10,0.7339794303797469,1
1997-06-30,10,0.775118670886076,1
1997-07-01,10,0.7966772151898733,1
1997-07-02,10,0.7622626582278481,1
1997-07-03,10,0.592365506329114,0
1997-07-07,10,0.5715981012658228,0
1997-07-08,10,0.6214398734177216,0
1997-07-09,10,0.4056566455696203,0
1997-07-10,10,0.5520174050632911,0
1997-07-11,10,0.4240506329113924,0
1997-07-14,10,0.3627373417721519,0
1997-07-15,10,0.36867088607594933,0
1997-07-16,10,0.3350474683544304,0
1997-07-17,10,0.34513449367088606,0
1997-07-18,10,0.3813291139240506,0
1997-07-21,10,0.6932357594936709,1
1997-07-22,10,0.6661392405063291,0
1997-07-23,10,0.5810917721518987,0
1997-07-24,10,0.46301424050632917,0
1997-07-25,10,0.4762658227848101,0
1997-07-28,10,0.5055379746835442,0
1997-07-29,10,0.5381724683544304,0
1997-07-30,10,0.5478639240506329,0
1997-07-31,10,0.5547863924050633,0
1997-08-01,10,0.49525316455696206,0
1997-08-04,10,0.3789556962025316,0
1997-08-05,10,0.3481012658227848,0
1997-08-06,10,0.2399129746835443,0
1997-08-07,10,0.2274525316455696,0
1997-08-08,10,0.40229430379746833,0
1997-08-11,10,0.7039161392405063,1
1997-08-12,10,0.654865506329114,0
1997-08-13,10,0.7822389240506329,1
1997-08-14,10,0.7879746835443038,1
1997-08-15,10,0.7891613924050633,1
1997-08-18,10,0.8969541139240507,1
1997-08-19,10,0.9185126582278481,1
1997-08-20,10,0.9234572784810127,1
1997-08-21,10,0.910996835443038,1
1997-08-22,10,0.9339398734177216,1
1997-08-25,10,0.8530458860759493,1
1997-08-26,10,0.885878164556962,1
1997-08-27,10,0.8651107594936709,1
1997-08-28,10,0.8362341772151899,1
1997-08-29,10,0.904865506329114,1
1997-09-02,10,0.7240901898734177,1
1997-09-03,10,0.629746835443038,0
1997-09-04,10,0.7478243670886076,1
1997-09-05,10,0.8217958860759493,1
1997-09-08,10,0.6833465189873418,0
1997-09-09,10,0.6477452531645569,0
1997-09-10,10,0.5852452531645569,0
1997-09-11,10,0.6861155063291139,0
1997-09-12,10,0.7644382911392404,1
1997-09-15,10,0.5567642405063291,0
1997-09-16,10,0.5551819620253164,0
1997-09-17,10,0.5573575949367089,0
1997-09-18,10,0.5830696202531646,0
1997-09-19,10,0.5721914556962026,0
1997-09-22,10,0.5328322784810127,0
1997-09-23,10,0.5178006329113924,0
1997-09-24,10,0.5625,0
1997-09-25,10,0.48813291139240506,0
1997-09-26,10,0.48694620253164556,0
1997-09-29,10,0.5049446202531646,0
1997-09-30,10,0.44125791139240506,0
1997-10-01,10,0.48556170886075956,0
1997-10-02,10,0.4044699367088608,0
1997-10-03,10,0.4005142405063291,0
1997-10-06,10,0.39458069620253167,0
1997-10-07,10,0.3842958860759494,0
1997-10-08,10,0.3136867088607595,0
1997-10-09,10,0.336629746835443,0
1997-10-10,10,0.29608386075949367,0
1997-10-13,10,0.36313291139240506,0
1997-10-14,10,0.39734968354430383,0
1997-10-15,10,0.2970727848101266,0
1997-10-16,10,0.3983386075949367,0
1997-10-17,10,0.5955300632911392,0
1997-10-20,10,0.7108386075949367,1
1997-10-21,10,0.7327927215189873,1
1997-10-22,10,0.7583069620253164,1
1997-10-23,10,0.7080696202531646,1
1997-10-24,10,0.8370253164556962,1
1997-10-27,10,0.8619462025316456,1
1997-10-28,10,0.9940664556962024,1
1997-10-29,10,0.9851661392405063,1
1997-10-30,10,0.9833860759493671,1
1997-10-31,10,0.9895174050632911,1
1997-11-03,10,0.9632120253164557,1
1997-11-04,10,0.9189082278481013,1
1997-11-05,10,0.9665743670886076,1
1997-11-06,10,0.9533227848101266,1
1997-11-07,10,0.8993275316455697,1
1997-11-10,10,0.9074367088607596,1
1997-11-11,10,0.5183939873417722,0
1997-11-12,10,0.7240901898734178,1
1997-11-13,10,0.8728243670886076,1
1997-11-14,10,0.6295490506329113,0
1997-11-17,10,0.6261867088607596,0
1997-11-18,10,0.6631724683544304,0
1997-11-19,10,0.767009493670886,1
1997-11-20,10,0.7278481012658228,1
1997-11-21,10,0.5680379746835442,0
1997-11-24,10,0.47923259493670883,0
1997-11-25,10,0.5466772151898733,0
1997-11-26,10,0.5379746835443038,0
1997-11-28,10,0.43117088607594933,0
1997-12-01,10,0.439873417721519,0
1997-12-02,10,0.4452136075949367,0
1997-12-03,10,0.4901107594936709,0
1997-12-04,10,0.42286392405063294,0
1997-12-05,10,0.45945411392405067,0
1997-12-08,10,0.46914556962025317,0
1997-12-09,10,0.5065268987341771,0
1997-12-10,10,0.3548259493670886,0
1997-12-11,10,0.4485759493670886,0
1997-12-12,10,0.6582278481012658,0
1997-12-15,10,0.7112341772151899,1
1997-12-16,10,0.6920490506329113,1
1997-12-17,10,0.6509098101265822,0
1997-12-18,10,0.6875,0
1997-12-19,10,0.7501977848101266,1
1997-12-22,10,0.742879746835443,1
1997-12-23,10,0.7721518987341772,1
1997-12-24,10,0.8277294303797469,1
1997-12-26,10,0.829509493670886,1
1997-12-29,10,0.7505933544303798,1
1997-12-30,10,0.7066851265822784,1
1997-12-31,10,0.6590189873417722,0
1998-01-02,10,0.7027294303797469,1
1998-01-05,10,0.6346914556962026,0
1998-01-06,10,0.515625,0
1998-01-07,10,0.533623417721519,0
1998-01-08,10,0.6133306962025317,0
1998-01-09,10,0.5278876582278481,0
1998-01-12,10,0.8235759493670886,1
1998-01-13,10,0.7559335443037976,1
1998-01-14,10,0.792128164556962,1
1998-01-15,10,0.8510680379746836,1
1998-01-16,10,0.8852848101265822,1
1998-01-20,10,0.866495253164557,1
1998-01-21,10,0.7709651898734178,1
1998-01-22,10,0.7422863924050633,1
1998-01-23,10,0.7950949367088608,1
1998-01-26,10,0.7693829113924051,1
1998-01-27,10,0.4521360759493671,0
1998-01-28,10,0.4519382911392405,0
1998-01-29,10,0.4642009493670886,0
1998-01-30,10,0.45628955696202533,0
1998-02-02,10,0.4345332278481013,0
1998-02-03,10,0.4444224683544304,0
1998-02-04,10,0.4614319620253165,0
1998-02-05,10,0.40268987341772156,0
1998-02-06,10,0.36669303797468356,0
1998-02-09,10,0.30755537974683544,0
1998-02-10,10,0.3146756329113924,0
1998-02-11,10,0.3032041139240506,0
1998-02-12,10,0.31566455696202533,0
1998-02-13,10,0.31863132911392406,0
1998-02-17,10,0.30814873417721517,0
1998-02-18,10,0.19125791139240506,0
1998-02-19,10,0.19758702531645567,0
1998-02-20,10,0.24584651898734178,0
1998-02-23,10,0.17761075949367086,0
1998-02-24,10,0.17919303797468356,0
1998-02-25,10,0.26839398734177217,0
1998-02-26,10,0.2802610759493671,0
1998-02-27,10,0.25692246835443033,0
1998-03-02,10,0.2778876582278481,0
1998-03-03,10,0.24920886075949367,0
1998-03-04,10,0.24287974683544306,0
1998-03-05,10,0.3310917721518988,0
1998-03-06,10,0.4857594936708861,0
1998-03-09,10,0.4810126582278481,0
1998-03-10,10,0.540743670886076,0
1998-03-11,10,0.4159414556962025,0
1998-03-12,10,0.43710443037974683,0
1998-03-13,10,0.46143196202531644,0
1998-03-16,10,0.477254746835443,0
1998-03-17,10,0.41811708860759494,0
1998-03-18,10,0.43670886075949367,0
1998-03-19,10,0.3789556962025316,0
1998-03-20,10,0.2430775316455696,0
1998-03-23,10,0.13449367088607594,0
1998-03-24,10,0.135878164556962,0
1998-03-25,10,0.11787974683544306,0
1998-03-26,10,0.1740506329113924,0
1998-03-27,10,0.19560917721518983,0
1998-03-30,10,0.24228639240506328,0
1998-03-31,10,0.2962816455696202,0
1998-04-01,10,0.2660205696202532,0
1998-04-02,10,0.260878164556962,0
1998-04-03,10,0.2620648734177215,0
1998-04-06,10,0.2747231012658228,0
1998-04-07,10,0.25,0
1998-04-08,10,0.4649920886075949,0
1998-04-09,10,0.5261075949367089,0
1998-04-13,10,0.46795886075949367,0
1998-04-14,10,0.41257911392405067,0
1998-04-15,10,0.35977056962025317,0
1998-04-16,10,0.3759889240506329,0
1998-04-17,10,0.5694224683544304,0
1998-04-20,10,0.5664556962025316,0
1998-04-21,10,0.580498417721519,0
1998-04-22,10,0.5452927215189873,0
1998-04-23,10,0.3587816455696202,0
1998-04-24,10,0.40625,0
1998-04-27,10,0.6101661392405063,0
1998-04-28,10,0.810126582278481,1
1998-04-29,10,0.8221914556962024,1
1998-04-30,10,0.8212025316455696,1
1998-05-01,10,0.6837420886075949,0
1998-05-04,10,0.7183544303797469,1
1998-05-05,10,0.7171677215189873,1
1998-05-06,10,0.7808544303797469,1
1998-05-07,10,0.8421677215189873,1
1998-05-08,10,0.8380142405063291,1
1998-05-11,10,0.7167721518987342,1
1998-05-12,10,0.4786392405063291,0
1998-05-13,10,0.42563291139240506,0
1998-05-14,10,0.44699367088607594,0
1998-05-15,10,0.5183939873417722,0
1998-05-18,10,0.6394382911392404,0
1998-05-19,10,0.6544699367088608,0
1998-05-20,10,0.5975079113924051,0
1998-05-21,10,0.4179193037974684,0
1998-05-22,10,0.3356408227848101,0
1998-05-26,10,0.41732594936708856,0
1998-05-27,10,0.6404272151898733,0
1998-05-28,10,0.6323180379746836,0
1998-05-29,10,0.6384493670886076,0
1998-06-01,10,0.6629746835443038,0
1998-06-02,10,0.6176819620253164,0
1998-06-03,10,0.6022547468354431,0
1998-06-04,10,0.6752373417721519,0
1998-06-05,10,0.696004746835443,1
1998-06-08,10,0.682753164556962,0
1998-06-09,10,0.6277689873417722,0
1998-06-10,10,0.3947784810126582,0
1998-06-11,10,0.43848892405063294,0
1998-06-12,10,0.7051028481012658,1
1998-06-15,10,0.6103639240506329,0
1998-06-16,10,0.8194224683544304,1
1998-06-17,10,0.7842167721518988,1
1998-06-18,10,0.564873417721519,0
1998-06-19,10,0.6542721518987342,0
1998-06-22,10,0.8061708860759493,1
1998-06-23,10,0.8024129746835443,1
1998-06-24,10,0.7371439873417722,1
1998-06-25,10,0.5899920886075949,0
1998-06-26,10,0.473496835443038,0
1998-06-29,10,0.47428797468354433,0
1998-06-30,10,0.2937104430379747,0
1998-07-01,10,0.334256329113924,0
1998-07-02,10,0.30300632911392406,0
1998-07-06,10,0.31111550632911394,0
1998-07-07,10,0.2503955696202531,0
1998-07-08,10,0.28125,0
1998-07-09,10,0.252373417721519,0
1998-07-10,10,0.33781645569620256,0
1998-07-13,10,0.27650316455696206,0
1998-07-14,10,0.2946993670886076,0
1998-07-15,10,0.294501582278481,0
1998-07-16,10,0.2782832278481012,0
1998-07-17,10,0.2557357594936709,0
1998-07-20,10,0.22725474683544306,0
1998-07-21,10,0.2749208860759494,0
1998-07-22,10,0.532634493670886,0
1998-07-23,10,0.5996835443037974,0
1998-07-24,10,0.7956882911392404,1
1998-07-27,10,0.8047863924050633,1
1998-07-28,10,0.7935126582278481,1
1998-07-29,10,0.8556170886075949,1
1998-07-30,10,0.8562104430379747,1
1998-07-31,10,0.8805379746835442,1
1998-08-03,10,0.923259493670886,1
1998-08-04,10,0.923259493670886,1
1998-08-05,10,0.9786392405063291,1
1998-08-06,10,0.9831882911392404,1
1998-08-07,10,0.9669699367088607,1
1998-08-10,10,0.9679588607594937,1
1998-08-11,10,0.9758702531645569,1
1998-08-12,10,0.9738924050632911,1
1998-08-13,10,0.9608386075949367,1
1998-08-14,10,0.9740901898734178,1
1998-08-17,10,0.964003164556962,1
1998-08-18,10,0.938884493670886,1
1998-08-19,10,0.5185917721518987,0
1998-08-20,10,0.5969145569620253,0
1998-08-21,10,0.7205300632911392,1
1998-08-24,10,0.8069620253164557,1
1998-08-25,10,0.7074762658227849,1
1998-08-26,10,0.5316455696202531,0
1998-08-27,10,0.7169699367088608,1
1998-08-28,10,0.9509493670886076,1
1998-08-31,10,0.9584651898734178,1
1998-09-01,10,0.9960443037974684,1
1998-09-02,10,0.9962420886075949,1
1998-09-03,10,0.9962420886075949,1
1998-09-04,10,0.9962420886075949,1
1998-09-08,10,0.9962420886075949,1
1998-09-09,10,0.9940664556962026,1
1998-09-10,10,0.9968354430379747,1
1998-09-11,10,0.9982199367088608,1
1998-09-14,10,0.9671677215189873,1
1998-09-15,10,0.7840189873417721,1
1998-09-16,10,0.49901107594936706,0
1998-09-17,10,0.5166139240506329,0
1998-09-18,10,0.575751582278481,0
1998-09-21,10,0.5419303797468354,0
1998-09-22,10,0.5174050632911392,0
1998-09-23,10,0.7444620253164557,1
1998-09-24,10,0.5065268987341772,0
1998-09-25,10,0.5033623417721519,0
1998-09-28,10,0.5429193037974683,0
1998-09-29,10,0.6313291139240507,0
1998-09-30,10,0.6940268987341772,1
1998-10-01,10,0.9495648734177216,1
1998-10-02,10,0.9608386075949367,1
1998-10-05,10,0.9139636075949367,1
1998-10-06,10,0.9657832278481013,1
1998-10-07,10,0.9760680379746836,1
1998-10-08,10,0.9821993670886076,1
1998-10-09,10,0.9770569620253164,1
1998-10-12,10,0.9853639240506329,1
1998-10-13,10,0.9792325949367089,1
1998-10-14,10,0.9823971518987342,1
1998-10-15,10,0.881131329113924,1
1998-10-16,10,0.5023734177215189,0
1998-10-19,10,0.5100870253164558,0
1998-10-20,10,0.4944620253164557,0
1998-10-21,10,0.491495253164557,0
1998-10-22,10,0.47685917721518983,0
1998-10-23,10,0.4497626582278481,0
1998-10-26,10,0.455498417721519,0
1998-10-27,10,0.4584651898734177,0
1998-10-28,10,0.4661787974683544,0
1998-10-29,10,0.4705300632911392,0
1998-10-30,10,0.287381329113924,0
1998-11-02,10,0.30181962025316456,0
1998-11-03,10,0.3113132911392405,0
1998-11-04,10,0.3212025316455696,0
1998-11-05,10,0.32140031645569617,0
1998-11-06,10,0.3372231012658228,0
1998-11-09,10,0.25375791139240506,0
1998-11-10,10,0.348496835443038,0
1998-11-11,10,0.3093354430379747,0
1998-11-12,10,0.36906645569620256,0
1998-11-13,10,0.37856012658227844,0
1998-11-16,10,0.382120253164557,0
1998-11-17,10,0.38291139240506333,0
1998-11-18,10,0.3575949367088607,0
1998-11-19,10,0.3613528481012658,0
1998-11-20,10,0.35383702531645567,0
1998-11-23,10,0.3504746835443038,0
1998-11-24,10,0.30241297468354433,0
1998-11-25,10,0.3223892405063291,0
1998-11-27,10,0.2529667721518988,0
1998-11-30,10,0.205498417721519,0
1998-12-01,10,0.4778481012658228,0
1998-12-02,10,0.4774525316455696,0
1998-12-03,10,0.5098892405063291,0
1998-12-04,10,0.7250791139240507,1
1998-12-07,10,0.6064082278481013,0
1998-12-08,10,0.6075949367088607,0
1998-12-09,10,0.8235759493670887,1
1998-12-10,10,0.7733386075949367,1
1998-12-11,10,0.900118670886076,1
1998-12-14,10,0.9113924050632911,1
1998-12-15,10,0.8971518987341772,1
1998-12-16,10,0.8672863924050633,1
1998-12-17,10,0.8488924050632911,1
1998-12-18,10,0.5698180379746836,0
1998-12-21,10,0.6689082278481012,0
1998-12-22,10,0.6424050632911392,0
1998-12-23,10,0.5901898734177216,0
1998-12-24,10,0.5183939873417722,0
1998-12-28,10,0.46716772151898733,0
1998-12-29,10,0.4717167721518987,0
1998-12-30,10,0.33069620253164556,0
1998-12-31,10,0.36748417721518983,0
1999-01-04,10,0.37460443037974683,0
1999-01-05,10,0.3807357594936709,0
1999-01-06,10,0.38904272151898733,0
1999-01-07,10,0.413370253164557,0
1999-01-08,10,0.41989715189873417,0
1999-01-11,10,0.4080300632911392,0
1999-01-12,10,0.45193829113924056,0
1999-01-13,10,0.6388449367088607,0
1999-01-14,10,0.7790743670886076,1
1999-01-15,10,0.8627373417721519,1
1999-01-19,10,0.6819620253164558,0
1999-01-20,10,0.6190664556962024,0
1999-01-21,10,0.6981803797468354,1
1999-01-22,10,0.9299841772151899,1
1999-01-25,10,0.9416534810126582,1
1999-01-26,10,0.9402689873417722,1
1999-01-27,10,0.8591772151898733,1
1999-01-28,10,0.7484177215189873,1
1999-01-29,10,0.5769382911392404,0
1999-02-01,10,0.4709256329113924,0
1999-02-02,10,0.5185917721518987,0
1999-02-03,10,0.6594145569620253,0
1999-02-04,10,0.6186708860759493,0
1999-02-05,10,0.6424050632911392,0
1999-02-08,10,0.6305379746835442,0
1999-02-09,10,0.6653481012658228,0
1999-02-10,10,0.9115901898734178,1
1999-02-11,10,0.8664952531645569,1
1999-02-12,10,0.8512658227848102,1
1999-02-16,10,0.9527294303797469,1
1999-02-17,10,0.930379746835443,1
1999-02-18,10,0.946993670886076,1
1999-02-19,10,0.9424446202531646,1
1999-02-22,10,0.8445411392405063,1
1999-02-23,10,0.5810917721518987,0
1999-02-24,10,0.6062104430379747,0
1999-02-25,10,0.551621835443038,0
1999-02-26,10,0.6346914556962024,0
1999-03-01,10,0.8670886075949367,1
1999-03-02,10,0.7021360759493671,1
1999-03-03,10,0.8370253164556962,1
1999-03-04,10,0.6932357594936709,1
1999-03-05,10,0.6673259493670887,0
1999-03-08,10,0.5433148734177216,0
1999-03-09,10,0.642009493670886,0
1999-03-10,10,0.658623417721519,0
1999-03-11,10,0.47428797468354433,0
1999-03-12,10,0.40664556962025317,0
1999-03-15,10,0.39102056962025317,0
1999-03-16,10,0.3684731012658228,0
1999-03-17,10,0.3047863924050633,0
1999-03-18,10,0.361748417721519,0
1999-03-19,10,0.357001582278481,0
1999-03-22,10,0.4539161392405063,0
1999-03-23,10,0.514240506329114,0
1999-03-24,10,0.8401898734177216,1
1999-03-25,10,0.8407832278481013,1
1999-03-26,10,0.813884493670886,1
1999-03-29,10,0.8370253164556962,1
1999-03-30,10,0.7624604430379747,1
1999-03-31,10,0.8239715189873418,1
1999-04-01,10,0.8571993670886076,1
1999-04-05,10,0.8943829113924051,1
1999-04-06,10,0.6380537974683544,0
1999-04-07,10,0.6445806962025317,0
1999-04-08,10,0.44462025316455694,0
1999-04-09,10,0.44066455696202533,0
1999-04-12,10,0.44580696202531644,0
1999-04-13,10,0.41515031645569617,0
1999-04-14,10,0.4489715189873418,0
1999-04-15,10,0.5324367088607596,0
1999-04-16,10,0.47705696202531644,0
1999-04-19,10,0.5334256329113924,0
1999-04-20,10,0.849881329113924,1
1999-04-21,10,0.8032041139240507,1
1999-04-22,10,0.7142009493670886,1
1999-04-23,10,0.678995253164557,0
1999-04-26,10,0.7244857594936709,1
1999-04-27,10,0.770371835443038,1
1999-04-28,10,0.6873022151898733,0
1999-04-29,10,0.6089794303797469,0
1999-04-30,10,0.6271756329113924,0
1999-05-03,10,0.6532832278481013,0
1999-05-04,10,0.4293908227848101,0
1999-05-05,10,0.5779272151898733,0
1999-05-06,10,0.6340981012658228,0
1999-05-07,10,0.805379746835443,1
1999-05-10,10,0.7725474683544304,1
1999-05-11,10,0.8010284810126582,1
1999-05-12,10,0.7614715189873418,1
1999-05-13,10,0.6224287974683544,0
1999-05-14,10,0.5431170886075949,0
1999-05-17,10,0.7418908227848102,1
1999-05-18,10,0.8212025316455696,1
1999-05-19,10,0.7005537974683544,1
1999-05-20,10,0.7242879746835443,1
1999-05-21,10,0.6340981012658228,0
1999-05-24,10,0.7529667721518987,1
1999-05-25,10,0.8544303797468354,1
1999-05-26,10,0.8872626582278481,1
1999-05-27,10,0.9117879746835443,1
1999-05-28,10,0.9386867088607596,1
1999-06-01,10,0.9076344936708861,1
1999-06-02,10,0.9216772151898733,1
1999-06-03,10,0.9129746835443038,1
1999-06-04,10,0.9151503164556962,1
1999-06-07,10,0.8494857594936709,1
1999-06-08,10,0.7551424050632911,1
1999-06-09,10,0.7066851265822784,1
1999-06-10,10,0.5399525316455696,0
1999-06-11,10,0.7685917721518987,1
1999-06-14,10,0.6305379746835442,0
1999-06-15,10,0.739121835443038,1
1999-06-16,10,0.6388449367088608,0
1999-06-17,10,0.5174050632911393,0
1999-06-18,10,0.5011867088607596,0
1999-06-21,10,0.5909810126582278,0
1999-06-22,10,0.5965189873417722,0
1999-06-23,10,0.5541930379746836,0
1999-06-24,10,0.5846518987341772,0
1999-06-25,10,0.5982990506329113,0
1999-06-28,10,0.5261075949367089,0
1999-06-29,10,0.466376582278481,0
1999-06-30,10,0.45055379746835444,0
1999-07-01,10,0.4375,0
1999-07-02,10,0.44026898734177217,0
1999-07-06,10,0.4276107594936709,0
1999-07-07,10,0.4590585443037975,0
1999-07-08,10,0.37856012658227844,0
1999-07-09,10,0.3708465189873418,0
1999-07-12,10,0.2029272151898734,0
1999-07-13,10,0.2278481012658228,0
1999-07-14,10,0.2689873417721519,0
1999-07-15,10,0.23022151898734178,0
1999-07-16,10,0.17919303797468356,0
1999-07-19,10,0.17919303797468353,0
1999-07-20,10,0.3316851265822785,0
1999-07-21,10,0.7213212025316456,1
1999-07-22,10,0.7375395569620253,1
1999-07-23,10,0.817246835443038,1
1999-07-26,10,0.8225870253164557,1
1999-07-27,10,0.8293117088607596,1
1999-07-28,10,0.8314873417721519,1
1999-07-29,10,0.8332674050632911,1
1999-07-30,10,0.885878164556962,1
1999-08-02,10,0.8757911392405063,1
1999-08-03,10,0.8785601265822784,1
1999-08-04,10,0.7917325949367089,1
1999-08-05,10,0.8144778481012658,1
1999-08-06,10,0.8049841772151899,1
1999-08-09,10,0.826740506329114,1
1999-08-10,10,0.8202136075949367,1
1999-08-11,10,0.770371835443038,1
1999-08-12,10,0.8714398734177216,1
1999-08-13,10,0.8156645569620253,1
1999-08-16,10,0.740506329113924,1
1999-08-17,10,0.7134098101265822,1
1999-08-18,10,0.5901898734177216,0
1999-08-19,10,0.5431170886075949,0
1999-08-20,10,0.6659414556962024,0
1999-08-23,10,0.4982199367088608,0
1999-08-24,10,0.46380537974683544,0
1999-08-25,10,0.4074367088607595,0
1999-08-26,10,0.40348101265822783,0
1999-08-27,10,0.45628955696202533,0
1999-08-30,10,0.5731803797468354,0
1999-08-31,10,0.7984572784810127,1
1999-09-01,10,0.8548259493670887,1
1999-09-02,10,0.7571202531645569,1
1999-09-03,10,0.7786787974683544,1
1999-09-07,10,0.6473496835443038,0
1999-09-08,10,0.8364319620253164,1
1999-09-09,10,0.8777689873417722,1
1999-09-10,10,0.9070411392405063,1
1999-09-13,10,0.8158623417721519,1
1999-09-14,10,0.7772943037974683,1
1999-09-15,10,0.6271756329113924,0
1999-09-16,10,0.753362341772152,1
1999-09-17,10,0.7988528481012658,1
1999-09-20,10,0.6186708860759493,0
1999-09-21,10,0.653876582278481,0
1999-09-22,10,0.8291139240506329,1
1999-09-23,10,0.8174446202531646,1
1999-09-24,10,0.9009098101265822,1
1999-09-27,10,0.8993275316455696,1
1999-09-28,10,0.9009098101265822,1
1999-09-29,10,0.8969541139240507,1
1999-09-30,10,0.8878560126582278,1
1999-10-01,10,0.8926028481012658,1
1999-10-04,10,0.8852848101265822,1
1999-10-05,10,0.8928006329113924,1
1999-10-06,10,0.7567246835443038,1
1999-10-07,10,0.6463607594936709,0
1999-10-08,10,0.4479825949367089,0
1999-10-11,10,0.4165348101265823,0
1999-10-12,10,0.4311708860759494,0
1999-10-13,10,0.5375791139240507,0
1999-10-14,10,0.6487341772151899,0
1999-10-15,10,0.7606803797468354,1
1999-10-18,10,0.9440268987341772,1
1999-10-19,10,0.9541139240506329,1
1999-10-20,10,0.9438291139240507,1
1999-10-21,10,0.9406645569620253,1
1999-10-22,10,0.9357199367088608,1
1999-10-25,10,0.9353243670886076,1
1999-10-26,10,0.9499604430379747,1
1999-10-27,10,0.9248417721518987,1
1999-10-28,10,0.7013449367088608,1
1999-10-29,10,0.521756329113924,0
1999-11-01,10,0.46538765822784806,0
1999-11-02,10,0.4776503164556962,0
1999-11-03,10,0.4855617088607595,0
1999-11-04,10,0.4920886075949367,0
1999-11-05,10,0.47389240506329117,0
1999-11-08,10,0.4764636075949367,0
1999-11-09,10,0.4560917721518988,0
1999-11-10,10,0.45352056962025317,0
1999-11-11,10,0.45470727848101267,0
1999-11-12,10,0.32594936708860756,0
1999-11-15,10,0.30300632911392406,0
1999-11-16,10,0.23338607594936708,0
1999-11-17,10,0.24861550632911392,0
1999-11-18,10,0.3249604430379747,0
1999-11-19,10,0.3275316455696203,0
1999-11-22,10,0.3587816455696203,0
1999-11-23,10,0.38014240506329117,0
1999-11-24,10,0.4196993670886076,0
1999-11-26,10,0.4127768987341772,0
1999-11-29,10,0.44818037974683544,0
1999-11-30,10,0.5765427215189873,0
1999-12-01,10,0.7272547468354431,1
1999-12-02,10,0.7122231012658229,1
1999-12-03,10,0.6390427215189873,0
1999-12-06,10,0.6222310126582278,0
1999-12-07,10,0.6776107594936709,0
1999-12-08,10,0.7642405063291139,1
1999-12-09,10,0.6873022151898733,0
1999-12-10,10,0.71875,1
1999-12-13,10,0.6756329113924051,0
1999-12-14,10,0.6190664556962024,0
1999-12-15,10,0.5399525316455696,0
1999-12-16,10,0.5340189873417722,0
1999-12-17,10,0.5636867088607596,0
1999-12-20,10,0.5589398734177216,0
1999-12-21,10,0.5045490506329114,0
1999-12-22,10,0.305379746835443,0
1999-12-23,10,0.24367088607594933,0
1999-12-27,10,0.2770965189873418,0
1999-12-28,10,0.30854430379746833,0
1999-12-29,10,0.2927215189873418,0
1999-12-30,10,0.17029272151898736,0
1999-12-31,10,0.18413765822784808,0
1990-01-02,20,0.3981408227848101,0
1990-01-03,20,0.40901898734177217,0
1990-01-04,20,0.4467958860759494,0
1990-01-05,20,0.4816060126582279,0
1990-01-08,20,0.5419303797468354,0
1990-01-09,20,0.49545094936708856,0
1990-01-10,20,0.607001582278481,0
1990-01-11,20,0.6532832278481013,0
1990-01-12,20,0.6744462025316456,0
1990-01-15,20,0.8301028481012658,1
1990-01-16,20,0.8395965189873418,1
1990-01-17,20,0.8297072784810127,1
1990-01-18,20,0.7802610759493671,1
1990-01-19,20,0.7581091772151899,1
1990-01-22,20,0.7525712025316456,1
1990-01-23,20,0.8900316455696202,1
1990-01-24,20,0.8888449367088608,1
1990-01-25,20,0.890625,1
1990-01-26,20,0.907634493670886,1
1990-01-29,20,0.9009098101265822,1
1990-01-30,20,0.8933939873417722,1
1990-01-31,20,0.8514636075949367,1
1990-02-01,20,0.8989319620253164,1
1990-02-02,20,0.896756329113924,1
1990-02-05,20,0.8931962025316456,1
1990-02-06,20,0.8935917721518987,1
1990-02-07,20,0.8835047468354431,1
1990-02-08,20,0.8837025316455696,1
1990-02-09,20,0.889240506329114,1
1990-02-12,20,0.7790743670886076,1
1990-02-13,20,0.7889636075949367,1
1990-02-14,20,0.8014240506329113,1
1990-02-15,20,0.7543512658227849,1
1990-02-16,20,0.7361550632911392,1
1990-02-20,20,0.7743275316455696,1
1990-02-21,20,0.6619857594936709,0
1990-02-22,20,0.6807753164556962,0
1990-02-23,20,0.6902689873417721,0
1990-02-26,20,0.6325158227848102,0
1990-02-27,20,0.5769382911392404,0
1990-02-28,20,0.5385680379746836,0
1990-03-01,20,0.45233386075949367,0
1990-03-02,20,0.49980221518987344,0
1990-03-05,20,0.4566851265822785,0
1990-03-06,20,0.5324367088607596,0
1990-03-07,20,0.4932753164556962,0
1990-03-08,20,0.4596518987341772,0
1990-03-09,20,0.4701344936708861,0
1990-03-12,20,0.5085047468354431,0
1990-03-13,20,0.5075158227848102,0
1990-03-14,20,0.479628164556962,0
1990-03-15,20,0.48121044303797467,0
1990-03-16,20,0.4778481012658228,0
1990-03-19,20,0.4675632911392405,0
1990-03-20,20,0.39141613924050633,0
1990-03-21,20,0.29094145569620256,0
1990-03-22,20,0.3299050632911392,0
1990-03-23,20,0.39675632911392406,0
1990-03-26,20,0.33761867088607594,0
1990-03-27,20,0.35897943037974683,0
1990-03-28,20,0.3502768987341772,0
1990-03-29,20,0.3660996835443038,0
1990-03-30,20,0.41000791139240506,0
1990-04-02,20,0.47132120253164556,0
1990-04-03,20,0.45193829113924044,0
1990-04-04,20,0.4545094936708861,0
1990-04-05,20,0.49980221518987344,0
1990-04-06,20,0.537381329113924,0
1990-04-09,20,0.4895174050632911,0
1990-04-10,20,0.4849683544303797,0
1990-04-11,20,0.3981408227848101,0
1990-04-12,20,0.4189082278481013,0
1990-04-16,20,0.40367879746835444,0
1990-04-17,20,0.4335443037974684,0
1990-04-18,20,0.4533227848101266,0
1990-04-19,20,0.5225474683544303,0
1990-04-20,20,0.5456882911392404,0
1990-04-23,20,0.5075158227848101,0
1990-04-24,20,0.623615506329114,0
1990-04-25,20,0.6317246835443038,0
1990-04-26,20,0.611748417721519,0
1990-04-27,20,0.6109572784810127,0
1990-04-30,20,0.6606012658227849,0
1990-05-01,20,0.6596123417721519,0
1990-05-02,20,0.642009493670886,0
1990-05-03,20,0.604628164556962,0
1990-05-04,20,0.5650712025316456,0
1990-05-07,20,0.5484572784810127,0
1990-05-08,20,0.5122626582278481,0
1990-05-09,20,0.509493670886076,0
1990-05-10,20,0.5075158227848101,0
1990-05-11,20,0.48931962025316456,0
1990-05-14,20,0.49149525316455694,0
1990-05-15,20,0.4600474683544304,0
1990-05-16,20,0.4665743670886076,0
1990-05-17,20,0.38132911392405067,0
1990-05-18,20,0.3348496835443038,0
1990-05-21,20,0.2905458860759494,0
1990-05-22,20,0.1973892405063291,0
1990-05-23,20,0.18492879746835444,0
1990-05-24,20,0.18749999999999997,0
1990-05-25,20,0.20530063291139242,0
1990-05-29,20,0.19580696202531644,0
1990-05-30,20,0.2436708860759494,0
1990-05-31,20,0.24940664556962028,0
1990-06-01,20,0.2545490506329114,0
1990-06-04,20,0.2537579113924051,0
1990-06-05,20,0.26166930379746833,0
1990-06-06,20,0.27848101265822783,0
1990-06-07,20,0.3006329113924051,0
1990-06-08,20,0.3225870253164557,0
1990-06-11,20,0.3912183544303798,0
1990-06-12,20,0.38330696202531644,0
1990-06-13,20,0.38132911392405067,0
1990-06-14,20,0.40031645569620256,0
1990-06-15,20,0.4345332278481013,0
1990-06-18,20,0.4428401898734177,0
1990-06-19,20,0.6010680379746836,0
1990-06-20,20,0.620253164556962,0
1990-06-21,20,0.6166930379746836,0
1990-06-22,20,0.6081882911392404,0
1990-06-25,20,0.7094541139240507,1
1990-06-26,20,0.692246835443038,0
1990-06-27,20,0.7122231012658228,1
1990-06-28,20,0.6975870253164558,1
1990-06-29,20,0.6839398734177216,0
1990-07-02,20,0.6950158227848101,0
1990-07-03,20,0.7001582278481013,1
1990-07-05,20,0.6912579113924051,0
1990-07-06,20,0.734375,1
1990-07-09,20,0.7009493670886076,1
1990-07-10,20,0.5947389240506329,0
1990-07-11,20,0.6815664556962024,0
1990-07-12,20,0.6811708860759493,0
1990-07-13,20,0.6234177215189873,0
1990-07-16,20,0.5607199367088608,0
1990-07-17,20,0.5334256329113924,0
1990-07-18,20,0.40249208860759494,0
1990-07-19,20,0.5043512658227849,0
1990-07-20,20,0.4970332278481013,0
1990-07-23,20,0.5947389240506329,0
1990-07-24,20,0.6392405063291139,0
1990-07-25,20,0.5644778481012658,0
1990-07-26,20,0.5403481012658228,0
1990-07-27,20,0.5990901898734178,0
1990-07-30,20,0.6760284810126582,0
1990-07-31,20,0.6598101265822784,0
1990-08-01,20,0.6693037974683544,0
1990-08-02,20,0.6825553797468354,0
1990-08-03,20,0.6760284810126582,0
1990-08-06,20,0.7913370253164557,1
1990-08-07,20,0.8955696202531646,1
1990-08-08,20,0.8898338607594937,1
1990-08-09,20,0.8850870253164558,1
1990-08-10,20,0.8740110759493671,1
1990-08-13,20,0.8779667721518987,1
1990-08-14,20,0.889240506329114,1
1990-08-15,20,0.8896360759493671,1
1990-08-16,20,0.8868670886075949,1
1990-08-17,20,0.9198971518987342,1
1990-08-20,20,0.9234572784810127,1
1990-08-21,20,0.9104034810126582,1
1990-08-22,20,0.9291930379746836,1
1990-08-23,20,0.9335443037974683,1
1990-08-24,20,0.9624208860759493,1
1990-08-27,20,0.975870253164557,1
1990-08-28,20,0.9847705696202531,1
1990-08-29,20,0.9849683544303798,1
1990-08-30,20,0.9835838607594937,1
1990-08-31,20,0.9847705696202531,1
1990-09-04,20,0.9768591772151899,1
1990-09-05,20,0.9384889240506329,1
1990-09-06,20,0.9339398734177216,1
1990-09-07,20,0.9636075949367089,1
1990-09-10,20,0.9606408227848101,1
1990-09-11,20,0.9519382911392406,1
1990-09-12,20,0.9618275316455696,1
1990-09-13,20,0.9590585443037974,1
1990-09-14,20,0.9713212025316456,1
1990-09-17,20,0.9543117088607594,1
1990-09-18,20,0.9256329113924051,1
1990-09-19,20,0.9246439873417722,1
1990-09-20,20,0.8755933544303798,1
1990-09-21,20,0.8738132911392404,1
1990-09-24,20,0.6673259493670887,0
1990-09-25,20,0.8651107594936709,1
1990-09-26,20,0.8382120253164558,1
1990-09-27,20,0.8530458860759493,1
1990-09-28,20,0.8645174050632911,1
1990-10-01,20,0.8575949367088607,1
1990-10-02,20,0.8722310126582279,1
1990-10-03,20,0.8740110759493671,1
1990-10-04,20,0.9159414556962026,1
1990-10-05,20,0.873615506329114,1
1990-10-08,20,0.8985363924050633,1
1990-10-09,20,0.8748022151898734,1
1990-10-10,20,0.9456091772151899,1
1990-10-11,20,0.9622231012658228,1
1990-10-12,20,0.9659810126582278,1
1990-10-15,20,0.9602452531645569,1
1990-10-16,20,0.9553006329113924,1
1990-10-17,20,0.9685522151898733,1
1990-10-18,20,0.9647943037974684,1
1990-10-19,20,0.8973496835443038,1
1990-10-22,20,0.7840189873417722,1
1990-10-23,20,0.606012658227848,0
1990-10-24,20,0.7304193037974683,1
1990-10-25,20,0.6524920886075949,0
1990-10-26,20,0.6176819620253164,0
1990-10-29,20,0.8318829113924051,1
1990-10-30,20,0.9420490506329113,1
1990-10-31,20,0.9329509493670887,1
1990-11-01,20,0.9005142405063291,1
1990-11-02,20,0.8848892405063291,1
1990-11-05,20,0.7941060126582278,1
1990-11-06,20,0.7770965189873418,1
1990-11-07,20,0.652887658227848,0
1990-11-08,20,0.6730617088607596,0
1990-11-09,20,0.5367879746835442,0
1990-11-12,20,0.5282832278481013,0
1990-11-13,20,0.5193829113924051,0
1990-11-14,20,0.493868670886076,0
1990-11-15,20,0.4839794303797469,0
1990-11-16,20,0.5504351265822784,0
1990-11-19,20,0.6558544303797469,0
1990-11-20,20,0.6570411392405063,0
1990-11-21,20,0.6954113924050633,1
1990-11-23,20,0.6869066455696202,0
1990-11-26,20,0.6517009493670887,0
1990-11-27,20,0.4899129746835443,0
1990-11-28,20,0.43492879746835444,0
1990-11-29,20,0.4495648734177215,0
1990-11-30,20,0.4717167721518987,0
1990-12-03,20,0.46143196202531644,0
1990-12-04,20,0.4810126582278481,0
1990-12-05,20,0.4885284810126582,0
1990-12-06,20,0.42266613924050633,0
1990-12-07,20,0.3587816455696203,0
1990-12-10,20,0.3744066455696202,0
1990-12-11,20,0.3575949367088608,0
1990-12-12,20,0.45352056962025317,0
1990-12-13,20,0.36451740506329117,0
1990-12-14,20,0.41989715189873417,0
1990-12-17,20,0.39260284810126583,0
1990-12-18,20,0.4115901898734177,0
1990-12-19,20,0.39497626582278483,0
1990-12-20,20,0.2913370253164557,0
1990-12-21,20,0.29905063291139244,0
1990-12-24,20,0.2745253164556962,0
1990-12-26,20,0.3182357594936709,0
1990-12-27,20,0.32496044303797467,0
1990-12-28,20,0.38568037974683544,0
1990-12-31,20,0.3419699367088608,0
1991-01-02,20,0.33089398734177217,0
1991-01-03,20,0.48180379746835444,0
1991-01-04,20,0.6410205696202531,0
1991-01-07,20,0.6449762658227848,0
1991-01-08,20,0.740506329113924,1
1991-01-09,20,0.7363528481012658,1
1991-01-10,20,0.7577136075949367,1
1991-01-11,20,0.7549446202531646,1
1991-01-14,20,0.743868670886076,1
1991-01-15,20,0.7537579113924051,1
1991-01-16,20,0.7446598101265822,1
1991-01-17,20,0.7371439873417722,1
1991-01-18,20,0.7846123417721519,1
1991-01-21,20,0.720134493670886,1
1991-01-22,20,0.7407041139240507,1
1991-01-23,20,0.821004746835443,1
1991-01-24,20,0.7577136075949367,1
1991-01-25,20,0.7051028481012658,1
1991-01-28,20,0.6210443037974683,0
1991-01-29,20,0.6301424050632911,0
1991-01-30,20,0.6659414556962026,0
1991-01-31,20,0.5191851265822784,0
1991-02-01,20,0.46202531645569617,0
1991-02-04,20,0.4614319620253165,0
1991-02-05,20,0.41337025316455694,0
1991-02-06,20,0.4064477848101266,0
1991-02-07,20,0.3941851265822785,0
1991-02-08,20,0.40288765822784806,0
1991-02-11,20,0.4009098101265823,0
1991-02-12,20,0.40625,0
1991-02-13,20,0.42681962025316456,0
1991-02-14,20,0.4272151898734177,0
1991-02-15,20,0.3852848101265823,0
1991-02-19,20,0.385878164556962,0
1991-02-20,20,0.3795490506329114,0
1991-02-21,20,0.3920094936708861,0
1991-02-22,20,0.3973496835443038,0
1991-02-25,20,0.39339398734177217,0
1991-02-26,20,0.3924050632911392,0
1991-02-27,20,0.42266613924050633,0
1991-02-28,20,0.41811708860759494,0
1991-03-01,20,0.42325949367088606,0
1991-03-04,20,0.42345727848101267,0
1991-03-05,20,0.4252373417721519,0
1991-03-06,20,0.43156645569620256,0
1991-03-07,20,0.4408623417721519,0
1991-03-08,20,0.45174050632911394,0
1991-03-11,20,0.448378164556962,0
1991-03-12,20,0.4926819620253165,0
1991-03-13,20,0.6384493670886076,0
1991-03-14,20,0.515625,0
1991-03-15,20,0.5929588607594938,0
1991-03-18,20,0.47250791139240506,0
1991-03-19,20,0.5619066455696202,0
1991-03-20,20,0.6934335443037976,0
1991-03-21,20,0.5818829113924051,0
1991-03-22,20,0.6000791139240507,0
1991-03-25,20,0.5973101265822784,0
1991-03-26,20,0.5909810126582278,0
1991-03-27,20,0.42919303797468356,0
1991-03-28,20,0.5009889240506329,0
1991-04-01,20,0.4873417721518987,0
1991-04-02,20,0.6198575949367089,0
1991-04-03,20,0.517998417721519,0
1991-04-04,20,0.6091772151898734,0
1991-04-05,20,0.5909810126582278,0
1991-04-08,20,0.678006329113924,0
1991-04-09,20,0.6157041139240507,0
1991-04-10,20,0.6797863924050633,0
1991-04-11,20,0.6335047468354431,0
1991-04-12,20,0.6339003164556962,0
1991-04-15,20,0.5721914556962026,0
1991-04-16,20,0.5615110759493671,0
1991-04-17,20,0.4651898734177215,0
1991-04-18,20,0.38904272151898733,0
1991-04-19,20,0.41099683544303794,0
1991-04-22,20,0.43829113924050633,0
1991-04-23,20,0.49386867088607594,0
1991-04-24,20,0.5120648734177216,0
1991-04-25,20,0.5787183544303798,0
1991-04-26,20,0.6293512658227849,0
1991-04-29,20,0.6313291139240507,0
1991-04-30,20,0.6596123417721519,0
1991-05-01,20,0.7106408227848102,1
1991-05-02,20,0.6471518987341772,0
1991-05-03,20,0.6574367088607596,0
1991-05-06,20,0.5676424050632911,0
1991-05-07,20,0.6172863924050633,0
1991-05-08,20,0.5597310126582279,0
1991-05-09,20,0.535996835443038,0
1991-05-10,20,0.5340189873417722,0
1991-05-13,20,0.7379351265822784,1
1991-05-14,20,0.7363528481012658,1
1991-05-15,20,0.7962816455696202,1
1991-05-16,20,0.8020174050632911,1
1991-05-17,20,0.8095332278481012,1
1991-05-20,20,0.776503164556962,1
1991-05-21,20,0.7472310126582278,1
1991-05-22,20,0.7393196202531646,1
1991-05-23,20,0.7401107594936709,1
1991-05-24,20,0.7070806962025317,1
1991-05-28,20,0.6754351265822784,0
1991-05-29,20,0.5003955696202531,0
1991-05-30,20,0.5142405063291139,0
1991-05-31,20,0.520371835443038,0
1991-06-03,20,0.4827927215189874,0
1991-06-04,20,0.5231408227848101,0
1991-06-05,20,0.5158227848101267,0
1991-06-06,20,0.5130537974683544,0
1991-06-07,20,0.5625,0
1991-06-10,20,0.6912579113924051,0
1991-06-11,20,0.5193829113924051,0
1991-06-12,20,0.5079113924050633,0
1991-06-13,20,0.4800237341772152,0
1991-06-14,20,0.37954905063291144,0
1991-06-17,20,0.38093354430379744,0
1991-06-18,20,0.435126582278481,0
1991-06-19,20,0.46657436708860756,0
1991-06-20,20,0.5854430379746836,0
1991-06-21,20,0.590387658227848,0
1991-06-24,20,0.5399525316455696,0
1991-06-25,20,0.7130142405063291,1
1991-06-26,20,0.7258702531645569,1
1991-06-27,20,0.7256724683544304,1
1991-06-28,20,0.7199367088607596,1
1991-07-01,20,0.7361550632911392,1
1991-07-02,20,0.7600870253164557,1
1991-07-03,20,0.760878164556962,1
1991-07-05,20,0.7810522151898733,1
1991-07-08,20,0.7678006329113924,1
1991-07-09,20,0.6815664556962026,0
1991-07-10,20,0.6993670886075949,1
1991-07-11,20,0.7252768987341772,1
1991-07-12,20,0.6315268987341772,0
1991-07-15,20,0.603243670886076,0
1991-07-16,20,0.626384493670886,0
1991-07-17,20,0.5979034810126582,0
1991-07-18,20,0.5773338607594937,0
1991-07-19,20,0.44877373417721517,0
1991-07-22,20,0.4762658227848101,0
1991-07-23,20,0.5417325949367089,0
1991-07-24,20,0.4331487341772152,0
1991-07-25,20,0.44303797468354433,0
1991-07-26,20,0.4276107594936709,0
1991-07-29,20,0.46617879746835444,0
1991-07-30,20,0.3528481012658228,0
1991-07-31,20,0.33306962025316456,0
1991-08-01,20,0.30755537974683544,0
1991-08-02,20,0.22409018987341775,0
1991-08-05,20,0.2321993670886076,0
1991-08-06,20,0.3176424050632911,0
1991-08-07,20,0.23595727848101264,0
1991-08-08,20,0.22982594936708858,0
1991-08-09,20,0.26720727848101267,0
1991-08-12,20,0.35443037974683544,0
1991-08-13,20,0.37401107594936706,0
1991-08-14,20,0.32891613924050633,0
1991-08-15,20,0.3168512658227848,0
1991-08-16,20,0.3785601265822785,0
1991-08-19,20,0.4331487341772152,0
1991-08-20,20,0.6910601265822784,0
1991-08-21,20,0.6064082278481013,0
1991-08-22,20,0.5130537974683544,0
1991-08-23,20,0.5338212025316456,0
1991-08-26,20,0.49742879746835444,0
1991-08-27,20,0.5310522151898734,0
1991-08-28,20,0.5996835443037976,0
1991-08-29,20,0.5640822784810127,0
1991-08-30,20,0.5545886075949367,0
1991-09-03,20,0.5743670886075949,0
1991-09-04,20,0.5988924050632911,0
1991-09-05,20,0.7060917721518987,1
1991-09-06,20,0.7157832278481012,1
1991-09-09,20,0.7001582278481013,1
1991-09-10,20,0.6667325949367089,0
1991-09-11,20,0.7529667721518988,1
1991-09-12,20,0.7630537974683544,1
1991-09-13,20,0.7409018987341772,1
1991-09-16,20,0.787381329113924,1
1991-09-17,20,0.7060917721518987,1
1991-09-18,20,0.48813291139240506,0
1991-09-19,20,0.5090981012658228,0
1991-09-20,20,0.4764636075949367,0
1991-09-23,20,0.47962816455696206,0
1991-09-24,20,0.5092958860759493,0
1991-09-25,20,0.5007911392405063,0
1991-09-26,20,0.5017800632911392,0
1991-09-27,20,0.5025712025316456,0
1991-09-30,20,0.5059335443037974,0
1991-10-01,20,0.4918908227848101,0
1991-10-02,20,0.4319620253164557,0
1991-10-03,20,0.40704113924050633,0
1991-10-04,20,0.4731012658227848,0
1991-10-07,20,0.5215585443037976,0
1991-10-08,20,0.5369857594936709,0
1991-10-09,20,0.4630142405063291,0
1991-10-10,20,0.5320411392405063,0
1991-10-11,20,0.5371835443037974,0
1991-10-14,20,0.4645965189873418,0
1991-10-15,20,0.4537183544303798,0
1991-10-16,20,0.41930379746835444,0
1991-10-17,20,0.41594145569620256,0
1991-10-18,20,0.44264240506329117,0
1991-10-21,20,0.4408623417721519,0
1991-10-22,20,0.45154272151898733,0
1991-10-23,20,0.5178006329113924,0
1991-10-24,20,0.4970332278481013,0
1991-10-25,20,0.5573575949367089,0
1991-10-28,20,0.5646756329113924,0
1991-10-29,20,0.5561708860759493,0
1991-10-30,20,0.5490506329113924,0
1991-10-31,20,0.5176028481012658,0
1991-11-01,20,0.43354430379746833,0
1991-11-04,20,0.37124208860759494,0
1991-11-05,20,0.35245253164556956,0
1991-11-06,20,0.4068433544303798,0
1991-11-07,20,0.2816455696202531,0
1991-11-08,20,0.2818433544303798,0
1991-11-11,20,0.3111155063291139,0
1991-11-12,20,0.35047468354430383,0
1991-11-13,20,0.359375,0
1991-11-14,20,0.3753955696202531,0
1991-11-15,20,0.36431962025316456,0
1991-11-18,20,0.8123022151898733,1
1991-11-19,20,0.7685917721518987,1
1991-11-20,20,0.8190268987341772,1
1991-11-21,20,0.8285205696202531,1
1991-11-22,20,0.7869857594936709,1
1991-11-25,20,0.8229825949367089,1
1991-11-26,20,0.845134493670886,1
1991-11-27,20,0.8449367088607596,1
1991-11-29,20,0.8550237341772151,1
1991-12-02,20,0.8581882911392404,1
1991-12-03,20,0.8471123417721519,1
1991-12-04,20,0.8409810126582278,1
1991-12-05,20,0.835245253164557,1
1991-12-06,20,0.864121835443038,1
1991-12-09,20,0.8660996835443038,1
1991-12-10,20,0.8666930379746836,1
1991-12-11,20,0.8686708860759493,1
1991-12-12,20,0.8696598101265822,1
1991-12-13,20,0.8722310126582278,1
1991-12-16,20,0.864121835443038,1
1991-12-17,20,0.5292721518987342,0
1991-12-18,20,0.5917721518987342,0
1991-12-19,20,0.41633702531645567,0
1991-12-20,20,0.4173259493670886,0
1991-12-23,20,0.40071202531645567,0
1991-12-24,20,0.3382120253164557,0
1991-12-26,20,0.3208069620253165,0
1991-12-27,20,0.32792721518987344,0
1991-12-30,20,0.3105221518987342,0
1991-12-31,20,0.3336629746835443,0
1992-01-02,20,0.31566455696202533,0
1992-01-03,20,0.3126977848101266,0
1992-01-06,20,0.30063291139240506,0
1992-01-07,20,0.28955696202531644,0
1992-01-08,20,0.2962816455696203,0
1992-01-09,20,0.2899525316455696,0
1992-01-10,20,0.29133702531645567,0
1992-01-13,20,0.3045886075949367,0
1992-01-14,20,0.3130933544303798,0
1992-01-15,20,0.32496044303797467,0
1992-01-16,20,0.3227848101265823,0
1992-01-17,20,0.3310917721518987,0
1992-01-20,20,0.33168512658227844,0
1992-01-21,20,0.3415743670886076,0
1992-01-22,20,0.37420886075949367,0
1992-01-23,20,0.3356408227848101,0
1992-01-24,20,0.3852848101265823,0
1992-01-27,20,0.42998417721518983,0
1992-01-28,20,0.46439873417721517,0
1992-01-29,20,0.473496835443038,0
1992-01-30,20,0.5785205696202531,0
1992-01-31,20,0.5704113924050633,0
1992-02-03,20,0.6129351265822784,0
1992-02-04,20,0.5967167721518987,0
1992-02-05,20,0.5969145569620253,0
1992-02-06,20,0.6028481012658228,0
1992-02-07,20,0.5977056962025316,0
1992-02-10,20,0.6016613924050633,0
1992-02-11,20,0.5700158227848101,0
1992-02-12,20,0.5666534810126582,0
1992-02-13,20,0.5611155063291139,0
1992-02-14,20,0.579509493670886,0
1992-02-18,20,0.596123417721519,0
1992-02-19,20,0.6528876582278481,0
1992-02-20,20,0.5969145569620253,0
1992-02-21,20,0.598496835443038,0
1992-02-24,20,0.584256329113924,0
1992-02-25,20,0.5814873417721519,0
1992-02-26,20,0.6018591772151899,0
1992-02-27,20,0.5793117088607596,0
1992-02-28,20,0.4988132911392405,0
1992-03-02,20,0.5328322784810127,0
1992-03-03,20,0.4806170886075949,0
1992-03-04,20,0.48477056962025317,0
1992-03-05,20,0.5799050632911392,0
1992-03-06,20,0.6194620253164558,0
1992-03-09,20,0.6418117088607596,0
1992-03-10,20,0.6016613924050633,0
1992-03-11,20,0.603243670886076,0
1992-03-12,20,0.6368670886075949,0
1992-03-13,20,0.6291534810126582,0
1992-03-16,20,0.5886075949367089,0
1992-03-17,20,0.5725870253164557,0
1992-03-18,20,0.43651107594936706,0
1992-03-19,20,0.4562895569620253,0
1992-03-20,20,0.4776503164556962,0
1992-03-23,20,0.421875,0
1992-03-24,20,0.4525316455696202,0
1992-03-25,20,0.4375,0
1992-03-26,20,0.4610363924050633,0
1992-03-27,20,0.44244462025316456,0
1992-03-30,20,0.4970332278481013,0
1992-03-31,20,0.49881329113924044,0
1992-04-01,20,0.4970332278481012,0
1992-04-02,20,0.4450158227848101,0
1992-04-03,20,0.46578322784810133,0
1992-04-06,20,0.428995253164557,0
1992-04-07,20,0.4143591772151899,0
1992-04-08,20,0.6050237341772152,0
1992-04-09,20,0.6198575949367089,0
1992-04-10,20,0.6388449367088608,0
1992-04-13,20,0.622626582278481,0
1992-04-14,20,0.6111550632911393,0
1992-04-15,20,0.5892009493670886,0
1992-04-16,20,0.5385680379746836,0
1992-04-20,20,0.5534018987341772,0
1992-04-21,20,0.6875,0
1992-04-22,20,0.665743670886076,0
1992-04-23,20,0.6540743670886076,0
1992-04-24,20,0.610759493670886,0
1992-04-27,20,0.654865506329114,0
1992-04-28,20,0.5893987341772151,0
1992-04-29,20,0.5700158227848101,0
1992-04-30,20,0.5403481012658228,0
1992-05-01,20,0.5041534810126582,0
1992-05-04,20,0.4774525316455696,0
1992-05-05,20,0.44600474683544306,0
1992-05-06,20,0.4910996835443038,0
1992-05-07,20,0.33999208860759494,0
1992-05-08,20,0.306368670886076,0
1992-05-11,20,0.29667721518987344,0
1992-05-12,20,0.299248417721519,0
1992-05-13,20,0.36669303797468356,0
1992-05-14,20,0.4009098101265822,0
1992-05-15,20,0.4970332278481013,0
1992-05-18,20,0.5371835443037974,0
1992-05-19,20,0.38785601265822783,0
1992-05-20,20,0.3577927215189874,0
1992-05-21,20,0.3674841772151899,0
1992-05-22,20,0.4363132911392405,0
1992-05-26,20,0.3759889240506329,0
1992-05-27,20,0.4100079113924051,0
1992-05-28,20,0.4092167721518987,0
1992-05-29,20,0.40644778481012656,0
1992-06-01,20,0.45826740506329117,0
1992-06-02,20,0.3920094936708861,0
1992-06-03,20,0.5019778481012658,0
1992-06-04,20,0.4859572784810126,0
1992-06-05,20,0.506131329113924,0
1992-06-08,20,0.489121835443038,0
1992-06-09,20,0.4924841772151899,0
1992-06-10,20,0.5535996835443038,0
1992-06-11,20,0.5630933544303798,0
1992-06-12,20,0.5573575949367089,0
1992-06-15,20,0.5071202531645569,0
1992-06-16,20,0.4464003164556962,0
1992-06-17,20,0.5045490506329113,0
1992-06-18,20,0.5955300632911392,0
1992-06-19,20,0.5981012658227848,0
1992-06-22,20,0.573378164556962,0
1992-06-23,20,0.5801028481012658,0
1992-06-24,20,0.5510284810126582,0
1992-06-25,20,0.5565664556962024,0
1992-06-26,20,0.5520174050632911,0
1992-06-29,20,0.5448971518987342,0
1992-06-30,20,0.5626977848101266,0
1992-07-01,20,0.5207674050632911,0
1992-07-02,20,0.5124604430379747,0
1992-07-06,20,0.5077136075949367,0
1992-07-07,20,0.49208860759493667,0
1992-07-08,20,0.5969145569620253,0
1992-07-09,20,0.517998417721519,0
1992-07-10,20,0.4276107594936709,0
1992-07-13,20,0.446993670886076,0
1992-07-14,20,0.45292721518987344,0
1992-07-15,20,0.42919303797468356,0
1992-07-16,20,0.394382911392405,0
1992-07-17,20,0.22488132911392408,0
1992-07-20,20,0.2351661392405063,0
1992-07-21,20,0.29845727848101267,0
1992-07-22,20,0.29410601265822783,0
1992-07-23,20,0.3660996835443038,0
1992-07-24,20,0.3443433544303798,0
1992-07-27,20,0.33781645569620256,0
1992-07-28,20,0.34533227848101267,0
1992-07-29,20,0.3481012658227848,0
1992-07-30,20,0.29529272151898733,0
1992-07-31,20,0.30854430379746833,0
1992-08-03,20,0.28322784810126583,0
1992-08-04,20,0.2972705696202531,0
1992-08-05,20,0.20826740506329117,0
1992-08-06,20,0.2638449367088608,0
1992-08-07,20,0.334256329113924,0
1992-08-10,20,0.3732199367088608,0
1992-08-11,20,0.3706487341772152,0
1992-08-12,20,0.3997231012658228,0
1992-08-13,20,0.41178797468354433,0
1992-08-14,20,0.41989715189873417,0
1992-08-17,20,0.3605617088607595,0
1992-08-18,20,0.31289556962025317,0
1992-08-19,20,0.3014240506329114,0
1992-08-20,20,0.3113132911392405,0
1992-08-21,20,0.32792721518987344,0
1992-08-24,20,0.3933939873417721,0
1992-08-25,20,0.4746835443037975,0
1992-08-26,20,0.475870253164557,0
1992-08-27,20,0.46558544303797467,0
1992-08-28,20,0.47132120253164556,0
1992-08-31,20,0.46677215189873417,0
1992-09-01,20,0.47745253164556967,0
1992-09-02,20,0.46637658227848106,0
1992-09-03,20,0.4315664556962025,0
1992-09-04,20,0.408623417721519,0
1992-09-08,20,0.39715189873417717,0
1992-09-09,20,0.4428401898734177,0
1992-09-10,20,0.42108386075949367,0
1992-09-11,20,0.37480221518987344,0
1992-09-14,20,0.3785601265822785,0
1992-09-15,20,0.37618670886075944,0
1992-09-16,20,0.5122626582278481,0
1992-09-17,20,0.5162183544303798,0
1992-09-18,20,0.4513449367088608,0
1992-09-21,20,0.42820411392405067,0
1992-09-22,20,0.36491297468354433,0
1992-09-23,20,0.39280063291139244,0
1992-09-24,20,0.40268987341772156,0
1992-09-25,20,0.41257911392405056,0
1992-09-28,20,0.5011867088607596,0
1992-09-29,20,0.4909018987341772,0
1992-09-30,20,0.47745253164556956,0
1992-10-01,20,0.4845727848101266,0
1992-10-02,20,0.5348101265822784,0
1992-10-05,20,0.6574367088607596,0
1992-10-06,20,0.6847310126582279,0
1992-10-07,20,0.6582278481012658,0
1992-10-08,20,0.6950158227848101,0
1992-10-09,20,0.6952136075949367,0
1992-10-12,20,0.7403085443037976,1
1992-10-13,20,0.7359572784810127,1
1992-10-14,20,0.6776107594936709,0
1992-10-15,20,0.6776107594936709,0
1992-10-16,20,0.6768196202531646,0
1992-10-19,20,0.6746439873417721,0
1992-10-20,20,0.6669303797468354,0
1992-10-21,20,0.5668512658227848,0
1992-10-22,20,0.5692246835443038,0
1992-10-23,20,0.5925632911392404,0
1992-10-26,20,0.5166139240506329,0
1992-10-27,20,0.508504746835443,0
1992-10-28,20,0.5063291139240507,0
1992-10-29,20,0.5007911392405063,0
1992-10-30,20,0.46617879746835444,0
1992-11-02,20,0.348496835443038,0
1992-11-03,20,0.24881329113924053,0
1992-11-04,20,0.29727056962025317,0
1992-11-05,20,0.2927215189873418,0
1992-11-06,20,0.30992879746835444,0
1992-11-09,20,0.20510284810126583,0
1992-11-10,20,0.2207278481012658,0
1992-11-11,20,0.24465981012658228,0
1992-11-12,20,0.2106408227848101,0
1992-11-13,20,0.20490506329113922,0
1992-11-16,20,0.23694620253164556,0
1992-11-17,20,0.31230221518987344,0
1992-11-18,20,0.34295886075949367,0
1992-11-19,20,0.3150712025316456,0
1992-11-20,20,0.2869857594936709,0
1992-11-23,20,0.2389240506329114,0
1992-11-24,20,0.3073575949367089,0
1992-11-25,20,0.2794699367088608,0
1992-11-27,20,0.2800632911392405,0
1992-11-30,20,0.2778876582278481,0
1992-12-01,20,0.21578322784810125,0
1992-12-02,20,0.26522943037974683,0
1992-12-03,20,0.22013449367088606,0
1992-12-04,20,0.15921677215189875,0
1992-12-07,20,0.1509098101265823,0
1992-12-08,20,0.11253955696202532,0
1992-12-09,20,0.10818829113924047,0
1992-12-10,20,0.12816455696202533,0
1992-12-11,20,0.1732594936708861,0
1992-12-14,20,0.20015822784810128,0
1992-12-15,20,0.20767405063291142,0
1992-12-16,20,0.17820411392405064,0
1992-12-17,20,0.16851265822784808,0
1992-12-18,20,0.1698971518987342,0
1992-12-21,20,0.15011867088607594,0
1992-12-22,20,0.18670886075949367,0
1992-12-23,20,0.16594145569620253,0
1992-12-24,20,0.21558544303797467,0
1992-12-28,20,0.22448575949367086,0
1992-12-29,20,0.2527689873417721,0
1992-12-30,20,0.2925237341772152,0
1992-12-31,20,0.26760284810126583,0
1993-01-04,20,0.3192246835443038,0
1993-01-05,20,0.32456487341772156,0
1993-01-06,20,0.36016613924050633,0
1993-01-07,20,0.38904272151898733,0
1993-01-08,20,0.46716772151898733,0
1993-01-11,20,0.47191455696202533,0
1993-01-12,20,0.4527294303797469,0
1993-01-13,20,0.4365110759493671,0
1993-01-14,20,0.4090189873417721,0
1993-01-15,20,0.3740110759493671,0
1993-01-18,20,0.3451344936708861,0
1993-01-19,20,0.37460443037974683,0
1993-01-20,20,0.41435917721518983,0
1993-01-21,20,0.43156645569620256,0
1993-01-22,20,0.42068829113924044,0
1993-01-25,20,0.3965585443037975,0
1993-01-26,20,0.37776898734177217,0
1993-01-27,20,0.3662974683544304,0
1993-01-28,20,0.38310917721518983,0
1993-01-29,20,0.38666930379746833,0
1993-02-01,20,0.324367088607595,0
1993-02-02,20,0.28619462025316456,0
1993-02-03,20,0.26602056962025317,0
1993-02-04,20,0.22982594936708858,0
1993-02-05,20,0.12895569620253167,0
1993-02-08,20,0.11748417721518987,0
1993-02-09,20,0.14339398734177217,0
1993-02-10,20,0.1896756329113924,0
1993-02-11,20,0.200751582278481,0
1993-02-12,20,0.21261867088607594,0
1993-02-16,20,0.29588607594936706,0
1993-02-17,20,0.6194620253164557,0
1993-02-18,20,0.6006724683544303,0
1993-02-19,20,0.5929588607594937,0
1993-02-22,20,0.5921677215189873,0
1993-02-23,20,0.589003164556962,0
1993-02-24,20,0.6159018987341772,0
1993-02-25,20,0.5834651898734178,0
1993-02-26,20,0.5393591772151899,0
1993-03-01,20,0.5324367088607596,0
1993-03-02,20,0.5534018987341771,0
1993-03-03,20,0.5423259493670887,0
1993-03-04,20,0.5237341772151899,0
1993-03-05,20,0.6022547468354431,0
1993-03-08,20,0.6441851265822784,0
1993-03-09,20,0.5820806962025316,0
1993-03-10,20,0.5692246835443038,0
1993-03-11,20,0.49643987341772156,0
1993-03-12,20,0.5565664556962026,0
1993-03-15,20,0.6339003164556962,0
1993-03-16,20,0.5690268987341771,0
1993-03-17,20,0.29529272151898733,0
1993-03-18,20,0.3439477848101266,0
1993-03-19,20,0.3004351265822785,0
1993-03-22,20,0.3443433544303798,0
1993-03-23,20,0.3755933544303797,0
1993-03-24,20,0.3714398734177215,0
1993-03-25,20,0.418117088607595,0
1993-03-26,20,0.40743670886075944,0
1993-03-29,20,0.48694620253164556,0
1993-03-30,20,0.42958860759493667,0
1993-03-31,20,0.44580696202531644,0
1993-04-01,20,0.4620253164556962,0
1993-04-02,20,0.453125,0
1993-04-05,20,0.6606012658227849,0
1993-04-06,20,0.6111550632911392,0
1993-04-07,20,0.6159018987341772,0
1993-04-08,20,0.6135284810126582,0
1993-04-12,20,0.6006724683544303,0
1993-04-13,20,0.5626977848101267,0
1993-04-14,20,0.5690268987341772,0
1993-04-15,20,0.5745648734177216,0
1993-04-16,20,0.5257120253164558,0
1993-04-19,20,0.5411392405063291,0
1993-04-20,20,0.5363924050632911,0
1993-04-21,20,0.5587420886075949,0
1993-04-22,20,0.5745648734177216,0
1993-04-23,20,0.6307357594936709,0
1993-04-26,20,0.6493275316455696,0
1993-04-27,20,0.6568433544303798,0
1993-04-28,20,0.6730617088607596,0
1993-04-29,20,0.6746439873417721,0
1993-04-30,20,0.6720727848101266,0
1993-05-03,20,0.6578322784810127,0
1993-05-04,20,0.43354430379746833,0
1993-05-05,20,0.4240506329113924,0
1993-05-06,20,0.403876582278481,0
1993-05-07,20,0.44185126582278483,0
1993-05-10,20,0.44343354430379744,0
1993-05-11,20,0.45055379746835444,0
1993-05-12,20,0.44818037974683544,0
1993-05-13,20,0.4396756329113924,0
1993-05-14,20,0.5302610759493671,0
1993-05-17,20,0.5302610759493671,0
1993-05-18,20,0.5150316455696202,0
1993-05-19,20,0.48813291139240506,0
1993-05-20,20,0.4428401898734177,0
1993-05-21,20,0.3170490506329114,0
1993-05-24,20,0.3783623417721519,0
1993-05-25,20,0.27768987341772156,0
1993-05-26,20,0.3034018987341772,0
1993-05-27,20,0.26700949367088606,0
1993-05-28,20,0.2958860759493671,0
1993-06-01,20,0.35225474683544306,0
1993-06-02,20,0.3435522151898734,0
1993-06-03,20,0.36431962025316456,0
1993-06-04,20,0.39932753164556967,0
1993-06-07,20,0.42444620253164556,0
1993-06-08,20,0.455498417721519,0
1993-06-09,20,0.5130537974683544,0
1993-06-10,20,0.5189873417721519,0
1993-06-11,20,0.5326344936708861,0
1993-06-14,20,0.3755933544303797,0
1993-06-15,20,0.3732199367088608,0
1993-06-16,20,0.4153481012658228,0
1993-06-17,20,0.3969541139240506,0
1993-06-18,20,0.41594145569620256,0
1993-06-21,20,0.522745253164557,0
1993-06-22,20,0.4220727848101266,0
1993-06-23,20,0.4462025316455696,0
1993-06-24,20,0.4960443037974684,0
1993-06-25,20,0.4877373417721519,0
1993-06-28,20,0.4729034810126582,0
1993-06-29,20,0.41297468354430383,0
1993-06-30,20,0.4582674050632911,0
1993-07-01,20,0.4598496835443038,0
1993-07-02,20,0.4634098101265823,0
1993-07-06,20,0.47765031645569617,0
1993-07-07,20,0.5158227848101266,0
1993-07-08,20,0.46380537974683544,0
1993-07-09,20,0.4365110759493671,0
1993-07-12,20,0.43769778481012656,0
1993-07-13,20,0.4465981012658228,0
1993-07-14,20,0.46993670886075944,0
1993-07-15,20,0.4244462025316456,0
1993-07-16,20,0.4477848101265822,0
1993-07-19,20,0.5263053797468354,0
1993-07-20,20,0.421875,0
1993-07-21,20,0.435126582278481,0
1993-07-22,20,0.4321598101265823,0
1993-07-23,20,0.4309731012658228,0
1993-07-26,20,0.4410601265822785,0
1993-07-27,20,0.42642405063291144,0
1993-07-28,20,0.47626582278481017,0
1993-07-29,20,0.4738924050632911,0
1993-07-30,20,0.44837816455696206,0
1993-08-02,20,0.45688291139240506,0
1993-08-03,20,0.38053797468354433,0
1993-08-04,20,0.29074367088607594,0
1993-08-05,20,0.3239715189873418,0
1993-08-06,20,0.36016613924050633,0
1993-08-09,20,0.34394778481012656,0
1993-08-10,20,0.3297072784810126,0
1993-08-11,20,0.3370253164556962,0
1993-08-12,20,0.3504746835443038,0
1993-08-13,20,0.3611550632911392,0
1993-08-16,20,0.2782832278481013,0
1993-08-17,20,0.25870253164556967,0
1993-08-18,20,0.26483386075949367,0
1993-08-19,20,0.2310126582278481,0
1993-08-20,20,0.1673259493670886,0
1993-08-23,20,0.2051028481012658,0
1993-08-24,20,0.2478243670886076,0
1993-08-25,20,0.19106012658227847,0
1993-08-26,20,0.1679193037974684,0
1993-08-27,20,0.1863132911392405,0
1993-08-30,20,0.15625000000000003,0
1993-08-31,20,0.16376582278481014,0
1993-09-01,20,0.1317246835443038,0
1993-09-02,20,0.12678006329113925,0
1993-09-03,20,0.14853639240506328,0
1993-09-07,20,0.1552610759493671,0
1993-09-08,20,0.23734177215189872,0
1993-09-09,20,0.24960443037974683,0
1993-09-10,20,0.2517800632911392,0
1993-09-13,20,0.185126582278481,0
1993-09-14,20,0.19600474683544306,0
1993-09-15,20,0.26661392405063294,0
1993-09-16,20,0.25375791139240506,0
1993-09-17,20,0.32199367088607594,0
1993-09-20,20,0.3338607594936709,0
1993-09-21,20,0.4020965189873418,0
1993-09-22,20,0.42147943037974683,0
1993-09-23,20,0.42306170886075944,0
1993-09-24,20,0.4113924050632911,0
1993-09-27,20,0.42266613924050633,0
1993-09-28,20,0.38765822784810133,0
1993-09-29,20,0.4098101265822785,0
1993-09-30,20,0.4444224683544304,0
1993-10-01,20,0.4556962025316456,0
1993-10-04,20,0.41000791139240506,0
1993-10-05,20,0.41000791139240506,0
1993-10-06,20,0.3568037974683544,0
1993-10-07,20,0.3356408227848101,0
1993-10-08,20,0.3682753164556962,0
1993-10-11,20,0.38864715189873417,0
1993-10-12,20,0.38666930379746833,0
1993-10-13,20,0.3457278481012659,0
1993-10-14,20,0.36333069620253167,0
1993-10-15,20,0.2927215189873418,0
1993-10-18,20,0.24821993670886078,0
1993-10-19,20,0.19066455696202528,0
1993-10-20,20,0.19204905063291136,0
1993-10-21,20,0.22626582278481014,0
1993-10-22,20,0.2620648734177215,0
1993-10-25,20,0.29845727848101267,0
1993-10-26,20,0.3121044303797469,0
1993-10-27,20,0.307753164556962,0
1993-10-28,20,0.28441455696202533,0
1993-10-29,20,0.23338607594936706,0
1993-11-01,20,0.2610759493670886,0
1993-11-02,20,0.24386867088607594,0
1993-11-03,20,0.2533623417721519,0
1993-11-04,20,0.35779272151898733,0
1993-11-05,20,0.45708069620253167,0
1993-11-08,20,0.4509493670886076,0
1993-11-09,20,0.45094936708860756,0
1993-11-10,20,0.45174050632911394,0
1993-11-11,20,0.4177215189873418,0
1993-11-12,20,0.4675632911392405,0
1993-11-15,20,0.46795886075949367,0
1993-11-16,20,0.4752768987341772,0
1993-11-17,20,0.4181170886075949,0
1993-11-18,20,0.4473892405063291,0
1993-11-19,20,0.45391613924050633,0
1993-11-22,20,0.43829113924050633,0
1993-11-23,20,0.5035601265822784,0
1993-11-24,20,0.48714398734177217,0
1993-11-26,20,0.475870253164557,0
1993-11-29,20,0.49505537974683544,0
1993-11-30,20,0.5063291139240507,0
1993-12-01,20,0.5138449367088608,0
1993-12-02,20,0.5075158227848101,0
1993-12-03,20,0.3949762658227848,0
1993-12-06,20,0.2563291139240506,0
1993-12-07,20,0.2610759493670886,0
1993-12-08,20,0.26641613924050633,0
1993-12-09,20,0.2755142405063291,0
1993-12-10,20,0.3344541139240506,0
1993-12-13,20,0.3200158227848101,0
1993-12-14,20,0.3301028481012658,0
1993-12-15,20,0.34968354430379744,0
1993-12-16,20,0.3878560126582279,0
1993-12-17,20,0.34572784810126583,0
1993-12-20,20,0.2996439873417721,0
1993-12-21,20,0.2923259493670886,0
1993-12-22,20,0.24564873417721522,0
1993-12-23,20,0.24367088607594936,0
1993-12-27,20,0.25988924050632906,0
1993-12-28,20,0.23160601265822786,0
1993-12-29,20,0.20589398734177217,0
1993-12-30,20,0.20984968354430378,0
1993-12-31,20,0.24624208860759492,0
1994-01-03,20,0.2946993670886076,0
1994-01-04,20,0.32911392405063294,0
1994-01-05,20,0.3293117088607595,0
1994-01-06,20,0.325751582278481,0
1994-01-07,20,0.3247626582278481,0
1994-01-10,20,0.26681170886075944,0
1994-01-11,20,0.2219145569620253,0
1994-01-12,20,0.26305379746835444,0
1994-01-13,20,0.21222310126582278,0
1994-01-14,20,0.2197389240506329,0
1994-01-17,20,0.2130142405063291,0
1994-01-18,20,0.27630537974683544,0
1994-01-19,20,0.25257120253164556,0
1994-01-20,20,0.24347310126582275,0
1994-01-21,20,0.2602848101265823,0
1994-01-24,20,0.2650316455696203,0
1994-01-25,20,0.3380142405063291,0
1994-01-26,20,0.36253955696202533,0
1994-01-27,20,0.3310917721518988,0
1994-01-28,20,0.2658227848101266,0
1994-01-31,20,0.20530063291139242,0
1994-02-01,20,0.1631724683544304,0
1994-02-02,20,0.20846518987341772,0
1994-02-03,20,0.19442246835443036,0
1994-02-04,20,0.2076740506329114,0
1994-02-07,20,0.5500395569620253,0
1994-02-08,20,0.5504351265822784,0
1994-02-09,20,0.5435126582278481,0
1994-02-10,20,0.5286787974683544,0
1994-02-11,20,0.5725870253164557,0
1994-02-14,20,0.5763449367088608,0
1994-02-15,20,0.5539952531645569,0
1994-02-16,20,0.5454905063291139,0
1994-02-17,20,0.5437104430379747,0
1994-02-18,20,0.5872231012658228,0
1994-02-22,20,0.6164952531645569,0
1994-02-23,20,0.5626977848101267,0
1994-02-24,20,0.5583465189873418,0
1994-02-25,20,0.6823575949367089,0
1994-02-28,20,0.6847310126582279,0
1994-03-01,20,0.6855221518987342,0
1994-03-02,20,0.7011471518987341,1
1994-03-03,20,0.6918512658227848,0
1994-03-04,20,0.6967958860759493,1
1994-03-07,20,0.693631329113924,0
1994-03-08,20,0.4669699367088607,0
1994-03-09,20,0.4910996835443038,0
1994-03-10,20,0.47962816455696206,0
1994-03-11,20,0.5249208860759493,0
1994-03-14,20,0.457871835443038,0
1994-03-15,20,0.45945411392405067,0
1994-03-16,20,0.46598101265822783,0
1994-03-17,20,0.4659810126582279,0
1994-03-18,20,0.4541139240506329,0
1994-03-21,20,0.41119462025316456,0
1994-03-22,20,0.40842563291139233,0
1994-03-23,20,0.4307753164556962,0
1994-03-24,20,0.42464398734177217,0
1994-03-25,20,0.36768196202531644,0
1994-03-28,20,0.4420490506329114,0
1994-03-29,20,0.4525316455696203,0
1994-03-30,20,0.5581487341772152,0
1994-03-31,20,0.6362737341772151,0
1994-04-04,20,0.6295490506329114,0
1994-04-05,20,0.6979825949367089,1
1994-04-06,20,0.7846123417721519,1
1994-04-07,20,0.7824367088607596,1
1994-04-08,20,0.7822389240506329,1
1994-04-11,20,0.7875791139240507,1
1994-04-12,20,0.7889636075949367,1
1994-04-13,20,0.8002373417721519,1
1994-04-14,20,0.801621835443038,1
1994-04-15,20,0.7980617088607596,1
1994-04-18,20,0.796875,1
1994-04-19,20,0.8065664556962024,1
1994-04-20,20,0.8037974683544304,1
1994-04-21,20,0.8035996835443038,1
1994-04-22,20,0.829509493670886,1
1994-04-25,20,0.8128955696202531,1
1994-04-26,20,0.7723496835443038,1
1994-04-28,20,0.7743275316455696,1
1994-04-29,20,0.7090585443037974,1
1994-05-02,20,0.5607199367088608,0
1994-05-03,20,0.5348101265822784,0
1994-05-04,20,0.3918117088607595,0
1994-05-05,20,0.42068829113924044,0
1994-05-06,20,0.4220727848101266,0
1994-05-09,20,0.515625,0
1994-05-10,20,0.5599287974683544,0
1994-05-11,20,0.5621044303797469,0
1994-05-12,20,0.6058148734177216,0
1994-05-13,20,0.5767405063291139,0
1994-05-16,20,0.5741693037974683,0
1994-05-17,20,0.567246835443038,0
1994-05-18,20,0.46360759493670883,0
1994-05-19,20,0.42207278481012656,0
1994-05-20,20,0.3829113924050633,0
1994-05-23,20,0.4456091772151899,0
1994-05-24,20,0.45708069620253167,0
1994-05-25,20,0.4622231012658228,0
1994-05-26,20,0.4375,0
1994-05-27,20,0.37401107594936706,0
1994-05-31,20,0.3951740506329114,0
1994-06-01,20,0.42820411392405067,0
1994-06-02,20,0.41554588607594933,0
1994-06-03,20,0.3963607594936709,0
1994-06-06,20,0.35917721518987344,0
1994-06-07,20,0.30636867088607594,0
1994-06-08,20,0.19640031645569622,0
1994-06-09,20,0.24505537974683542,0
1994-06-10,20,0.14062500000000003,0
1994-06-13,20,0.15229430379746833,0
1994-06-14,20,0.15150316455696206,0
1994-06-15,20,0.12875791139240508,0
1994-06-16,20,0.18848892405063294,0
1994-06-17,20,0.21459651898734178,0
1994-06-20,20,0.3032041139240506,0
1994-06-21,20,0.3346518987341772,0
1994-06-22,20,0.3902294303797469,0
1994-06-23,20,0.3890427215189874,0
1994-06-24,20,0.4503560126582279,0
1994-06-27,20,0.567246835443038,0
1994-06-28,20,0.5666534810126582,0
1994-06-29,20,0.5714003164556962,0
1994-06-30,20,0.5702136075949367,0
1994-07-01,20,0.6062104430379747,0
1994-07-05,20,0.603243670886076,0
1994-07-06,20,0.5973101265822784,0
1994-07-07,20,0.5945411392405063,0
1994-07-08,20,0.5806962025316456,0
1994-07-11,20,0.5795094936708861,0
1994-07-12,20,0.5947389240506329,0
1994-07-13,20,0.5975079113924051,0
1994-07-14,20,0.59375,0
1994-07-15,20,0.589003164556962,0
1994-07-18,20,0.5921677215189873,0
1994-07-19,20,0.5361946202531646,0
1994-07-20,20,0.5049446202531646,0
1994-07-21,20,0.46400316455696206,0
1994-07-22,20,0.47270569620253167,0
1994-07-25,20,0.403876582278481,0
1994-07-26,20,0.21340981012658228,0
1994-07-27,20,0.275118670886076,0
1994-07-28,20,0.26522943037974683,0
1994-07-29,20,0.26424050632911394,0
1994-08-01,20,0.1518987341772152,0
1994-08-02,20,0.14695411392405064,0
1994-08-03,20,0.15763449367088606,0
1994-08-04,20,0.1418117088607595,0
1994-08-05,20,0.2260680379746835,0
1994-08-08,20,0.2695806962025316,0
1994-08-09,20,0.22725474683544306,0
1994-08-10,20,0.2250791139240506,0
1994-08-11,20,0.20846518987341772,0
1994-08-12,20,0.2753164556962025,0
1994-08-15,20,0.2533623417721519,0
1994-08-16,20,0.28144778481012656,0
1994-08-17,20,0.21776107594936708,0
1994-08-18,20,0.17246835443037972,0
1994-08-19,20,0.22072784810126583,0
1994-08-22,20,0.221123417721519,0
1994-08-23,20,0.26364715189873417,0
1994-08-24,20,0.22053006329113922,0
1994-08-25,20,0.171875,0
1994-08-26,20,0.20470727848101267,0
1994-08-29,20,0.20589398734177214,0
1994-08-30,20,0.22171677215189872,0
1994-08-31,20,0.19778481012658228,0
1994-09-01,20,0.21835443037974683,0
1994-09-02,20,0.19996044303797467,0
1994-09-06,20,0.21598101265822783,0
1994-09-07,20,0.21499208860759494,0
1994-09-08,20,0.22962816455696206,0
1994-09-09,20,0.23140822784810125,0
1994-09-12,20,0.31843354430379744,0
1994-09-13,20,0.3860759493670886,0
1994-09-14,20,0.36095727848101267,0
1994-09-15,20,0.37401107594936706,0
1994-09-16,20,0.332871835443038,0
1994-09-19,20,0.3670886075949367,0
1994-09-20,20,0.3801424050632911,0
1994-09-21,20,0.5415348101265822,0
1994-09-22,20,0.5933544303797468,0
1994-09-23,20,0.6014636075949367,0
1994-09-26,20,0.607990506329114,0
1994-09-27,20,0.5862341772151899,0
1994-09-28,20,0.585245253164557,0
1994-09-29,20,0.587618670886076,0
1994-09-30,20,0.6066060126582279,0
1994-10-03,20,0.5854430379746836,0
1994-10-04,20,0.5743670886075949,0
1994-10-05,20,0.681368670886076,0
1994-10-06,20,0.6821598101265823,0
1994-10-07,20,0.6784018987341772,0
1994-10-10,20,0.6437895569620253,0
1994-10-11,20,0.6293512658227849,0
1994-10-12,20,0.6224287974683544,0
1994-10-13,20,0.6408227848101266,0
1994-10-14,20,0.6445806962025317,0
1994-10-17,20,0.5856408227848101,0
1994-10-18,20,0.5812895569620253,0
1994-10-19,20,0.4208860759493671,0
1994-10-20,20,0.35917721518987344,0
1994-10-21,20,0.42642405063291133,0
1994-10-24,20,0.43156645569620256,0
1994-10-25,20,0.5257120253164558,0
1994-10-26,20,0.5304588607594937,0
1994-10-27,20,0.5395569620253164,0
1994-10-28,20,0.4683544303797469,0
1994-10-31,20,0.44343354430379744,0
1994-11-01,20,0.4491693037974684,0
1994-11-02,20,0.3558148734177215,0
1994-11-03,20,0.37104430379746833,0
1994-11-04,20,0.33524525316455694,0
1994-11-07,20,0.491495253164557,0
1994-11-08,20,0.5176028481012659,0
1994-11-09,20,0.5164161392405063,0
1994-11-10,20,0.5152294303797469,0
1994-11-11,20,0.5484572784810127,0
1994-11-14,20,0.5799050632911392,0
1994-11-15,20,0.5660601265822784,0
1994-11-16,20,0.5615110759493671,0
1994-11-17,20,0.573378164556962,0
1994-11-18,20,0.548259493670886,0
1994-11-21,20,0.5520174050632911,0
1994-11-22,20,0.5302610759493671,0
1994-11-23,20,0.6985759493670886,1
1994-11-25,20,0.7049050632911392,1
1994-11-28,20,0.7039161392405063,1
1994-11-29,20,0.6281645569620253,0
1994-11-30,20,0.6242088607594937,0
1994-12-01,20,0.6024525316455697,0
1994-12-02,20,0.6360759493670887,0
1994-12-05,20,0.6606012658227848,0
1994-12-06,20,0.5864319620253164,0
1994-12-07,20,0.5886075949367089,0
1994-12-08,20,0.6066060126582278,0
1994-12-09,20,0.6659414556962026,0
1994-12-12,20,0.6675237341772152,0
1994-12-13,20,0.6639636075949367,0
1994-12-14,20,0.6483386075949367,0
1994-12-15,20,0.6619857594936709,0
1994-12-16,20,0.6629746835443038,0
1994-12-19,20,0.6384493670886076,0
1994-12-20,20,0.6206487341772151,0
1994-12-21,20,0.5783227848101266,0
1994-12-22,20,0.33069620253164556,0
1994-12-23,20,0.3259493670886076,0
1994-12-27,20,0.35621044303797467,0
1994-12-28,20,0.3488924050632911,0
1994-12-29,20,0.3910205696202532,0
1994-12-30,20,0.36194620253164556,0
1995-01-03,20,0.29371044303797467,0
1995-01-04,20,0.33781645569620256,0
1995-01-05,20,0.31625791139240506,0
1995-01-06,20,0.3190268987341772,0
1995-01-09,20,0.2778876582278481,0
1995-01-10,20,0.13409810126582278,0
1995-01-11,20,0.14102056962025317,0
1995-01-12,20,0.16910601265822786,0
1995-01-13,20,0.17899525316455697,0
1995-01-16,20,0.18117088607594933,0
1995-01-17,20,0.1517009493670886,0
1995-01-18,20,0.17859968354430378,0
1995-01-19,20,0.16831487341772156,0
1995-01-20,20,0.20490506329113925,0
1995-01-23,20,0.2768987341772152,0
1995-01-24,20,0.26542721518987344,0
1995-01-25,20,0.26760284810126583,0
1995-01-26,20,0.2749208860759494,0
1995-01-27,20,0.23496835443037975,0
1995-01-30,20,0.21439873417721517,0
1995-01-31,20,0.21281645569620253,0
1995-02-01,20,0.18571993670886075,0
1995-02-02,20,0.2076740506329114,0
1995-02-03,20,0.17227056962025317,0
1995-02-06,20,0.14596518987341775,0
1995-02-07,20,0.12796677215189872,0
1995-02-08,20,0.14082278481012658,0
1995-02-09,20,0.13607594936708858,0
1995-02-10,20,0.14912974683544303,0
1995-02-13,20,0.16673259493670886,0
1995-02-14,20,0.19422468354430378,0
1995-02-15,20,0.19244462025316453,0
1995-02-16,20,0.16613924050632914,0
1995-02-17,20,0.10838607594936711,0
1995-02-21,20,0.13034018987341775,0
1995-02-22,20,0.13271360759493672,0
1995-02-23,20,0.1125395569620253,0
1995-02-24,20,0.11115506329113925,0
1995-02-27,20,0.10878164556962028,0
1995-02-28,20,0.20925632911392406,0
1995-03-01,20,0.14912974683544303,0
1995-03-02,20,0.19541139240506328,0
1995-03-03,20,0.2021360759493671,0
1995-03-06,20,0.22488132911392406,0
1995-03-07,20,0.26720727848101267,0
1995-03-08,20,0.34988132911392406,0
1995-03-09,20,0.33188291139240506,0
1995-03-10,20,0.33643196202531644,0
1995-03-13,20,0.2915348101265823,0
1995-03-14,20,0.3014240506329114,0
1995-03-15,20,0.27155854430379744,0
1995-03-16,20,0.3010284810126582,0
1995-03-17,20,0.2903481012658228,0
1995-03-20,20,0.299248417721519,0
1995-03-21,20,0.22824367088607594,0
1995-03-22,20,0.25375791139240506,0
1995-03-23,20,0.27175632911392406,0
1995-03-24,20,0.2911392405063291,0
1995-03-27,20,0.26958069620253167,0
1995-03-28,20,0.16000791139240508,0
1995-03-29,20,0.18097310126582278,0
1995-03-30,20,0.16574367088607594,0
1995-03-31,20,0.17029272151898733,0
1995-04-03,20,0.19620253164556964,0
1995-04-04,20,0.18552215189873417,0
1995-04-05,20,0.11174841772151897,0
1995-04-06,20,0.11609968354430382,0
1995-04-07,20,0.11253955696202533,0
1995-04-10,20,0.12361550632911393,0
1995-04-11,20,0.12203322784810129,0
1995-04-12,20,0.17187499999999997,0
1995-04-13,20,0.13904272151898736,0
1995-04-17,20,0.1518987341772152,0
1995-04-18,20,0.20154272151898736,0
1995-04-19,20,0.2231012658227848,0
1995-04-20,20,0.21242088607594936,0
1995-04-21,20,0.21558544303797472,0
1995-04-24,20,0.1865110759493671,0
1995-04-25,20,0.18868670886075947,0
1995-04-26,20,0.2266613924050633,0
1995-04-27,20,0.22903481012658228,0
1995-04-28,20,0.2062895569620253,0
1995-05-01,20,0.17642405063291136,0
1995-05-02,20,0.16020569620253167,0
1995-05-03,20,0.16574367088607594,0
1995-05-04,20,0.16119462025316456,0
1995-05-05,20,0.1643591772151899,0
1995-05-08,20,0.17563291139240508,0
1995-05-09,20,0.15130537974683544,0
1995-05-10,20,0.1625791139240506,0
1995-05-11,20,0.1337025316455696,0
1995-05-12,20,0.1497231012658228,0
1995-05-15,20,0.158623417721519,0
1995-05-16,20,0.08801424050632911,0
1995-05-17,20,0.0783227848101266,0
1995-05-18,20,0.08386075949367089,0
1995-05-19,20,0.2379351265822785,0
1995-05-22,20,0.27650316455696206,0
1995-05-23,20,0.2776898734177215,0
1995-05-24,20,0.22883702531645572,0
1995-05-25,20,0.2351661392405063,0
1995-05-26,20,0.24584651898734178,0
1995-05-30,20,0.34869462025316456,0
1995-05-31,20,0.34157436708860756,0
1995-06-01,20,0.330498417721519,0
1995-06-02,20,0.35957278481012656,0
1995-06-05,20,0.3740110759493671,0
1995-06-06,20,0.3407832278481012,0
1995-06-07,20,0.37420886075949367,0
1995-06-08,20,0.4096123417721519,0
1995-06-09,20,0.4317642405063291,0
1995-06-12,20,0.5079113924050633,0
1995-06-13,20,0.49643987341772156,0
1995-06-14,20,0.48299050632911394,0
1995-06-15,20,0.4833860759493671,0
1995-06-16,20,0.4570806962025316,0
1995-06-19,20,0.2697784810126582,0
1995-06-20,20,0.2509889240506329,0
1995-06-21,20,0.2666139240506329,0
1995-06-22,20,0.30973101265822783,0
1995-06-23,20,0.28599683544303794,0
1995-06-26,20,0.3035996835443038,0
1995-06-27,20,0.3125,0
1995-06-28,20,0.33405854430379744,0
1995-06-29,20,0.32594936708860756,0
1995-06-30,20,0.34058544303797467,0
1995-07-03,20,0.31408227848101267,0
1995-07-05,20,0.32080696202531644,0
1995-07-06,20,0.31744462025316456,0
1995-07-07,20,0.24584651898734175,0
1995-07-10,20,0.22231012658227847,0
1995-07-11,20,0.17385284810126583,0
1995-07-12,20,0.20154272151898736,0
1995-07-13,20,0.20292721518987344,0
1995-07-14,20,0.2053006329113924,0
1995-07-17,20,0.2197389240506329,0
1995-07-18,20,0.21973892405063292,0
1995-07-19,20,0.3154667721518988,0
1995-07-20,20,0.46795886075949367,0
1995-07-21,20,0.42958860759493667,0
1995-07-24,20,0.45352056962025317,0
1995-07-25,20,0.4153481012658228,0
1995-07-26,20,0.2753164556962025,0
1995-07-27,20,0.24821993670886072,0
1995-07-28,20,0.24208860759493672,0
1995-07-31,20,0.2587025316455696,0
1995-08-01,20,0.28045886075949367,0
1995-08-02,20,0.33781645569620256,0
1995-08-03,20,0.3528481012658228,0
1995-08-04,20,0.3973496835443038,0
1995-08-07,20,0.41455696202531644,0
1995-08-08,20,0.41257911392405067,0
1995-08-09,20,0.3827136075949367,0
1995-08-10,20,0.4175237341772152,0
1995-08-11,20,0.446993670886076,0
1995-08-14,20,0.4645965189873418,0
1995-08-15,20,0.4606408227848101,0
1995-08-16,20,0.4125791139240506,0
1995-08-17,20,0.25652689873417717,0
1995-08-18,20,0.29133702531645567,0
1995-08-21,20,0.2905458860759494,0
1995-08-22,20,0.3237737341772152,0
1995-08-23,20,0.34375,0
1995-08-24,20,0.3769778481012658,0
1995-08-25,20,0.39319620253164556,0
1995-08-28,20,0.3538370253164557,0
1995-08-29,20,0.35541930379746833,0
1995-08-30,20,0.3204113924050633,0
1995-08-31,20,0.29667721518987344,0
1995-09-01,20,0.2865901898734177,0
1995-09-05,20,0.2723496835443038,0
1995-09-06,20,0.24287974683544303,0
1995-09-07,20,0.23496835443037975,0
1995-09-08,20,0.22409018987341775,0
1995-09-11,20,0.16515031645569622,0
1995-09-12,20,0.12262658227848103,0
1995-09-13,20,0.13904272151898733,0
1995-09-14,20,0.10660601265822786,0
1995-09-15,20,0.08405854430379747,0
1995-09-18,20,0.07931170886075951,0
1995-09-19,20,0.08386075949367086,0
1995-09-20,20,0.06784018987341771,0
1995-09-21,20,0.06447784810126585,0
1995-09-22,20,0.07535601265822785,0
1995-09-25,20,0.08742088607594936,0
1995-09-26,20,0.10541930379746833,0
1995-09-27,20,0.09790348101265822,0
1995-09-28,20,0.11115506329113922,0
1995-09-29,20,0.09612341772151901,0
1995-10-02,20,0.11946202531645572,0
1995-10-03,20,0.17246835443037978,0
1995-10-04,20,0.1985759493670886,0
1995-10-05,20,0.22409018987341772,0
1995-10-06,20,0.21044303797468353,0
1995-10-09,20,0.23931962025316456,0
1995-10-10,20,0.3152689873417721,0
1995-10-11,20,0.34632120253164556,0
1995-10-12,20,0.348496835443038,0
1995-10-13,20,0.35245253164556967,0
1995-10-16,20,0.3346518987341772,0
1995-10-17,20,0.34829905063291133,0
1995-10-18,20,0.3301028481012658,0
1995-10-19,20,0.3481012658227848,0
1995-10-20,20,0.2719541139240506,0
1995-10-23,20,0.30083069620253167,0
1995-10-24,20,0.32832278481012656,0
1995-10-25,20,0.31249999999999994,0
1995-10-26,20,0.3623417721518988,0
1995-10-27,20,0.46420094936708856,0
1995-10-30,20,0.4418512658227848,0
1995-10-31,20,0.3815268987341772,0
1995-11-01,20,0.4125791139240506,0
1995-11-02,20,0.37816455696202533,0
1995-11-03,20,0.366495253164557,0
1995-11-06,20,0.35541930379746833,0
1995-11-07,20,0.3142800632911392,0
1995-11-08,20,0.3348496835443038,0
1995-11-09,20,0.31329113924050633,0
1995-11-10,20,0.3332674050632911,0
1995-11-13,20,0.35680379746835444,0
1995-11-14,20,0.34177215189873417,0
1995-11-15,20,0.4060522151898734,0
1995-11-16,20,0.3831091772151899,0
1995-11-17,20,0.3825158227848101,0
1995-11-20,20,0.30973101265822783,0
1995-11-21,20,0.32298259493670883,0
1995-11-22,20,0.30359968354430383,0
1995-11-24,20,0.27037183544303794,0
1995-11-27,20,0.15921677215189875,0
1995-11-28,20,0.1706882911392405,0
1995-11-29,20,0.16772151898734175,0
1995-11-30,20,0.14082278481012656,0
1995-12-01,20,0.1839398734177215,0
1995-12-04,20,0.20272943037974683,0
1995-12-05,20,0.1799841772151899,0
1995-12-06,20,0.1416139240506329,0
1995-12-07,20,0.11669303797468357,0
1995-12-08,20,0.16396360759493672,0
1995-12-11,20,0.16594145569620256,0
1995-12-12,20,0.14814082278481014,0
1995-12-13,20,0.15011867088607594,0
1995-12-14,20,0.11412183544303796,0
1995-12-15,20,0.18196202531645572,0
1995-12-18,20,0.21123417721518986,0
1995-12-19,20,0.412381329113924,0
1995-12-20,20,0.3271360759493671,0
1995-12-21,20,0.456882911392405,0
1995-12-22,20,0.3983386075949367,0
1995-12-26,20,0.3995253164556962,0
1995-12-27,20,0.38924050632911394,0
1995-12-28,20,0.4276107594936709,0
1995-12-29,20,0.44185126582278483,0
1996-01-02,20,0.3943829113924051,0
1996-01-03,20,0.3728243670886076,0
1996-01-04,20,0.40941455696202533,0
1996-01-05,20,0.48338607594936706,0
1996-01-08,20,0.5090981012658228,0
1996-01-09,20,0.4408623417721519,0
1996-01-10,20,0.6006724683544303,0
1996-01-11,20,0.7321993670886076,1
1996-01-12,20,0.7246835443037974,1
1996-01-15,20,0.7357594936708861,1
1996-01-16,20,0.71875,1
1996-01-17,20,0.705498417721519,1
1996-01-18,20,0.6087816455696202,0
1996-01-19,20,0.6263844936708861,0
1996-01-22,20,0.5231408227848101,0
1996-01-23,20,0.5320411392405063,0
1996-01-24,20,0.5551819620253164,0
1996-01-25,20,0.5379746835443038,0
1996-01-26,20,0.567246835443038,0
1996-01-29,20,0.5334256329113924,0
1996-01-30,20,0.5268987341772151,0
1996-01-31,20,0.5187895569620253,0
1996-02-01,20,0.47151898734177217,0
1996-02-02,20,0.40822784810126583,0
1996-02-05,20,0.42444620253164556,0
1996-02-06,20,0.4040743670886076,0
1996-02-07,20,0.29845727848101267,0
1996-02-08,20,0.135878164556962,0
1996-02-09,20,0.13844936708860758,0
1996-02-12,20,0.13429588607594933,0
1996-02-13,20,0.11451740506329113,0
1996-02-14,20,0.10067246835443038,0
1996-02-15,20,0.129746835443038,0
1996-02-16,20,0.16099683544303794,0
1996-02-20,20,0.19442246835443036,0
1996-02-21,20,0.28619462025316456,0
1996-02-22,20,0.2824367088607595,0
1996-02-23,20,0.3004351265822785,0
1996-02-26,20,0.2818433544303797,0
1996-02-27,20,0.3583860759493671,0
1996-02-28,20,0.40407436708860756,0
1996-02-29,20,0.4697389240506329,0
1996-03-01,20,0.5698180379746836,0
1996-03-04,20,0.5609177215189873,0
1996-03-05,20,0.47943037974683544,0
1996-03-06,20,0.484375,0
1996-03-07,20,0.5721914556962024,0
1996-03-08,20,0.582871835443038,0
1996-03-11,20,0.8510680379746836,1
1996-03-12,20,0.8401898734177216,1
1996-03-13,20,0.8605617088607596,1
1996-03-14,20,0.8550237341772151,1
1996-03-15,20,0.8251582278481013,1
1996-03-18,20,0.7972705696202531,1
1996-03-19,20,0.7017405063291139,1
1996-03-20,20,0.6285601265822784,0
1996-03-21,20,0.7027294303797469,1
1996-03-22,20,0.771756329113924,1
1996-03-25,20,0.7664161392405062,1
1996-03-26,20,0.6890822784810127,0
1996-03-27,20,0.6295490506329113,0
1996-03-28,20,0.6445806962025316,0
1996-03-29,20,0.6036392405063291,0
1996-04-01,20,0.6687104430379747,0
1996-04-02,20,0.6540743670886076,0
1996-04-03,20,0.6878955696202531,0
1996-04-04,20,0.6392405063291139,0
1996-04-08,20,0.6534810126582278,0
1996-04-09,20,0.4667721518987342,0
1996-04-10,20,0.5221518987341772,0
1996-04-11,20,0.621637658227848,0
1996-04-12,20,0.6528876582278481,0
1996-04-15,20,0.6380537974683544,0
1996-04-16,20,0.6010680379746836,0
1996-04-17,20,0.6166930379746836,0
1996-04-18,20,0.6376582278481012,0
1996-04-19,20,0.6164952531645569,0
1996-04-22,20,0.6002768987341772,0
1996-04-23,20,0.5923655063291139,0
1996-04-24,20,0.5623022151898733,0
1996-04-25,20,0.5986946202531646,0
1996-04-26,20,0.5267009493670887,0
1996-04-29,20,0.5231408227848101,0
1996-04-30,20,0.4790348101265823,0
1996-05-01,20,0.5029667721518988,0
1996-05-02,20,0.5110759493670886,0
1996-05-03,20,0.6795886075949367,0
1996-05-06,20,0.6873022151898733,0
1996-05-07,20,0.529865506329114,0
1996-05-08,20,0.5354034810126582,0
1996-05-09,20,0.3627373417721519,0
1996-05-10,20,0.3237737341772152,0
1996-05-13,20,0.3229825949367089,0
1996-05-14,20,0.32456487341772156,0
1996-05-15,20,0.3178401898734177,0
1996-05-16,20,0.27749208860759494,0
1996-05-17,20,0.2980617088607595,0
1996-05-20,20,0.2863924050632911,0
1996-05-21,20,0.2806566455696202,0
1996-05-22,20,0.30874208860759494,0
1996-05-23,20,0.26878955696202533,0
1996-05-24,20,0.3105221518987342,0
1996-05-28,20,0.299248417721519,0
1996-05-29,20,0.39141613924050633,0
1996-05-30,20,0.4501582278481013,0
1996-05-31,20,0.42167721518987344,0
1996-06-03,20,0.24881329113924053,0
1996-06-04,20,0.24367088607594936,0
1996-06-05,20,0.22191455696202533,0
1996-06-06,20,0.19600474683544303,0
1996-06-07,20,0.25079113924050633,0
1996-06-10,20,0.2543512658227848,0
1996-06-11,20,0.29331487341772156,0
1996-06-12,20,0.35739715189873417,0
1996-06-13,20,0.40170094936708856,0
1996-06-14,20,0.4113924050632911,0
1996-06-17,20,0.4295886075949367,0
1996-06-18,20,0.4582674050632911,0
1996-06-19,20,0.49920886075949367,0
1996-06-20,20,0.4978243670886076,0
1996-06-21,20,0.4966376582278481,0
1996-06-24,20,0.4766613924050633,0
1996-06-25,20,0.47745253164556967,0
1996-06-26,20,0.41257911392405067,0
1996-06-27,20,0.40862341772151894,0
1996-06-28,20,0.41000791139240506,0
1996-07-01,20,0.36609968354430383,0
1996-07-02,20,0.3237737341772152,0
1996-07-03,20,0.375,0
1996-07-05,20,0.4151503164556962,0
1996-07-08,20,0.5882120253164557,0
1996-07-09,20,0.6180775316455696,0
1996-07-10,20,0.614121835443038,0
1996-07-11,20,0.6040348101265822,0
1996-07-12,20,0.7049050632911392,1
1996-07-15,20,0.7023338607594937,1
1996-07-16,20,0.8241693037974684,1
1996-07-17,20,0.8241693037974684,1
1996-07-18,20,0.826740506329114,1
1996-07-19,20,0.8235759493670887,1
1996-07-22,20,0.8447389240506329,1
1996-07-23,20,0.8554193037974684,1
1996-07-24,20,0.8716376582278481,1
1996-07-25,20,0.8718354430379747,1
1996-07-26,20,0.8696598101265822,1
1996-07-29,20,0.8700553797468354,1
1996-07-30,20,0.8785601265822784,1
1996-07-31,20,0.8775712025316456,1
1996-08-01,20,0.8761867088607596,1
1996-08-02,20,0.8791534810126582,1
1996-08-05,20,0.6950158227848101,0
1996-08-06,20,0.6698971518987342,0
1996-08-07,20,0.6698971518987342,0
1996-08-08,20,0.6661392405063291,0
1996-08-09,20,0.5510284810126582,0
1996-08-12,20,0.5625,0
1996-08-13,20,0.35067246835443033,0
1996-08-14,20,0.3779667721518987,0
1996-08-15,20,0.3846914556962025,0
1996-08-16,20,0.4299841772151899,0
1996-08-19,20,0.3538370253164557,0
1996-08-20,20,0.3079509493670886,0
1996-08-21,20,0.23496835443037972,0
1996-08-22,20,0.23615506329113925,0
1996-08-23,20,0.23991297468354428,0
1996-08-26,20,0.2778876582278481,0
1996-08-27,20,0.25316455696202533,0
1996-08-28,20,0.25257120253164556,0
1996-08-29,20,0.285007911392405,0
1996-08-30,20,0.42919303797468356,0
1996-09-03,20,0.4926819620253165,0
1996-09-04,20,0.4679588607594937,0
1996-09-05,20,0.4731012658227848,0
1996-09-06,20,0.537381329113924,0
1996-09-09,20,0.5178006329113924,0
1996-09-10,20,0.48655063291139244,0
1996-09-11,20,0.5116693037974683,0
1996-09-12,20,0.417128164556962,0
1996-09-13,20,0.4056566455696202,0
1996-09-16,20,0.37045094936708856,0
1996-09-17,20,0.367879746835443,0
1996-09-18,20,0.3943829113924051,0
1996-09-19,20,0.40031645569620256,0
1996-09-20,20,0.3795490506329114,0
1996-09-23,20,0.3854825949367089,0
1996-09-24,20,0.3419699367088608,0
1996-09-25,20,0.31170886075949367,0
1996-09-26,20,0.3303006329113924,0
1996-09-27,20,0.31210443037974683,0
1996-09-30,20,0.20787183544303794,0
1996-10-01,20,0.1596123417721519,0
1996-10-02,20,0.16178797468354428,0
1996-10-03,20,0.15684335443037972,0
1996-10-04,20,0.09968354430379747,0
1996-10-07,20,0.10977056962025318,0
1996-10-08,20,0.09612341772151899,0
1996-10-09,20,0.11669303797468353,0
1996-10-10,20,0.15921677215189872,0
1996-10-11,20,0.20134493670886078,0
1996-10-14,20,0.1962025316455696,0
1996-10-15,20,0.19936708860759497,0
1996-10-16,20,0.19857594936708864,0
1996-10-17,20,0.17029272151898736,0
1996-10-18,20,0.16317246835443036,0
1996-10-21,20,0.16455696202531644,0
1996-10-22,20,0.16851265822784808,0
1996-10-23,20,0.1967958860759494,0
1996-10-24,20,0.1932357594936709,0
1996-10-25,20,0.2565268987341772,0
1996-10-28,20,0.2747231012658228,0
1996-10-29,20,0.335245253164557,0
1996-10-30,20,0.3206091772151899,0
1996-10-31,20,0.3575949367088608,0
1996-11-01,20,0.31329113924050633,0
1996-11-04,20,0.357001582278481,0
1996-11-05,20,0.3512658227848101,0
1996-11-06,20,0.28955696202531644,0
1996-11-07,20,0.21143196202531644,0
1996-11-08,20,0.18215981012658228,0
1996-11-11,20,0.1847310126582279,0
1996-11-12,20,0.19086234177215192,0
1996-11-13,20,0.20688291139240508,0
1996-11-14,20,0.20866297468354433,0
1996-11-15,20,0.20015822784810128,0
1996-11-18,20,0.21123417721518983,0
1996-11-19,20,0.20806962025316456,0
1996-11-20,20,0.15981012658227844,0
1996-11-21,20,0.1564477848101266,0
1996-11-22,20,0.12183544303797471,0
1996-11-25,20,0.10502373417721521,0
1996-11-26,20,0.082871835443038,0
1996-11-27,20,0.09434335443037974,0
1996-11-29,20,0.09612341772151899,0
1996-12-02,20,0.09869462025316458,0
1996-12-03,20,0.09295886075949365,0
1996-12-04,20,0.17286392405063292,0
1996-12-05,20,0.20272943037974683,0
1996-12-06,20,0.23121044303797467,0
1996-12-09,20,0.3182357594936709,0
1996-12-10,20,0.29371044303797467,0
1996-12-11,20,0.3267405063291139,0
1996-12-12,20,0.39339398734177217,0
1996-12-13,20,0.5789161392405063,0
1996-12-16,20,0.6060126582278481,0
1996-12-17,20,0.6789952531645569,0
1996-12-18,20,0.6649525316455696,0
1996-12-19,20,0.6641613924050633,0
1996-12-20,20,0.6344936708860759,0
1996-12-23,20,0.604628164556962,0
1996-12-24,20,0.6588212025316456,0
1996-12-26,20,0.6756329113924051,0
1996-12-27,20,0.6384493670886076,0
1996-12-30,20,0.6190664556962024,0
1996-12-31,20,0.6621835443037976,0
1997-01-02,20,0.7725474683544304,1
1997-01-03,20,0.7434731012658228,1
1997-01-06,20,0.6615901898734178,0
1997-01-07,20,0.6578322784810127,0
1997-01-08,20,0.5741693037974683,0
1997-01-09,20,0.6873022151898734,0
1997-01-10,20,0.6251977848101266,0
1997-01-13,20,0.5164161392405063,0
1997-01-14,20,0.3931962025316456,0
1997-01-15,20,0.3755933544303798,0
1997-01-16,20,0.33306962025316456,0
1997-01-17,20,0.33662974683544306,0
1997-01-20,20,0.3378164556962025,0
1997-01-21,20,0.3291139240506329,0
1997-01-22,20,0.3269382911392405,0
1997-01-23,20,0.3041930379746835,0
1997-01-24,20,0.3926028481012658,0
1997-01-27,20,0.49564873417721517,0
1997-01-28,20,0.5625,0
1997-01-29,20,0.5371835443037976,0
1997-01-30,20,0.3275316455696203,0
1997-01-31,20,0.305379746835443,0
1997-02-03,20,0.292128164556962,0
1997-02-04,20,0.2879746835443038,0
1997-02-05,20,0.2903481012658228,0
1997-02-06,20,0.3615506329113924,0
1997-02-07,20,0.3842958860759494,0
1997-02-10,20,0.36886867088607594,0
1997-02-11,20,0.4026898734177215,0
1997-02-12,20,0.4256329113924051,0
1997-02-13,20,0.3696598101265823,0
1997-02-14,20,0.3659018987341772,0
1997-02-18,20,0.39794303797468356,0
1997-02-19,20,0.3807357594936709,0
1997-02-20,20,0.4254351265822785,0
1997-02-21,20,0.5411392405063291,0
1997-02-24,20,0.4632120253164557,0
1997-02-25,20,0.37935126582278483,0
1997-02-26,20,0.34414556962025317,0
1997-02-27,20,0.3767800632911392,0
1997-02-28,20,0.48991297468354433,0
1997-03-03,20,0.5986946202531646,0
1997-03-04,20,0.585245253164557,0
1997-03-05,20,0.6226265822784811,0
1997-03-06,20,0.5812895569620253,0
1997-03-07,20,0.4912974683544304,0
1997-03-10,20,0.4651898734177215,0
1997-03-11,20,0.4693433544303798,0
1997-03-12,20,0.45154272151898733,0
1997-03-13,20,0.5490506329113924,0
1997-03-14,20,0.7545490506329113,1
1997-03-17,20,0.7620648734177216,1
1997-03-18,20,0.7377373417721519,1
1997-03-19,20,0.776503164556962,1
1997-03-20,20,0.7776898734177216,1
1997-03-21,20,0.7414952531645569,1
1997-03-24,20,0.7318037974683544,1
1997-03-25,20,0.7325949367088607,1
1997-03-26,20,0.7434731012658228,1
1997-03-27,20,0.7053006329113924,1
1997-03-31,20,0.7747231012658228,1
1997-04-01,20,0.8479034810126582,1
1997-04-02,20,0.8469145569620253,1
1997-04-03,20,0.8631329113924051,1
1997-04-04,20,0.8457278481012658,1
1997-04-07,20,0.8512658227848102,1
1997-04-08,20,0.8502768987341772,1
1997-04-09,20,0.8415743670886076,1
1997-04-10,20,0.8463212025316456,1
1997-04-11,20,0.8393987341772151,1
1997-04-14,20,0.8817246835443038,1
1997-04-15,20,0.883504746835443,1
1997-04-16,20,0.8985363924050633,1
1997-04-17,20,0.8839003164556962,1
1997-04-18,20,0.877373417721519,1
1997-04-21,20,0.8514636075949367,1
1997-04-22,20,0.8821202531645569,1
1997-04-23,20,0.8706487341772152,1
1997-04-24,20,0.8680775316455696,1
1997-04-25,20,0.883504746835443,1
1997-04-28,20,0.8144778481012658,1
1997-04-29,20,0.5927610759493671,0
1997-04-30,20,0.5140427215189873,0
1997-05-01,20,0.46321202531645567,0
1997-05-02,20,0.4693433544303798,0
1997-05-05,20,0.47033227848101267,0
1997-05-06,20,0.4721123417721519,0
1997-05-07,20,0.48002373417721517,0
1997-05-08,20,0.49485759493670883,0
1997-05-09,20,0.4857594936708861,0
1997-05-12,20,0.410996835443038,0
1997-05-13,20,0.4196993670886076,0
1997-05-14,20,0.4262262658227848,0
1997-05-15,20,0.4256329113924051,0
1997-05-16,20,0.4165348101265823,0
1997-05-19,20,0.4541139240506329,0
1997-05-20,20,0.4376977848101266,0
1997-05-21,20,0.4287974683544304,0
1997-05-22,20,0.43354430379746833,0
1997-05-23,20,0.435126582278481,0
1997-05-27,20,0.41752373417721517,0
1997-05-28,20,0.41693037974683544,0
1997-05-29,20,0.39873417721518983,0
1997-05-30,20,0.42108386075949367,0
1997-06-02,20,0.4022943037974684,0
1997-06-03,20,0.42563291139240506,0
1997-06-04,20,0.4934731012658228,0
1997-06-05,20,0.5219541139240507,0
1997-06-06,20,0.35541930379746833,0
1997-06-09,20,0.35304588607594933,0
1997-06-10,20,0.3530458860759494,0
1997-06-11,20,0.3708465189873418,0
1997-06-12,20,0.3125,0
1997-06-13,20,0.3239715189873418,0
1997-06-16,20,0.3245648734177215,0
1997-06-17,20,0.22962816455696206,0
1997-06-18,20,0.23793512658227847,0
1997-06-19,20,0.2743275316455696,0
1997-06-20,20,0.25731803797468356,0
1997-06-23,20,0.2353639240506329,0
1997-06-24,20,0.42167721518987344,0
1997-06-25,20,0.4104034810126582,0
1997-06-26,20,0.42820411392405067,0
1997-06-27,20,0.43730221518987344,0
1997-06-30,20,0.43908227848101267,0
1997-07-01,20,0.439873417721519,0
1997-07-02,20,0.42405063291139244,0
1997-07-03,20,0.3971518987341772,0
1997-07-07,20,0.4003164556962025,0
1997-07-08,20,0.4096123417721519,0
1997-07-09,20,0.40822784810126583,0
1997-07-10,20,0.4566851265822785,0
1997-07-11,20,0.45470727848101267,0
1997-07-14,20,0.4800237341772152,0
1997-07-15,20,0.520371835443038,0
1997-07-16,20,0.48457278481012656,0
1997-07-17,20,0.45154272151898733,0
1997-07-18,20,0.44837816455696206,0
1997-07-21,20,0.6127373417721519,0
1997-07-22,20,0.6378560126582278,0
1997-07-23,20,0.43255537974683544,0
1997-07-24,20,0.4408623417721519,0
1997-07-25,20,0.4046677215189874,0
1997-07-28,20,0.38983386075949367,0
1997-07-29,20,0.4048655063291139,0
1997-07-30,20,0.38666930379746833,0
1997-07-31,20,0.3866693037974684,0
1997-08-01,20,0.3928006329113924,0
1997-08-04,20,0.45905854430379744,0
1997-08-05,20,0.4107990506329114,0
1997-08-06,20,0.4317642405063291,0
1997-08-07,20,0.34058544303797467,0
1997-08-08,20,0.4017009493670886,0
1997-08-11,20,0.575751582278481,0
1997-08-12,20,0.5652689873417722,0
1997-08-13,20,0.6936313291139241,0
1997-08-14,20,0.7636471518987342,1
1997-08-15,20,0.7278481012658229,1
1997-08-18,20,0.7978639240506329,1
1997-08-19,20,0.7377373417721519,1
1997-08-20,20,0.7600870253164557,1
1997-08-21,20,0.7037183544303798,1
1997-08-22,20,0.8247626582278481,1
1997-08-25,20,0.8251582278481013,1
1997-08-26,20,0.8299050632911392,1
1997-08-27,20,0.8686708860759493,1
1997-08-28,20,0.8742088607594937,1
1997-08-29,20,0.8916139240506329,1
1997-09-02,20,0.885878164556962,1
1997-09-03,20,0.8977452531645569,1
1997-09-04,20,0.9036787974683544,1
1997-09-05,20,0.9131724683544304,1
1997-09-08,20,0.8908227848101267,1
1997-09-09,20,0.7867879746835442,1
1997-09-10,20,0.7911392405063291,1
1997-09-11,20,0.8249604430379747,1
1997-09-12,20,0.8360363924050633,1
1997-09-15,20,0.7917325949367089,1
1997-09-16,20,0.6159018987341772,0
1997-09-17,20,0.5621044303797469,0
1997-09-18,20,0.6586234177215189,0
1997-09-19,20,0.7108386075949367,1
1997-09-22,20,0.5737737341772151,0
1997-09-23,20,0.5365901898734178,0
1997-09-24,20,0.5371835443037976,0
1997-09-25,20,0.5377768987341771,0
1997-09-26,20,0.5848496835443038,0
1997-09-29,20,0.48694620253164556,0
1997-09-30,20,0.45806962025316456,0
1997-10-01,20,0.535996835443038,0
1997-10-02,20,0.49030854430379744,0
1997-10-03,20,0.4804193037974684,0
1997-10-06,20,0.44600474683544306,0
1997-10-07,20,0.42681962025316456,0
1997-10-08,20,0.4153481012658228,0
1997-10-09,20,0.3829113924050633,0
1997-10-10,20,0.3682753164556962,0
1997-10-13,20,0.3912183544303798,0
1997-10-14,20,0.37242879746835444,0
1997-10-15,20,0.32120253164556967,0
1997-10-16,20,0.33821202531645567,0
1997-10-17,20,0.47943037974683544,0
1997-10-20,20,0.607990506329114,0
1997-10-21,20,0.5955300632911393,0
1997-10-22,20,0.5049446202531646,0
1997-10-23,20,0.46914556962025317,0
1997-10-24,20,0.5935522151898733,0
1997-10-27,20,0.6997626582278481,1
1997-10-28,20,0.9845727848101266,1
1997-10-29,20,0.9315664556962024,1
1997-10-30,20,0.9549050632911393,1
1997-10-31,20,0.9772547468354431,1
1997-11-03,20,0.9723101265822784,1
1997-11-04,20,0.951740506329114,1
1997-11-05,20,0.9661787974683544,1
1997-11-06,20,0.9452136075949367,1
1997-11-07,20,0.948378164556962,1
1997-11-10,20,0.9624208860759493,1
1997-11-11,20,0.9707278481012658,1
1997-11-12,20,0.9703322784810127,1
1997-11-13,20,0.9823971518987342,1
1997-11-14,20,0.9632120253164557,1
1997-11-17,20,0.9030854430379747,1
1997-11-18,20,0.8746044303797469,1
1997-11-19,20,0.9533227848101266,1
1997-11-20,20,0.9293908227848101,1
1997-11-21,20,0.7668117088607596,1
1997-11-24,20,0.6756329113924051,0
1997-11-25,20,0.5073180379746836,0
1997-11-26,20,0.5862341772151899,0
1997-11-28,20,0.564873417721519,0
1997-12-01,20,0.482001582278481,0
1997-12-02,20,0.4790348101265823,0
1997-12-03,20,0.5215585443037974,0
1997-12-04,20,0.5083069620253164,0
1997-12-05,20,0.540743670886076,0
1997-12-08,20,0.479628164556962,0
1997-12-09,20,0.4442246835443038,0
1997-12-10,20,0.4432357594936709,0
1997-12-11,20,0.46598101265822783,0
1997-12-12,20,0.4467958860759494,0
1997-12-15,20,0.4778481012658228,0
1997-12-16,20,0.48477056962025317,0
1997-12-17,20,0.532634493670886,0
1997-12-18,20,0.4903085443037975,0
1997-12-19,20,0.6133306962025316,0
1997-12-22,20,0.7302215189873418,1
1997-12-23,20,0.7229034810126582,1
1997-12-24,20,0.7080696202531646,1
1997-12-26,20,0.7541534810126582,1
1997-12-29,20,0.7462420886075949,1
1997-12-30,20,0.7098496835443038,1
1997-12-31,20,0.7138053797468354,1
1998-01-02,20,0.6981803797468354,1
1998-01-05,20,0.7001582278481013,1
1998-01-06,20,0.659612341772152,0
1998-01-07,20,0.7721518987341772,1
1998-01-08,20,0.7761075949367089,1
1998-01-09,20,0.7828322784810127,1
1998-01-12,20,0.9044699367088607,1
1998-01-13,20,0.8374208860759493,1
1998-01-14,20,0.7757120253164558,1
1998-01-15,20,0.795490506329114,1
1998-01-16,20,0.8512658227848102,1
1998-01-20,20,0.7970727848101266,1
1998-01-21,20,0.628362341772152,0
1998-01-22,20,0.6204509493670887,0
1998-01-23,20,0.7231012658227849,1
1998-01-26,20,0.6487341772151899,0
1998-01-27,20,0.6036392405063291,0
1998-01-28,20,0.5642800632911393,0
1998-01-29,20,0.6036392405063291,0
1998-01-30,20,0.6558544303797469,0
1998-02-02,20,0.6873022151898734,0
1998-02-03,20,0.6054193037974684,0
1998-02-04,20,0.5905854430379747,0
1998-02-05,20,0.5209651898734178,0
1998-02-06,20,0.5249208860759493,0
1998-02-09,20,0.4800237341772152,0
1998-02-10,20,0.3516613924050633,0
1998-02-11,20,0.34750791139240506,0
1998-02-12,20,0.34375,0
1998-02-13,20,0.34533227848101267,0
1998-02-17,20,0.32852056962025317,0
1998-02-18,20,0.32733386075949367,0
1998-02-19,20,0.3166534810126582,0
1998-02-20,20,0.2903481012658228,0
1998-02-23,20,0.2355617088607595,0
1998-02-24,20,0.19560917721518986,0
1998-02-25,20,0.23793512658227847,0
1998-02-26,20,0.23536392405063292,0
1998-02-27,20,0.2298259493670886,0
1998-03-02,20,0.232001582278481,0
1998-03-03,20,0.21044303797468353,0
1998-03-04,20,0.14675632911392403,0
1998-03-05,20,0.1847310126582279,0
1998-03-06,20,0.29529272151898733,0
1998-03-09,20,0.2950949367088608,0
1998-03-10,20,0.3269382911392405,0
1998-03-11,20,0.3095332278481012,0
1998-03-12,20,0.3073575949367089,0
1998-03-13,20,0.30636867088607594,0
1998-03-16,20,0.32496044303797467,0
1998-03-17,20,0.29845727848101267,0
1998-03-18,20,0.3022151898734177,0
1998-03-19,20,0.29825949367088606,0
1998-03-20,20,0.27254746835443044,0
1998-03-23,20,0.2745253164556962,0
1998-03-24,20,0.2986550632911392,0
1998-03-25,20,0.2529667721518988,0
1998-03-26,20,0.2650316455696202,0
1998-03-27,20,0.2767009493670886,0
1998-03-30,20,0.3067642405063291,0
1998-03-31,20,0.30874208860759494,0
1998-04-01,20,0.3059731012658228,0
1998-04-02,20,0.2747231012658228,0
1998-04-03,20,0.18651107594936708,0
1998-04-06,20,0.13390031645569622,0
1998-04-07,20,0.12440664556962024,0
1998-04-08,20,0.20114715189873417,0
1998-04-09,20,0.271756329113924,0
1998-04-13,20,0.24762658227848103,0
1998-04-14,20,0.24505537974683542,0
1998-04-15,20,0.2521756329113924,0
1998-04-16,20,0.2422863924050633,0
1998-04-17,20,0.36392405063291144,0
1998-04-20,20,0.35245253164556967,0
1998-04-21,20,0.37757120253164556,0
1998-04-22,20,0.3362341772151899,0
1998-04-23,20,0.3516613924050633,0
1998-04-24,20,0.4284018987341772,0
1998-04-27,20,0.522745253164557,0
1998-04-28,20,0.6774129746835443,0
1998-04-29,20,0.674248417721519,0
1998-04-30,20,0.6695015822784811,0
1998-05-01,20,0.6431962025316456,0
1998-05-04,20,0.6538765822784811,0
1998-05-05,20,0.6631724683544304,0
1998-05-06,20,0.6914556962025317,0
1998-05-07,20,0.6839398734177216,0
1998-05-08,20,0.6960047468354431,1
1998-05-11,20,0.685126582278481,0
1998-05-12,20,0.6876977848101266,0
1998-05-13,20,0.6768196202531646,0
1998-05-14,20,0.6793908227848102,0
1998-05-15,20,0.6151107594936709,0
1998-05-18,20,0.7142009493670887,1
1998-05-19,20,0.728243670886076,1
1998-05-20,20,0.7256724683544304,1
1998-05-21,20,0.7165743670886076,1
1998-05-22,20,0.6742484177215189,0
1998-05-26,20,0.6162974683544304,0
1998-05-27,20,0.5652689873417722,0
1998-05-28,20,0.5670490506329114,0
1998-05-29,20,0.5793117088607596,0
1998-06-01,20,0.6370648734177216,0
1998-06-02,20,0.6325158227848101,0
1998-06-03,20,0.6305379746835443,0
1998-06-04,20,0.6584256329113924,0
1998-06-05,20,0.6115506329113924,0
1998-06-08,20,0.5011867088607596,0
1998-06-09,20,0.5409414556962026,0
1998-06-10,20,0.5207674050632911,0
1998-06-11,20,0.5911787974683544,0
1998-06-12,20,0.7114319620253164,1
1998-06-15,20,0.6999604430379747,1
1998-06-16,20,0.7883702531645569,1
1998-06-17,20,0.7618670886075949,1
1998-06-18,20,0.7246835443037976,1
1998-06-19,20,0.7636471518987342,1
1998-06-22,20,0.7685917721518987,1
1998-06-23,20,0.7399129746835443,1
1998-06-24,20,0.5537974683544304,0
1998-06-25,20,0.4901107594936709,0
1998-06-26,20,0.5342167721518987,0
1998-06-29,20,0.4752768987341772,0
1998-06-30,20,0.45806962025316456,0
1998-07-01,20,0.49030854430379744,0
1998-07-02,20,0.42266613924050633,0
1998-07-06,20,0.4428401898734177,0
1998-07-07,20,0.45332278481012656,0
1998-07-08,20,0.47488132911392406,0
1998-07-09,20,0.44699367088607594,0
1998-07-10,20,0.453125,0
1998-07-13,20,0.3692642405063291,0
1998-07-14,20,0.37519778481012656,0
1998-07-15,20,0.25494462025316456,0
1998-07-16,20,0.26542721518987344,0
1998-07-17,20,0.21617879746835444,0
1998-07-20,20,0.20787183544303797,0
1998-07-21,20,0.1910601265822785,0
1998-07-22,20,0.3227848101265823,0
1998-07-23,20,0.334256329113924,0
1998-07-24,20,0.5965189873417722,0
1998-07-27,20,0.5729825949367089,0
1998-07-28,20,0.5636867088607596,0
1998-07-29,20,0.7102452531645569,1
1998-07-30,20,0.7132120253164557,1
1998-07-31,20,0.7045094936708861,1
1998-08-03,20,0.8156645569620253,1
1998-08-04,20,0.8433544303797469,1
1998-08-05,20,0.9515427215189873,1
1998-08-06,20,0.9515427215189873,1
1998-08-07,20,0.9491693037974683,1
1998-08-10,20,0.9493670886075949,1
1998-08-11,20,0.9515427215189873,1
1998-08-12,20,0.9513449367088608,1
1998-08-13,20,0.9616297468354431,1
1998-08-14,20,0.9606408227848101,1
1998-08-17,20,0.9614319620253164,1
1998-08-18,20,0.9736946202531646,1
1998-08-19,20,0.9628164556962026,1
1998-08-20,20,0.964003164556962,1
1998-08-21,20,0.9467958860759493,1
1998-08-24,20,0.9560917721518988,1
1998-08-25,20,0.9556962025316456,1
1998-08-26,20,0.9282041139240507,1
1998-08-27,20,0.9357199367088607,1
1998-08-28,20,0.982001582278481,1
1998-08-31,20,0.9800237341772151,1
1998-09-01,20,0.9916930379746836,1
1998-09-02,20,0.9863528481012658,1
1998-09-03,20,0.989121835443038,1
1998-09-04,20,0.9912974683544304,1
1998-09-08,20,0.9916930379746836,1
1998-09-09,20,0.9792325949367089,1
1998-09-10,20,0.982001582278481,1
1998-09-11,20,0.9956487341772151,1
1998-09-14,20,0.984375,1
1998-09-15,20,0.9485759493670887,1
1998-09-16,20,0.9691455696202531,1
1998-09-17,20,0.9754746835443038,1
1998-09-18,20,0.990506329113924,1
1998-09-21,20,0.9885284810126582,1
1998-09-22,20,0.9792325949367089,1
1998-09-23,20,0.979628164556962,1
1998-09-24,20,0.931368670886076,1
1998-09-25,20,0.9634098101265822,1
1998-09-28,20,0.8081487341772151,1
1998-09-29,20,0.6924446202531646,0
1998-09-30,20,0.5007911392405063,0
1998-10-01,20,0.6706882911392404,0
1998-10-02,20,0.8393987341772151,1
1998-10-05,20,0.689873417721519,0
1998-10-06,20,0.7270569620253164,1
1998-10-07,20,0.9535205696202531,1
1998-10-08,20,0.9475870253164557,1
1998-10-09,20,0.9092167721518987,1
1998-10-12,20,0.9210838607594937,1
1998-10-13,20,0.9388844936708861,1
1998-10-14,20,0.9570806962025316,1
1998-10-15,20,0.9525316455696202,1
1998-10-16,20,0.6388449367088607,0
1998-10-19,20,0.599881329113924,0
1998-10-20,20,0.591376582278481,0
1998-10-21,20,0.6111550632911392,0
1998-10-22,20,0.7869857594936709,1
1998-10-23,20,0.6038370253164557,0
1998-10-26,20,0.65625,0
1998-10-27,20,0.6695015822784811,0
1998-10-28,20,0.7183544303797469,1
1998-10-29,20,0.5443037974683544,0
1998-10-30,20,0.48160601265822783,0
1998-11-02,20,0.4814082278481013,0
1998-11-03,20,0.4645965189873418,0
1998-11-04,20,0.4610363924050633,0
1998-11-05,20,0.43789556962025317,0
1998-11-06,20,0.4115901898734177,0
1998-11-09,20,0.3876582278481013,0
1998-11-10,20,0.40625,0
1998-11-11,20,0.4040743670886076,0
1998-11-12,20,0.417128164556962,0
1998-11-13,20,0.28955696202531644,0
1998-11-16,20,0.2869857594936709,0
1998-11-17,20,0.2909414556962025,0
1998-11-18,20,0.28856803797468356,0
1998-11-19,20,0.2885680379746835,0
1998-11-20,20,0.2877768987341772,0
1998-11-23,20,0.2456487341772152,0
1998-11-24,20,0.292128164556962,0
1998-11-25,20,0.2846123417721519,0
1998-11-27,20,0.2830300632911393,0
1998-11-30,20,0.2626582278481013,0
1998-12-01,20,0.4052610759493671,0
1998-12-02,20,0.40625,0
1998-12-03,20,0.41297468354430383,0
1998-12-04,20,0.5450949367088607,0
1998-12-07,20,0.5231408227848101,0
1998-12-08,20,0.5098892405063291,0
1998-12-09,20,0.4909018987341772,0
1998-12-10,20,0.4798259493670886,0
1998-12-11,20,0.5268987341772152,0
1998-12-14,20,0.509493670886076,0
1998-12-15,20,0.7013449367088608,1
1998-12-16,20,0.6439873417721519,0
1998-12-17,20,0.6696993670886076,0
1998-12-18,20,0.6073971518987342,0
1998-12-21,20,0.607990506329114,0
1998-12-22,20,0.5943433544303798,0
1998-12-23,20,0.7120253164556962,1
1998-12-24,20,0.5700158227848101,0
1998-12-28,20,0.5957278481012658,0
1998-12-29,20,0.6246044303797469,0
1998-12-30,20,0.48575949367088606,0
1998-12-31,20,0.5199762658227848,0
1999-01-04,20,0.5162183544303798,0
1999-01-05,20,0.4643987341772152,0
1999-01-06,20,0.4584651898734177,0
1999-01-07,20,0.4622231012658228,0
1999-01-08,20,0.45589398734177217,0
1999-01-11,20,0.45174050632911394,0
1999-01-12,20,0.43354430379746833,0
1999-01-13,20,0.4879351265822785,0
1999-01-14,20,0.4272151898734177,0
1999-01-15,20,0.506131329113924,0
1999-01-19,20,0.48279272151898733,0
1999-01-20,20,0.48872626582278483,0
1999-01-21,20,0.4942642405063291,0
1999-01-22,20,0.6157041139240507,0
1999-01-25,20,0.6770174050632911,0
1999-01-26,20,0.7385284810126582,1
1999-01-27,20,0.6469541139240507,0
1999-01-28,20,0.6971914556962024,1
1999-01-29,20,0.6708860759493671,0
1999-02-01,20,0.5599287974683544,0
1999-02-02,20,0.5751582278481013,0
1999-02-03,20,0.6200553797468354,0
1999-02-04,20,0.6511075949367089,0
1999-02-05,20,0.873615506329114,1
1999-02-08,20,0.8924050632911393,1
1999-02-09,20,0.8949762658227848,1
1999-02-10,20,0.9357199367088608,1
1999-02-11,20,0.857001582278481,1
1999-02-12,20,0.7060917721518987,1
1999-02-16,20,0.7159810126582278,1
1999-02-17,20,0.7996439873417722,1
1999-02-18,20,0.8971518987341772,1
1999-02-19,20,0.8757911392405063,1
1999-02-22,20,0.7681962025316456,1
1999-02-23,20,0.5771360759493671,0
1999-02-24,20,0.6166930379746836,0
1999-02-25,20,0.7978639240506329,1
1999-02-26,20,0.7923259493670886,1
1999-03-01,20,0.8939873417721519,1
1999-03-02,20,0.9252373417721519,1
1999-03-03,20,0.9331487341772152,1
1999-03-04,20,0.9100079113924051,1
1999-03-05,20,0.8916139240506329,1
1999-03-08,20,0.6649525316455696,0
1999-03-09,20,0.5888053797468354,0
1999-03-10,20,0.6218354430379747,0
1999-03-11,20,0.506131329113924,0
1999-03-12,20,0.5017800632911392,0
1999-03-15,20,0.5636867088607596,0
1999-03-16,20,0.4438291139240506,0
1999-03-17,20,0.4600474683544304,0
1999-03-18,20,0.4287974683544304,0
1999-03-19,20,0.4272151898734177,0
1999-03-22,20,0.47606803797468356,0
1999-03-23,20,0.5623022151898733,0
1999-03-24,20,0.7917325949367089,1
1999-03-25,20,0.6655458860759493,0
1999-03-26,20,0.5346123417721519,0
1999-03-29,20,0.5361946202531646,0
1999-03-30,20,0.48912183544303794,0
1999-03-31,20,0.48397943037974683,0
1999-04-01,20,0.5197784810126582,0
1999-04-05,20,0.546875,0
1999-04-06,20,0.550237341772152,0
1999-04-07,20,0.59375,0
1999-04-08,20,0.5474683544303798,0
1999-04-09,20,0.5229430379746836,0
1999-04-12,20,0.5401503164556962,0
1999-04-13,20,0.508504746835443,0
1999-04-14,20,0.5737737341772151,0
1999-04-15,20,0.6835443037974684,0
1999-04-16,20,0.6647547468354431,0
1999-04-19,20,0.7630537974683544,1
1999-04-20,20,0.8340585443037974,1
1999-04-21,20,0.7496044303797469,1
1999-04-22,20,0.5019778481012658,0
1999-04-23,20,0.4918908227848101,0
1999-04-26,20,0.514240506329114,0
1999-04-27,20,0.49604430379746833,0
1999-04-28,20,0.5237341772151899,0
1999-04-29,20,0.5350079113924051,0
1999-04-30,20,0.5051424050632911,0
1999-05-03,20,0.5617088607594937,0
1999-05-04,20,0.5856408227848101,0
1999-05-05,20,0.6991693037974683,1
1999-05-06,20,0.6744462025316456,0
1999-05-07,20,0.8162579113924051,1
1999-05-10,20,0.7852056962025316,1
1999-05-11,20,0.8364319620253164,1
1999-05-12,20,0.7436708860759493,1
1999-05-13,20,0.592365506329114,0
1999-05-14,20,0.5518196202531646,0
1999-05-17,20,0.6999604430379747,1
1999-05-18,20,0.5245253164556962,0
1999-05-19,20,0.6200553797468354,0
1999-05-20,20,0.6738528481012659,0
1999-05-21,20,0.7579113924050633,1
1999-05-24,20,0.7802610759493671,1
1999-05-25,20,0.8564082278481012,1
1999-05-26,20,0.8902294303797469,1
1999-05-27,20,0.8846914556962024,1
1999-05-28,20,0.9163370253164557,1
1999-06-01,20,0.8916139240506329,1
1999-06-02,20,0.9183148734177216,1
1999-06-03,20,0.8753955696202531,1
1999-06-04,20,0.8817246835443038,1
1999-06-07,20,0.7891613924050633,1
1999-06-08,20,0.8125,1
1999-06-09,20,0.8599683544303798,1
1999-06-10,20,0.8829113924050633,1
1999-06-11,20,0.9185126582278481,1
1999-06-14,20,0.9264240506329113,1
1999-06-15,20,0.8746044303797468,1
1999-06-16,20,0.8684731012658228,1
1999-06-17,20,0.7903481012658228,1
1999-06-18,20,0.7941060126582278,1
1999-06-21,20,0.7545490506329113,1
1999-06-22,20,0.6920490506329113,0
1999-06-23,20,0.6210443037974683,0
1999-06-24,20,0.5136471518987342,0
1999-06-25,20,0.6857199367088608,0
1999-06-28,20,0.5405458860759493,0
1999-06-29,20,0.5541930379746836,0
1999-06-30,20,0.4600474683544304,0
1999-07-01,20,0.44007120253164556,0
1999-07-02,20,0.43651107594936706,0
1999-07-06,20,0.43433544303797467,0
1999-07-07,20,0.4594541139240506,0
1999-07-08,20,0.390625,0
1999-07-09,20,0.3969541139240506,0
1999-07-12,20,0.34098101265822783,0
1999-07-13,20,0.32496044303797467,0
1999-07-14,20,0.336629746835443,0
1999-07-15,20,0.33860759493670883,0
1999-07-16,20,0.3022151898734177,0
1999-07-19,20,0.30280854430379744,0
1999-07-20,20,0.33939873417721517,0
1999-07-21,20,0.5520174050632911,0
1999-07-22,20,0.46875,0
1999-07-23,20,0.5589398734177216,0
1999-07-26,20,0.4778481012658228,0
1999-07-27,20,0.5215585443037976,0
1999-07-28,20,0.5257120253164557,0
1999-07-29,20,0.5838607594936709,0
1999-07-30,20,0.7598892405063291,1
1999-08-02,20,0.7962816455696202,1
1999-08-03,20,0.7937104430379747,1
1999-08-04,20,0.7956882911392404,1
1999-08-05,20,0.8134889240506329,1
1999-08-06,20,0.821993670886076,1
1999-08-09,20,0.8243670886075949,1
1999-08-10,20,0.8239715189873418,1
1999-08-11,20,0.8362341772151899,1
1999-08-12,20,0.8662974683544303,1
1999-08-13,20,0.8568037974683544,1
1999-08-16,20,0.9046677215189873,1
1999-08-17,20,0.8983386075949367,1
1999-08-18,20,0.8241693037974684,1
1999-08-19,20,0.8512658227848101,1
1999-08-20,20,0.8306962025316456,1
1999-08-23,20,0.7954905063291139,1
1999-08-24,20,0.6890822784810127,0
1999-08-25,20,0.7302215189873418,1
1999-08-26,20,0.6784018987341772,0
1999-08-27,20,0.6431962025316456,0
1999-08-30,20,0.653876582278481,0
1999-08-31,20,0.7792721518987342,1
1999-09-01,20,0.7709651898734178,1
1999-09-02,20,0.6325158227848102,0
1999-09-03,20,0.7290348101265822,1
1999-09-07,20,0.5399525316455696,0
1999-09-08,20,0.5524129746835443,0
1999-09-09,20,0.520371835443038,0
1999-09-10,20,0.5625,0
1999-09-13,20,0.5344145569620253,0
1999-09-14,20,0.6768196202531646,0
1999-09-15,20,0.7231012658227849,1
1999-09-16,20,0.848496835443038,1
1999-09-17,20,0.8125,1
1999-09-20,20,0.7060917721518988,1
1999-09-21,20,0.7600870253164557,1
1999-09-22,20,0.8989319620253164,1
1999-09-23,20,0.8995253164556962,1
1999-09-24,20,0.9367088607594937,1
1999-09-27,20,0.9248417721518987,1
1999-09-28,20,0.9133702531645569,1
1999-09-29,20,0.8706487341772151,1
1999-09-30,20,0.8912183544303798,1
1999-10-01,20,0.8894382911392404,1
1999-10-04,20,0.8694620253164557,1
1999-10-05,20,0.8427610759493671,1
1999-10-06,20,0.8370253164556962,1
1999-10-07,20,0.803995253164557,1
1999-10-08,20,0.8362341772151898,1
1999-10-11,20,0.8146756329113924,1
1999-10-12,20,0.7879746835443038,1
1999-10-13,20,0.8492879746835443,1
1999-10-14,20,0.8862737341772151,1
1999-10-15,20,0.8920094936708861,1
1999-10-18,20,0.9606408227848101,1
1999-10-19,20,0.9584651898734178,1
1999-10-20,20,0.921875,1
1999-10-21,20,0.881131329113924,1
1999-10-22,20,0.7693829113924051,1
1999-10-25,20,0.6754351265822784,0
1999-10-26,20,0.7448575949367089,1
1999-10-27,20,0.7982594936708861,1
1999-10-28,20,0.6550632911392404,0
1999-10-29,20,0.5512262658227848,0
1999-11-01,20,0.5239319620253164,0
1999-11-02,20,0.5836629746835442,0
1999-11-03,20,0.5939477848101267,0
1999-11-04,20,0.6659414556962026,0
1999-11-05,20,0.598496835443038,0
1999-11-08,20,0.6445806962025317,0
1999-11-09,20,0.6125395569620253,0
1999-11-10,20,0.5690268987341772,0
1999-11-11,20,0.49762658227848106,0
1999-11-12,20,0.4897151898734177,0
1999-11-15,20,0.408623417721519,0
1999-11-16,20,0.41218354430379744,0
1999-11-17,20,0.4260284810126582,0
1999-11-18,20,0.419501582278481,0
1999-11-19,20,0.41060126582278483,0
1999-11-22,20,0.4137658227848101,0
1999-11-23,20,0.40367879746835444,0
1999-11-24,20,0.4098101265822785,0
1999-11-26,20,0.4096123417721519,0
1999-11-29,20,0.33524525316455694,0
1999-11-30,20,0.390625,0
1999-12-01,20,0.4543117088607595,0
1999-12-02,20,0.39260284810126583,0
1999-12-03,20,0.383504746835443,0
1999-12-06,20,0.3852848101265823,0
1999-12-07,20,0.4345332278481013,0
1999-12-08,20,0.5300632911392404,0
1999-12-09,20,0.49367088607594933,0
1999-12-10,20,0.5098892405063291,0
1999-12-13,20,0.5065268987341772,0
1999-12-14,20,0.5751582278481012,0
1999-12-15,20,0.6267800632911393,0
1999-12-16,20,0.6505142405063291,0
1999-12-17,20,0.5799050632911393,0
1999-12-20,20,0.6190664556962026,0
1999-12-21,20,0.6196598101265822,0
1999-12-22,20,0.5680379746835442,0
1999-12-23,20,0.4553006329113924,0
1999-12-27,20,0.4380933544303798,0
1999-12-28,20,0.44145569620253167,0
1999-12-29,20,0.39675632911392406,0
1999-12-30,20,0.29133702531645567,0
1999-12-31,20,0.29905063291139244,0
1990-01-02,60,0.8261471518987342,1
1990-01-03,60,0.7780854430379747,1
1990-01-04,60,0.8069620253164557,1
1990-01-05,60,0.8401898734177216,1
1990-01-08,60,0.8611550632911393,1
1990-01-09,60,0.8350474683544303,1
1990-01-10,60,0.8581882911392404,1
1990-01-11,60,0.5001977848101267,0
1990-01-12,60,0.5498417721518988,0
1990-01-15,60,0.6758306962025317,1
1990-01-16,60,0.7062895569620253,1
1990-01-17,60,0.7094541139240507,1
1990-01-18,60,0.7308148734177216,1
1990-01-19,60,0.7128164556962024,1
1990-01-22,60,0.7001582278481013,1
1990-01-23,60,0.7776898734177216,1
1990-01-24,60,0.7434731012658228,1
1990-01-25,60,0.732001582278481,1
1990-01-26,60,0.7630537974683544,1
1990-01-29,60,0.7626582278481013,1
1990-01-30,60,0.7660205696202531,1
1990-01-31,60,0.7640427215189873,1
1990-02-01,60,0.7674050632911392,1
1990-02-02,60,0.723496835443038,1
1990-02-05,60,0.7238924050632911,1
1990-02-06,60,0.7347705696202531,1
1990-02-07,60,0.7416930379746836,1
1990-02-08,60,0.7371439873417722,1
1990-02-09,60,0.7446598101265822,1
1990-02-12,60,0.7284414556962024,1
1990-02-13,60,0.763251582278481,1
1990-02-14,60,0.7614715189873418,1
1990-02-15,60,0.7616693037974684,1
1990-02-16,60,0.7347705696202531,1
1990-02-20,60,0.7545490506329113,1
1990-02-21,60,0.789754746835443,1
1990-02-22,60,0.7923259493670887,1
1990-02-23,60,0.7996439873417722,1
1990-02-26,60,0.803995253164557,1
1990-02-27,60,0.8008306962025317,1
1990-02-28,60,0.8012262658227849,1
1990-03-01,60,0.7970727848101266,1
1990-03-02,60,0.7972705696202531,1
1990-03-05,60,0.7899525316455696,1
1990-03-06,60,0.7933148734177216,1
1990-03-07,60,0.7865901898734178,1
1990-03-08,60,0.7931170886075949,1
1990-03-09,60,0.7871835443037976,1
1990-03-12,60,0.8024129746835443,1
1990-03-13,60,0.8020174050632911,1
1990-03-14,60,0.8069620253164558,1
1990-03-15,60,0.8024129746835442,1
1990-03-16,60,0.7555379746835442,1
1990-03-19,60,0.7213212025316456,1
1990-03-20,60,0.7114319620253164,1
1990-03-21,60,0.7444620253164558,1
1990-03-22,60,0.7721518987341771,1
1990-03-23,60,0.7927215189873418,1
1990-03-26,60,0.7929193037974684,1
1990-03-27,60,0.795490506329114,1
1990-03-28,60,0.7964794303797469,1
1990-03-29,60,0.7909414556962024,1
1990-03-30,60,0.7919303797468354,1
1990-04-02,60,0.7828322784810127,1
1990-04-03,60,0.7709651898734178,1
1990-04-04,60,0.7774920886075949,1
1990-04-05,60,0.7644382911392404,1
1990-04-06,60,0.7511867088607596,1
1990-04-09,60,0.7602848101265822,1
1990-04-10,60,0.646756329113924,0
1990-04-11,60,0.598496835443038,0
1990-04-12,60,0.6412183544303798,0
1990-04-16,60,0.5638844936708861,0
1990-04-17,60,0.5706091772151899,0
1990-04-18,60,0.5814873417721518,0
1990-04-19,60,0.47310126582278483,0
1990-04-20,60,0.528876582278481,0
1990-04-23,60,0.5543908227848102,0
1990-04-24,60,0.5500395569620253,0
1990-04-25,60,0.557753164556962,0
1990-04-26,60,0.5267009493670887,0
1990-04-27,60,0.48002373417721517,0
1990-04-30,60,0.5911787974683544,0
1990-05-01,60,0.5729825949367089,0
1990-05-02,60,0.5771360759493671,0
1990-05-03,60,0.5692246835443038,0
1990-05-04,60,0.5187895569620253,0
1990-05-07,60,0.524129746835443,0
1990-05-08,60,0.4873417721518987,0
1990-05-09,60,0.47824367088607594,0
1990-05-10,60,0.4139636075949367,0
1990-05-11,60,0.41396360759493667,0
1990-05-14,60,0.38943829113924044,0
1990-05-15,60,0.3920094936708861,0
1990-05-16,60,0.3738132911392405,0
1990-05-17,60,0.3180379746835443,0
1990-05-18,60,0.3095332278481013,0
1990-05-21,60,0.28382120253164556,0
1990-05-22,60,0.2646360759493671,0
1990-05-23,60,0.2668117088607595,0
1990-05-24,60,0.2713607594936709,0
1990-05-25,60,0.2911392405063291,0
1990-05-29,60,0.34632120253164556,0
1990-05-30,60,0.33742088607594933,0
1990-05-31,60,0.31803797468354433,0
1990-06-01,60,0.34177215189873417,0
1990-06-04,60,0.3192246835443038,0
1990-06-05,60,0.31744462025316456,0
1990-06-06,60,0.2946993670886076,0
1990-06-07,60,0.32080696202531644,0
1990-06-08,60,0.3035996835443038,0
1990-06-11,60,0.36491297468354433,0
1990-06-12,60,0.35383702531645567,0
1990-06-13,60,0.35265031645569617,0
1990-06-14,60,0.37954905063291133,0
1990-06-15,60,0.3783623417721519,0
1990-06-18,60,0.3579905063291139,0
1990-06-19,60,0.3827136075949367,0
1990-06-20,60,0.3825158227848101,0
1990-06-21,60,0.381131329113924,0
1990-06-22,60,0.40110759493670883,0
1990-06-25,60,0.46875,0
1990-06-26,60,0.49802215189873417,0
1990-06-27,60,0.489121835443038,0
1990-06-28,60,0.44580696202531644,0
1990-06-29,60,0.4606408227848101,0
1990-07-02,60,0.42444620253164556,0
1990-07-03,60,0.40901898734177217,0
1990-07-05,60,0.39616297468354433,0
1990-07-06,60,0.4657832278481013,0
1990-07-09,60,0.44877373417721517,0
1990-07-10,60,0.43710443037974683,0
1990-07-11,60,0.4982199367088607,0
1990-07-12,60,0.46380537974683544,0
1990-07-13,60,0.4317642405063291,0
1990-07-16,60,0.3744066455696202,0
1990-07-17,60,0.3380142405063291,0
1990-07-18,60,0.3202136075949367,0
1990-07-19,60,0.3079509493670886,0
1990-07-20,60,0.301621835443038,0
1990-07-23,60,0.33880537974683544,0
1990-07-24,60,0.41673259493670883,0
1990-07-25,60,0.37045094936708856,0
1990-07-26,60,0.375,0
1990-07-27,60,0.3975474683544304,0
1990-07-30,60,0.44125791139240506,0
1990-07-31,60,0.4329509493670886,0
1990-08-01,60,0.45114715189873417,0
1990-08-02,60,0.477254746835443,0
1990-08-03,60,0.5450949367088607,0
1990-08-06,60,0.6635680379746836,1
1990-08-07,60,0.7933148734177216,1
1990-08-08,60,0.7935126582278481,1
1990-08-09,60,0.7950949367088607,1
1990-08-10,60,0.7915348101265822,1
1990-08-13,60,0.8093354430379747,1
1990-08-14,60,0.8095332278481013,1
1990-08-15,60,0.8087420886075949,1
1990-08-16,60,0.8093354430379747,1
1990-08-17,60,0.8326740506329113,1
1990-08-20,60,0.8384098101265822,1
1990-08-21,60,0.8386075949367089,1
1990-08-22,60,0.8492879746835443,1
1990-08-23,60,0.8510680379746836,1
1990-08-24,60,0.8821202531645569,1
1990-08-27,60,0.8935917721518988,1
1990-08-28,60,0.915743670886076,1
1990-08-29,60,0.9139636075949367,1
1990-08-30,60,0.9143591772151899,1
1990-08-31,60,0.9228639240506329,1
1990-09-04,60,0.9232594936708861,1
1990-09-05,60,0.9187104430379747,1
1990-09-06,60,0.9183148734177216,1
1990-09-07,60,0.9204905063291139,1
1990-09-10,60,0.9204905063291139,1
1990-09-11,60,0.9200949367088608,1
1990-09-12,60,0.9208860759493671,1
1990-09-13,60,0.9127768987341772,1
1990-09-14,60,0.9167325949367089,1
1990-09-17,60,0.9185126582278481,1
1990-09-18,60,0.9183148734177216,1
1990-09-19,60,0.9125791139240507,1
1990-09-20,60,0.9104034810126582,1
1990-09-21,60,0.9185126582278481,1
1990-09-24,60,0.9187104430379747,1
1990-09-25,60,0.9287974683544304,1
1990-09-26,60,0.9319620253164558,1
1990-09-27,60,0.9339398734177216,1
1990-09-28,60,0.9378955696202531,1
1990-10-01,60,0.938884493670886,1
1990-10-02,60,0.9501582278481012,1
1990-10-03,60,0.9507515822784811,1
1990-10-04,60,0.9525316455696202,1
1990-10-05,60,0.9511471518987342,1
1990-10-08,60,0.949762658227848,1
1990-10-09,60,0.9501582278481013,1
1990-10-10,60,0.9594541139240507,1
1990-10-11,60,0.9630142405063291,1
1990-10-12,60,0.9649920886075949,1
1990-10-15,60,0.966376582278481,1
1990-10-16,60,0.9663765822784811,1
1990-10-17,60,0.9651898734177216,1
1990-10-18,60,0.9655854430379747,1
1990-10-19,60,0.9659810126582278,1
1990-10-22,60,0.9647943037974683,1
1990-10-23,60,0.9628164556962024,1
1990-10-24,60,0.9655854430379747,1
1990-10-25,60,0.9659810126582278,1
1990-10-26,60,0.9679588607594937,1
1990-10-29,60,0.9689477848101267,1
1990-10-30,60,0.9655854430379747,1
1990-10-31,60,0.954509493670886,1
1990-11-01,60,0.9547072784810127,1
1990-11-02,60,0.9549050632911392,1
1990-11-05,60,0.9539161392405063,1
1990-11-06,60,0.9475870253164557,1
1990-11-07,60,0.9527294303797469,1
1990-11-08,60,0.957871835443038,1
1990-11-09,60,0.957871835443038,1
1990-11-12,60,0.943631329113924,1
1990-11-13,60,0.9155458860759493,1
1990-11-14,60,0.9252373417721519,1
1990-11-15,60,0.8690664556962024,1
1990-11-16,60,0.8459256329113924,1
1990-11-19,60,0.7102452531645569,1
1990-11-20,60,0.7373417721518987,1
1990-11-21,60,0.8837025316455696,1
1990-11-23,60,0.879746835443038,1
1990-11-26,60,0.897745253164557,1
1990-11-27,60,0.8463212025316456,1
1990-11-28,60,0.8629351265822784,1
1990-11-29,60,0.8676819620253164,1
1990-11-30,60,0.8837025316455697,1
1990-12-03,60,0.8075553797468354,1
1990-12-04,60,0.8190268987341772,1
1990-12-05,60,0.7689873417721519,1
1990-12-06,60,0.7124208860759493,1
1990-12-07,60,0.7462420886075949,1
1990-12-10,60,0.704509493670886,1
1990-12-11,60,0.6677215189873418,1
1990-12-12,60,0.7122231012658228,1
1990-12-13,60,0.6789952531645569,1
1990-12-14,60,0.6629746835443038,1
1990-12-17,60,0.6275712025316456,0
1990-12-18,60,0.6354825949367089,0
1990-12-19,60,0.5235363924050633,0
1990-12-20,60,0.5532041139240507,0
1990-12-21,60,0.5201740506329113,0
1990-12-24,60,0.4752768987341772,0
1990-12-26,60,0.5219541139240507,0
1990-12-27,60,0.5832674050632911,0
1990-12-28,60,0.6174841772151899,0
1990-12-31,60,0.564873417721519,0
1991-01-02,60,0.5634889240506329,0
1991-01-03,60,0.5931566455696202,0
1991-01-04,60,0.6782041139240507,1
1991-01-07,60,0.5512262658227848,0
1991-01-08,60,0.560126582278481,0
1991-01-09,60,0.5051424050632911,0
1991-01-10,60,0.5909810126582278,0
1991-01-11,60,0.5943433544303798,0
1991-01-14,60,0.5296677215189873,0
1991-01-15,60,0.5605221518987342,0
1991-01-16,60,0.6206487341772152,0
1991-01-17,60,0.6748417721518987,1
1991-01-18,60,0.5824762658227848,0
1991-01-21,60,0.5164161392405063,0
1991-01-22,60,0.5310522151898734,0
1991-01-23,60,0.5338212025316456,0
1991-01-24,60,0.4543117088607595,0
1991-01-25,60,0.4131724683544304,0
1991-01-28,60,0.41574367088607594,0
1991-01-29,60,0.4153481012658228,0
1991-01-30,60,0.4307753164556962,0
1991-01-31,60,0.431368670886076,0
1991-02-01,60,0.4309731012658228,0
1991-02-04,60,0.41455696202531644,0
1991-02-05,60,0.3819224683544304,0
1991-02-06,60,0.38113132911392406,0
1991-02-07,60,0.3805379746835443,0
1991-02-08,60,0.39022943037974683,0
1991-02-11,60,0.38053797468354433,0
1991-02-12,60,0.38390031645569617,0
1991-02-13,60,0.3807357594936709,0
1991-02-14,60,0.37757120253164556,0
1991-02-15,60,0.3949762658227848,0
1991-02-19,60,0.3771756329113924,0
1991-02-20,60,0.3781645569620253,0
1991-02-21,60,0.38627373417721517,0
1991-02-22,60,0.38963607594936706,0
1991-02-25,60,0.3912183544303797,0
1991-02-26,60,0.3874604430379747,0
1991-02-27,60,0.39616297468354433,0
1991-02-28,60,0.39675632911392406,0
1991-03-01,60,0.4017009493670886,0
1991-03-04,60,0.40150316455696206,0
1991-03-05,60,0.40704113924050633,0
1991-03-06,60,0.4044699367088608,0
1991-03-07,60,0.4007120253164557,0
1991-03-08,60,0.4040743670886076,0
1991-03-11,60,0.3981408227848101,0
1991-03-12,60,0.40625,0
1991-03-13,60,0.4119857594936709,0
1991-03-14,60,0.40031645569620256,0
1991-03-15,60,0.40130537974683544,0
1991-03-18,60,0.40526107594936706,0
1991-03-19,60,0.40882120253164556,0
1991-03-20,60,0.4339398734177215,0
1991-03-21,60,0.4345332278481013,0
1991-03-22,60,0.43136867088607594,0
1991-03-25,60,0.43136867088607594,0
1991-03-26,60,0.4185126582278481,0
1991-03-27,60,0.42108386075949367,0
1991-03-28,60,0.42563291139240506,0
1991-04-01,60,0.40901898734177217,0
1991-04-02,60,0.4020965189873418,0
1991-04-03,60,0.40882120253164556,0
1991-04-04,60,0.38508702531645567,0
1991-04-05,60,0.3805379746835443,0
1991-04-08,60,0.3839003164556962,0
1991-04-09,60,0.3831091772151899,0
1991-04-10,60,0.40031645569620256,0
1991-04-11,60,0.3933939873417721,0
1991-04-12,60,0.39675632911392406,0
1991-04-15,60,0.39675632911392406,0
1991-04-16,60,0.36787974683544306,0
1991-04-17,60,0.3676819620253165,0
1991-04-18,60,0.36333069620253167,0
1991-04-19,60,0.36135284810126583,0
1991-04-22,60,0.37242879746835444,0
1991-04-23,60,0.3848892405063291,0
1991-04-24,60,0.385878164556962,0
1991-04-25,60,0.38350474683544306,0
1991-04-26,60,0.3916139240506329,0
1991-04-29,60,0.3985363924050633,0
1991-04-30,60,0.44264240506329117,0
1991-05-01,60,0.4254351265822785,0
1991-05-02,60,0.4293908227848101,0
1991-05-03,60,0.4467958860759494,0
1991-05-06,60,0.4932753164556962,0
1991-05-07,60,0.4845727848101266,0
1991-05-08,60,0.5332278481012658,0
1991-05-09,60,0.5969145569620253,0
1991-05-10,60,0.5193829113924051,0
1991-05-13,60,0.6534810126582279,0
1991-05-14,60,0.5791139240506329,0
1991-05-15,60,0.696993670886076,1
1991-05-16,60,0.7351661392405063,1
1991-05-17,60,0.6475474683544304,0
1991-05-20,60,0.6416139240506329,0
1991-05-21,60,0.6511075949367089,0
1991-05-22,60,0.6350870253164557,0
1991-05-23,60,0.5662579113924051,0
1991-05-24,60,0.629746835443038,0
1991-05-28,60,0.5915743670886076,0
1991-05-29,60,0.585245253164557,0
1991-05-30,60,0.5636867088607596,0
1991-05-31,60,0.5816851265822784,0
1991-06-03,60,0.5482594936708861,0
1991-06-04,60,0.5660601265822784,0
1991-06-05,60,0.5583465189873418,0
1991-06-06,60,0.567246835443038,0
1991-06-07,60,0.5450949367088607,0
1991-06-10,60,0.6465585443037974,0
1991-06-11,60,0.6439873417721519,0
1991-06-12,60,0.6170886075949367,0
1991-06-13,60,0.6621835443037976,1
1991-06-14,60,0.5662579113924051,0
1991-06-17,60,0.5405458860759493,0
1991-06-18,60,0.5504351265822784,0
1991-06-19,60,0.5769382911392404,0
1991-06-20,60,0.6530854430379747,0
1991-06-21,60,0.6971914556962024,1
1991-06-24,60,0.6655458860759493,1
1991-06-25,60,0.7446598101265822,1
1991-06-26,60,0.7106408227848101,1
1991-06-27,60,0.7266613924050633,1
1991-06-28,60,0.7100474683544303,1
1991-07-01,60,0.739121835443038,1
1991-07-02,60,0.6687104430379747,1
1991-07-03,60,0.700751582278481,1
1991-07-05,60,0.6878955696202531,1
1991-07-08,60,0.6778085443037974,1
1991-07-09,60,0.6805775316455697,1
1991-07-10,60,0.7122231012658228,1
1991-07-11,60,0.7223101265822784,1
1991-07-12,60,0.7278481012658228,1
1991-07-15,60,0.7276503164556962,1
1991-07-16,60,0.7098496835443038,1
1991-07-17,60,0.681368670886076,1
1991-07-18,60,0.6560522151898734,0
1991-07-19,60,0.6261867088607596,0
1991-07-22,60,0.6491297468354431,0
1991-07-23,60,0.6230221518987342,0
1991-07-24,60,0.6606012658227848,1
1991-07-25,60,0.600870253164557,0
1991-07-26,60,0.5935522151898733,0
1991-07-29,60,0.6348892405063291,0
1991-07-30,60,0.6168908227848101,0
1991-07-31,60,0.5886075949367089,0
1991-08-01,60,0.5666534810126582,0
1991-08-02,60,0.5354034810126582,0
1991-08-05,60,0.5488528481012658,0
1991-08-06,60,0.6178797468354431,0
1991-08-07,60,0.45391613924050633,0
1991-08-08,60,0.4645965189873418,0
1991-08-09,60,0.41396360759493667,0
1991-08-12,60,0.40249208860759494,0
1991-08-13,60,0.4204905063291139,0
1991-08-14,60,0.41119462025316456,0
1991-08-15,60,0.4068433544303798,0
1991-08-16,60,0.4317642405063291,0
1991-08-19,60,0.495253164556962,0
1991-08-20,60,0.6293512658227849,0
1991-08-21,60,0.6265822784810127,0
1991-08-22,60,0.5927610759493671,0
1991-08-23,60,0.5947389240506329,0
1991-08-26,60,0.6054193037974683,0
1991-08-27,60,0.6400316455696202,0
1991-08-28,60,0.6277689873417722,0
1991-08-29,60,0.5862341772151899,0
1991-08-30,60,0.5551819620253164,0
1991-09-03,60,0.5496439873417722,0
1991-09-04,60,0.5361946202531646,0
1991-09-05,60,0.5504351265822784,0
1991-09-06,60,0.5846518987341772,0
1991-09-09,60,0.5300632911392406,0
1991-09-10,60,0.5443037974683544,0
1991-09-11,60,0.6433939873417722,0
1991-09-12,60,0.6129351265822784,0
1991-09-13,60,0.5666534810126582,0
1991-09-16,60,0.5694224683544304,0
1991-09-17,60,0.5498417721518988,0
1991-09-18,60,0.5791139240506329,0
1991-09-19,60,0.4705300632911392,0
1991-09-20,60,0.46083860759493667,0
1991-09-23,60,0.46677215189873417,0
1991-09-24,60,0.5130537974683544,0
1991-09-25,60,0.45787183544303794,0
1991-09-26,60,0.5136471518987341,0
1991-09-27,60,0.5128560126582278,0
1991-09-30,60,0.46558544303797467,0
1991-10-01,60,0.4537183544303798,0
1991-10-02,60,0.47428797468354433,0
1991-10-03,60,0.464003164556962,0
1991-10-04,60,0.5075158227848101,0
1991-10-07,60,0.5678401898734177,0
1991-10-08,60,0.614121835443038,0
1991-10-09,60,0.6214398734177216,0
1991-10-10,60,0.6471518987341772,0
1991-10-11,60,0.6224287974683544,0
1991-10-14,60,0.639240506329114,0
1991-10-15,60,0.6002768987341772,0
1991-10-16,60,0.5435126582278481,0
1991-10-17,60,0.48081487341772156,0
1991-10-18,60,0.48180379746835444,0
1991-10-21,60,0.49604430379746833,0
1991-10-22,60,0.5261075949367089,0
1991-10-23,60,0.5808939873417722,0
1991-10-24,60,0.6097705696202531,0
1991-10-25,60,0.6463607594936709,0
1991-10-28,60,0.6473496835443038,0
1991-10-29,60,0.6174841772151898,0
1991-10-30,60,0.5717958860759493,0
1991-10-31,60,0.6018591772151899,0
1991-11-01,60,0.6071993670886076,0
1991-11-04,60,0.6064082278481012,0
1991-11-05,60,0.5911787974683544,0
1991-11-06,60,0.6168908227848101,0
1991-11-07,60,0.6206487341772151,0
1991-11-08,60,0.5919699367088607,0
1991-11-11,60,0.5957278481012658,0
1991-11-12,60,0.5427215189873418,0
1991-11-13,60,0.36491297468354433,0
1991-11-14,60,0.3807357594936709,0
1991-11-15,60,0.4248417721518988,0
1991-11-18,60,0.6785996835443038,1
1991-11-19,60,0.6785996835443038,1
1991-11-20,60,0.7138053797468354,1
1991-11-21,60,0.7142009493670887,1
1991-11-22,60,0.7130142405063291,1
1991-11-25,60,0.729628164556962,1
1991-11-26,60,0.7288370253164558,1
1991-11-27,60,0.7163765822784811,1
1991-11-29,60,0.7128164556962024,1
1991-12-02,60,0.7147943037974684,1
1991-12-03,60,0.7128164556962024,1
1991-12-04,60,0.7122231012658228,1
1991-12-05,60,0.6875,1
1991-12-06,60,0.7104430379746836,1
1991-12-09,60,0.7100474683544304,1
1991-12-10,60,0.6920490506329113,1
1991-12-11,60,0.7025316455696202,1
1991-12-12,60,0.7019382911392404,1
1991-12-13,60,0.6946202531645569,1
1991-12-16,60,0.6805775316455696,1
1991-12-17,60,0.6829509493670887,1
1991-12-18,60,0.6809731012658228,1
1991-12-19,60,0.6859177215189873,1
1991-12-20,60,0.6873022151898734,1
1991-12-23,60,0.658623417721519,1
1991-12-24,60,0.5818829113924051,0
1991-12-26,60,0.5771360759493671,0
1991-12-27,60,0.5486550632911393,0
1991-12-30,60,0.5274920886075949,0
1991-12-31,60,0.44462025316455694,0
1992-01-02,60,0.4084256329113924,0
1992-01-03,60,0.39556962025316456,0
1992-01-06,60,0.3937895569620253,0
1992-01-07,60,0.3807357594936709,0
1992-01-08,60,0.39200949367088606,0
1992-01-09,60,0.39339398734177217,0
1992-01-10,60,0.419501582278481,0
1992-01-13,60,0.46677215189873417,0
1992-01-14,60,0.486748417721519,0
1992-01-15,60,0.44679588607594933,0
1992-01-16,60,0.4497626582278481,0
1992-01-17,60,0.44798259493670883,0
1992-01-20,60,0.42503955696202533,0
1992-01-21,60,0.4454113924050633,0
1992-01-22,60,0.4525316455696203,0
1992-01-23,60,0.41594145569620256,0
1992-01-24,60,0.47369462025316456,0
1992-01-27,60,0.4841772151898734,0
1992-01-28,60,0.5003955696202531,0
1992-01-29,60,0.4956487341772152,0
1992-01-30,60,0.5282832278481013,0
1992-01-31,60,0.5098892405063291,0
1992-02-03,60,0.520371835443038,0
1992-02-04,60,0.5249208860759493,0
1992-02-05,60,0.5235363924050633,0
1992-02-06,60,0.5154272151898733,0
1992-02-07,60,0.5172072784810127,0
1992-02-10,60,0.573378164556962,0
1992-02-11,60,0.5581487341772151,0
1992-02-12,60,0.5557753164556962,0
1992-02-13,60,0.32733386075949367,0
1992-02-14,60,0.3720332278481013,0
1992-02-18,60,0.317246835443038,0
1992-02-19,60,0.3599683544303797,0
1992-02-20,60,0.36431962025316456,0
1992-02-21,60,0.3073575949367089,0
1992-02-24,60,0.3178401898734177,0
1992-02-25,60,0.3271360759493671,0
1992-02-26,60,0.32950949367088606,0
1992-02-27,60,0.30814873417721517,0
1992-02-28,60,0.32792721518987344,0
1992-03-02,60,0.33544303797468356,0
1992-03-03,60,0.32792721518987344,0
1992-03-04,60,0.3035996835443038,0
1992-03-05,60,0.34533227848101267,0
1992-03-06,60,0.3629351265822785,0
1992-03-09,60,0.37776898734177217,0
1992-03-10,60,0.37025316455696206,0
1992-03-11,60,0.38231803797468356,0
1992-03-12,60,0.42919303797468356,0
1992-03-13,60,0.43037974683544306,0
1992-03-16,60,0.399129746835443,0
1992-03-17,60,0.40110759493670883,0
1992-03-18,60,0.3736155063291139,0
1992-03-19,60,0.4040743670886076,0
1992-03-20,60,0.4353243670886076,0
1992-03-23,60,0.4416534810126582,0
1992-03-24,60,0.5063291139240507,0
1992-03-25,60,0.5320411392405063,0
1992-03-26,60,0.5619066455696202,0
1992-03-27,60,0.5660601265822784,0
1992-03-30,60,0.5933544303797468,0
1992-03-31,60,0.5957278481012659,0
1992-04-01,60,0.5911787974683544,0
1992-04-02,60,0.5882120253164558,0
1992-04-03,60,0.6066060126582279,0
1992-04-06,60,0.6040348101265823,0
1992-04-07,60,0.5941455696202531,0
1992-04-08,60,0.6404272151898733,0
1992-04-09,60,0.6441851265822784,0
1992-04-10,60,0.6560522151898734,0
1992-04-13,60,0.6475474683544304,0
1992-04-14,60,0.6445806962025317,0
1992-04-15,60,0.6299446202531646,0
1992-04-16,60,0.5702136075949367,0
1992-04-20,60,0.5986946202531646,0
1992-04-21,60,0.6342958860759493,0
1992-04-22,60,0.6374604430379747,0
1992-04-23,60,0.6368670886075949,0
1992-04-24,60,0.6255933544303798,0
1992-04-27,60,0.6077927215189873,0
1992-04-28,60,0.6151107594936709,0
1992-04-29,60,0.5832674050632911,0
1992-04-30,60,0.5700158227848101,0
1992-05-01,60,0.5737737341772151,0
1992-05-04,60,0.6004746835443038,0
1992-05-05,60,0.5737737341772151,0
1992-05-06,60,0.5448971518987342,0
1992-05-07,60,0.5658623417721519,0
1992-05-08,60,0.5773338607594937,0
1992-05-11,60,0.5919699367088608,0
1992-05-12,60,0.5332278481012658,0
1992-05-13,60,0.5446993670886076,0
1992-05-14,60,0.4744857594936709,0
1992-05-15,60,0.5276898734177216,0
1992-05-18,60,0.5874208860759493,0
1992-05-19,60,0.5522151898734178,0
1992-05-20,60,0.5298655063291139,0
1992-05-21,60,0.5209651898734178,0
1992-05-22,60,0.5783227848101266,0
1992-05-26,60,0.5573575949367089,0
1992-05-27,60,0.5729825949367089,0
1992-05-28,60,0.5644778481012658,0
1992-05-29,60,0.5369857594936709,0
1992-06-01,60,0.5081091772151899,0
1992-06-02,60,0.4521360759493671,0
1992-06-03,60,0.47567246835443033,0
1992-06-04,60,0.4721123417721519,0
1992-06-05,60,0.5057357594936709,0
1992-06-08,60,0.46598101265822783,0
1992-06-09,60,0.46518987341772156,0
1992-06-10,60,0.5284810126582278,0
1992-06-11,60,0.5656645569620253,0
1992-06-12,60,0.5729825949367089,0
1992-06-15,60,0.5640822784810127,0
1992-06-16,60,0.5662579113924051,0
1992-06-17,60,0.5915743670886076,0
1992-06-18,60,0.642998417721519,0
1992-06-19,60,0.6457674050632911,0
1992-06-22,60,0.6261867088607594,0
1992-06-23,60,0.629746835443038,0
1992-06-24,60,0.576740506329114,0
1992-06-25,60,0.5729825949367089,0
1992-06-26,60,0.5850474683544304,0
1992-06-29,60,0.5872231012658228,0
1992-06-30,60,0.5102848101265822,0
1992-07-01,60,0.5310522151898734,0
1992-07-02,60,0.526503164556962,0
1992-07-06,60,0.4185126582278481,0
1992-07-07,60,0.3605617088607595,0
1992-07-08,60,0.46083860759493667,0
1992-07-09,60,0.48457278481012656,0
1992-07-10,60,0.46756329113924056,0
1992-07-13,60,0.5098892405063291,0
1992-07-14,60,0.5332278481012658,0
1992-07-15,60,0.5114715189873418,0
1992-07-16,60,0.43077531645569617,0
1992-07-17,60,0.42820411392405067,0
1992-07-20,60,0.4465981012658228,0
1992-07-21,60,0.4837816455696203,0
1992-07-22,60,0.45450949367088606,0
1992-07-23,60,0.479628164556962,0
1992-07-24,60,0.4762658227848101,0
1992-07-27,60,0.5021756329113924,0
1992-07-28,60,0.5181962025316456,0
1992-07-29,60,0.46756329113924056,0
1992-07-30,60,0.46558544303797467,0
1992-07-31,60,0.44818037974683544,0
1992-08-03,60,0.4450158227848101,0
1992-08-04,60,0.4232594936708861,0
1992-08-05,60,0.4357199367088607,0
1992-08-06,60,0.48279272151898733,0
1992-08-07,60,0.4756724683544304,0
1992-08-10,60,0.49643987341772156,0
1992-08-11,60,0.4475870253164557,0
1992-08-12,60,0.4107990506329114,0
1992-08-13,60,0.4527294303797469,0
1992-08-14,60,0.4804193037974684,0
1992-08-17,60,0.453125,0
1992-08-18,60,0.4076344936708861,0
1992-08-19,60,0.4159414556962025,0
1992-08-20,60,0.4216772151898734,0
1992-08-21,60,0.4295886075949367,0
1992-08-24,60,0.5003955696202532,0
1992-08-25,60,0.525118670886076,0
1992-08-26,60,0.5298655063291139,0
1992-08-27,60,0.4849683544303798,0
1992-08-28,60,0.49386867088607594,0
1992-08-31,60,0.4707278481012658,0
1992-09-01,60,0.4810126582278481,0
1992-09-02,60,0.46143196202531644,0
1992-09-03,60,0.4034810126582279,0
1992-09-04,60,0.3635284810126582,0
1992-09-08,60,0.3931962025316456,0
1992-09-09,60,0.43670886075949367,0
1992-09-10,60,0.421875,0
1992-09-11,60,0.3647151898734178,0
1992-09-14,60,0.2854034810126582,0
1992-09-15,60,0.2436708860759494,0
1992-09-16,60,0.3287183544303797,0
1992-09-17,60,0.3251582278481012,0
1992-09-18,60,0.3299050632911392,0
1992-09-21,60,0.30933544303797467,0
1992-09-22,60,0.31032436708860756,0
1992-09-23,60,0.37460443037974683,0
1992-09-24,60,0.4104034810126582,0
1992-09-25,60,0.3886471518987342,0
1992-09-28,60,0.4804193037974684,0
1992-09-29,60,0.45055379746835444,0
1992-09-30,60,0.4645965189873418,0
1992-10-01,60,0.3902294303797469,0
1992-10-02,60,0.4212816455696202,0
1992-10-05,60,0.5150316455696202,0
1992-10-06,60,0.5443037974683544,0
1992-10-07,60,0.5462816455696202,0
1992-10-08,60,0.5670490506329113,0
1992-10-09,60,0.5603243670886076,0
1992-10-12,60,0.5949367088607594,0
1992-10-13,60,0.5868275316455697,0
1992-10-14,60,0.5642800632911393,0
1992-10-15,60,0.5640822784810127,0
1992-10-16,60,0.5448971518987342,0
1992-10-19,60,0.5361946202531646,0
1992-10-20,60,0.5063291139240507,0
1992-10-21,60,0.5009889240506329,0
1992-10-22,60,0.5332278481012658,0
1992-10-23,60,0.548259493670886,0
1992-10-26,60,0.5583465189873418,0
1992-10-27,60,0.5537974683544303,0
1992-10-28,60,0.5541930379746836,0
1992-10-29,60,0.5409414556962026,0
1992-10-30,60,0.521756329113924,0
1992-11-02,60,0.5294699367088608,0
1992-11-03,60,0.4861550632911392,0
1992-11-04,60,0.5231408227848101,0
1992-11-05,60,0.5472705696202531,0
1992-11-06,60,0.5274920886075949,0
1992-11-09,60,0.5334256329113924,0
1992-11-10,60,0.5405458860759493,0
1992-11-11,60,0.546875,0
1992-11-12,60,0.5280854430379747,0
1992-11-13,60,0.48833069620253167,0
1992-11-16,60,0.4924841772151899,0
1992-11-17,60,0.46993670886075944,0
1992-11-18,60,0.428006329113924,0
1992-11-19,60,0.40625,0
1992-11-20,60,0.4165348101265823,0
1992-11-23,60,0.3920094936708861,0
1992-11-24,60,0.42088607594936706,0
1992-11-25,60,0.3924050632911392,0
1992-11-27,60,0.395371835443038,0
1992-11-30,60,0.40229430379746833,0
1992-12-01,60,0.3926028481012658,0
1992-12-02,60,0.38983386075949367,0
1992-12-03,60,0.36708860759493667,0
1992-12-04,60,0.3839003164556962,0
1992-12-07,60,0.3918117088607595,0
1992-12-08,60,0.36431962025316456,0
1992-12-09,60,0.38330696202531644,0
1992-12-10,60,0.3263449367088607,0
1992-12-11,60,0.33939873417721517,0
1992-12-14,60,0.3481012658227848,0
1992-12-15,60,0.3807357594936709,0
1992-12-16,60,0.37519778481012656,0
1992-12-17,60,0.31863132911392406,0
1992-12-18,60,0.29430379746835444,0
1992-12-21,60,0.2761075949367089,0
1992-12-22,60,0.23635284810126583,0
1992-12-23,60,0.2531645569620253,0
1992-12-24,60,0.265625,0
1992-12-28,60,0.26780063291139244,0
1992-12-29,60,0.2587025316455696,0
1992-12-30,60,0.2029272151898734,0
1992-12-31,60,0.1706882911392405,0
1993-01-04,60,0.19264240506329114,0
1993-01-05,60,0.16930379746835444,0
1993-01-06,60,0.19936708860759492,0
1993-01-07,60,0.14378955696202528,0
1993-01-08,60,0.2029272151898734,0
1993-01-11,60,0.2310126582278481,0
1993-01-12,60,0.21894778481012658,0
1993-01-13,60,0.22072784810126583,0
1993-01-14,60,0.221123417721519,0
1993-01-15,60,0.2231012658227848,0
1993-01-18,60,0.2177610759493671,0
1993-01-19,60,0.22171677215189875,0
1993-01-20,60,0.23259493670886078,0
1993-01-21,60,0.24327531645569622,0
1993-01-22,60,0.2488132911392405,0
1993-01-25,60,0.2468354430379747,0
1993-01-26,60,0.24030854430379747,0
1993-01-27,60,0.24723101265822783,0
1993-01-28,60,0.24050632911392406,0
1993-01-29,60,0.2579113924050633,0
1993-02-01,60,0.2286392405063291,0
1993-02-02,60,0.17761075949367092,0
1993-02-03,60,0.1863132911392405,0
1993-02-04,60,0.15644778481012658,0
1993-02-05,60,0.1497231012658228,0
1993-02-08,60,0.1554588607594937,0
1993-02-09,60,0.1829509493670886,0
1993-02-10,60,0.2110363924050633,0
1993-02-11,60,0.20134493670886078,0
1993-02-12,60,0.17642405063291136,0
1993-02-16,60,0.1926424050632911,0
1993-02-17,60,0.3674841772151899,0
1993-02-18,60,0.3825158227848101,0
1993-02-19,60,0.42464398734177217,0
1993-02-22,60,0.383504746835443,0
1993-02-23,60,0.39754746835443044,0
1993-02-24,60,0.41693037974683544,0
1993-02-25,60,0.38449367088607594,0
1993-02-26,60,0.3825158227848101,0
1993-03-01,60,0.3670886075949367,0
1993-03-02,60,0.372626582278481,0
1993-03-03,60,0.33920094936708856,0
1993-03-04,60,0.3439477848101266,0
1993-03-05,60,0.3872626582278481,0
1993-03-08,60,0.4177215189873417,0
1993-03-09,60,0.3627373417721519,0
1993-03-10,60,0.3566060126582279,0
1993-03-11,60,0.33366297468354433,0
1993-03-12,60,0.35067246835443033,0
1993-03-15,60,0.38666930379746833,0
1993-03-16,60,0.3662974683544304,0
1993-03-17,60,0.3928006329113924,0
1993-03-18,60,0.46914556962025317,0
1993-03-19,60,0.43018196202531644,0
1993-03-22,60,0.44699367088607594,0
1993-03-23,60,0.4465981012658228,0
1993-03-24,60,0.4549050632911393,0
1993-03-25,60,0.4564873417721519,0
1993-03-26,60,0.4185126582278481,0
1993-03-29,60,0.4630142405063291,0
1993-03-30,60,0.40249208860759494,0
1993-03-31,60,0.388251582278481,0
1993-04-01,60,0.3803401898734178,0
1993-04-02,60,0.3961629746835443,0
1993-04-05,60,0.46875,0
1993-04-06,60,0.442246835443038,0
1993-04-07,60,0.47092563291139244,0
1993-04-08,60,0.4584651898734177,0
1993-04-12,60,0.486748417721519,0
1993-04-13,60,0.46558544303797467,0
1993-04-14,60,0.46875,0
1993-04-15,60,0.47270569620253167,0
1993-04-16,60,0.455498417721519,0
1993-04-19,60,0.4309731012658228,0
1993-04-20,60,0.4626186708860759,0
1993-04-21,60,0.4988132911392405,0
1993-04-22,60,0.5456882911392404,0
1993-04-23,60,0.592365506329114,0
1993-04-26,60,0.600870253164557,0
1993-04-27,60,0.6339003164556962,0
1993-04-28,60,0.6125395569620253,0
1993-04-29,60,0.6305379746835443,0
1993-04-30,60,0.6267800632911392,0
1993-05-03,60,0.6350870253164558,0
1993-05-04,60,0.6348892405063291,0
1993-05-05,60,0.6240110759493671,0
1993-05-06,60,0.6145174050632911,0
1993-05-07,60,0.6056170886075949,0
1993-05-10,60,0.6127373417721519,0
1993-05-11,60,0.6157041139240507,0
1993-05-12,60,0.5824762658227849,0
1993-05-13,60,0.4272151898734178,0
1993-05-14,60,0.49406645569620256,0
1993-05-17,60,0.47369462025316456,0
1993-05-18,60,0.48833069620253167,0
1993-05-19,60,0.49841772151898733,0
1993-05-20,60,0.44007120253164556,0
1993-05-21,60,0.4612341772151899,0
1993-05-24,60,0.5300632911392404,0
1993-05-25,60,0.5211629746835443,0
1993-05-26,60,0.49802215189873417,0
1993-05-27,60,0.5075158227848101,0
1993-05-28,60,0.5286787974683544,0
1993-06-01,60,0.5314477848101266,0
1993-06-02,60,0.4897151898734177,0
1993-06-03,60,0.5369857594936709,0
1993-06-04,60,0.5476661392405063,0
1993-06-07,60,0.5723892405063291,0
1993-06-08,60,0.5714003164556962,0
1993-06-09,60,0.5603243670886076,0
1993-06-10,60,0.5630933544303798,0
1993-06-11,60,0.5656645569620253,0
1993-06-14,60,0.5334256329113923,0
1993-06-15,60,0.5441060126582278,0
1993-06-16,60,0.5411392405063291,0
1993-06-17,60,0.528876582278481,0
1993-06-18,60,0.5191851265822784,0
1993-06-21,60,0.5581487341772151,0
1993-06-22,60,0.5585443037974683,0
1993-06-23,60,0.5401503164556962,0
1993-06-24,60,0.5690268987341772,0
1993-06-25,60,0.5636867088607596,0
1993-06-28,60,0.5561708860759493,0
1993-06-29,60,0.5249208860759493,0
1993-06-30,60,0.4074367088607595,0
1993-07-01,60,0.41811708860759494,0
1993-07-02,60,0.42325949367088606,0
1993-07-06,60,0.4715189873417721,0
1993-07-07,60,0.5116693037974683,0
1993-07-08,60,0.5209651898734178,0
1993-07-09,60,0.5081091772151899,0
1993-07-12,60,0.5077136075949367,0
1993-07-13,60,0.5013844936708861,0
1993-07-14,60,0.5116693037974683,0
1993-07-15,60,0.48397943037974683,0
1993-07-16,60,0.4679588607594936,0
1993-07-19,60,0.49129746835443033,0
1993-07-20,60,0.4380933544303797,0
1993-07-21,60,0.39754746835443033,0
1993-07-22,60,0.3564082278481013,0
1993-07-23,60,0.4224683544303797,0
1993-07-26,60,0.3993275316455696,0
1993-07-27,60,0.388251582278481,0
1993-07-28,60,0.41079905063291133,0
1993-07-29,60,0.4440268987341772,0
1993-07-30,60,0.43413765822784806,0
1993-08-02,60,0.4592563291139241,0
1993-08-03,60,0.42919303797468356,0
1993-08-04,60,0.42741297468354433,0
1993-08-05,60,0.4420490506329114,0
1993-08-06,60,0.45846518987341767,0
1993-08-09,60,0.45787183544303794,0
1993-08-10,60,0.3627373417721519,0
1993-08-11,60,0.38132911392405067,0
1993-08-12,60,0.379746835443038,0
1993-08-13,60,0.39893196202531644,0
1993-08-16,60,0.428995253164557,0
1993-08-17,60,0.4345332278481012,0
1993-08-18,60,0.3738132911392405,0
1993-08-19,60,0.3684731012658228,0
1993-08-20,60,0.372626582278481,0
1993-08-23,60,0.410996835443038,0
1993-08-24,60,0.40921677215189867,0
1993-08-25,60,0.34928797468354433,0
1993-08-26,60,0.3819224683544304,0
1993-08-27,60,0.3704509493670886,0
1993-08-30,60,0.36253955696202533,0
1993-08-31,60,0.31981803797468356,0
1993-09-01,60,0.28382120253164556,0
1993-09-02,60,0.25276898734177217,0
1993-09-03,60,0.28085443037974683,0
1993-09-07,60,0.27610759493670883,0
1993-09-08,60,0.3227848101265823,0
1993-09-09,60,0.3496835443037975,0
1993-09-10,60,0.3237737341772152,0
1993-09-13,60,0.3028085443037975,0
1993-09-14,60,0.3089398734177215,0
1993-09-15,60,0.27294303797468356,0
1993-09-16,60,0.27986550632911394,0
1993-09-17,60,0.2994462025316456,0
1993-09-20,60,0.27333860759493667,0
1993-09-21,60,0.34592563291139244,0
1993-09-22,60,0.38212025316455694,0
1993-09-23,60,0.38330696202531644,0
1993-09-24,60,0.3581882911392405,0
1993-09-27,60,0.35680379746835444,0
1993-09-28,60,0.310126582278481,0
1993-09-29,60,0.2772943037974684,0
1993-09-30,60,0.23892405063291136,0
1993-10-01,60,0.2602848101265823,0
1993-10-04,60,0.2709651898734177,0
1993-10-05,60,0.26562500000000006,0
1993-10-06,60,0.275118670886076,0
1993-10-07,60,0.2697784810126583,0
1993-10-08,60,0.30577531645569617,0
1993-10-11,60,0.2842167721518987,0
1993-10-12,60,0.24426424050632908,0
1993-10-13,60,0.24485759493670883,0
1993-10-14,60,0.25197784810126583,0
1993-10-15,60,0.21894778481012656,0
1993-10-18,60,0.17563291139240506,0
1993-10-19,60,0.19936708860759494,0
1993-10-20,60,0.23516613924050636,0
1993-10-21,60,0.22784810126582278,0
1993-10-22,60,0.22428797468354428,0
1993-10-25,60,0.26602056962025317,0
1993-10-26,60,0.23793512658227847,0
1993-10-27,60,0.2543512658227848,0
1993-10-28,60,0.24386867088607594,0
1993-10-29,60,0.21400316455696203,0
1993-11-01,60,0.2094541139240506,0
1993-11-02,60,0.20490506329113922,0
1993-11-03,60,0.22448575949367086,0
1993-11-04,60,0.27966772151898733,0
1993-11-05,60,0.3627373417721519,0
1993-11-08,60,0.3271360759493671,0
1993-11-09,60,0.33247626582278483,0
1993-11-10,60,0.3518591772151899,0
1993-11-11,60,0.3310917721518987,0
1993-11-12,60,0.36768196202531644,0
1993-11-15,60,0.35087025316455694,0
1993-11-16,60,0.3633306962025316,0
1993-11-17,60,0.32594936708860756,0
1993-11-18,60,0.38350474683544306,0
1993-11-19,60,0.39912974683544306,0
1993-11-22,60,0.4167325949367089,0
1993-11-23,60,0.4428401898734177,0
1993-11-24,60,0.4392800632911392,0
1993-11-26,60,0.4420490506329114,0
1993-11-29,60,0.4333465189873418,0
1993-11-30,60,0.4284018987341772,0
1993-12-01,60,0.4299841772151899,0
1993-12-02,60,0.4017009493670886,0
1993-12-03,60,0.3736155063291139,0
1993-12-06,60,0.3633306962025316,0
1993-12-07,60,0.3781645569620253,0
1993-12-08,60,0.37816455696202533,0
1993-12-09,60,0.36095727848101267,0
1993-12-10,60,0.3951740506329114,0
1993-12-13,60,0.3755933544303798,0
1993-12-14,60,0.3534414556962025,0
1993-12-15,60,0.3401898734177215,0
1993-12-16,60,0.3299050632911392,0
1993-12-17,60,0.3397943037974684,0
1993-12-20,60,0.330498417721519,0
1993-12-21,60,0.3348496835443038,0
1993-12-22,60,0.36867088607594933,0
1993-12-23,60,0.35087025316455694,0
1993-12-27,60,0.33306962025316456,0
1993-12-28,60,0.29489715189873417,0
1993-12-29,60,0.3125,0
1993-12-30,60,0.3180379746835443,0
1993-12-31,60,0.3358386075949367,0
1994-01-03,60,0.357001582278481,0
1994-01-04,60,0.350870253164557,0
1994-01-05,60,0.34770569620253167,0
1994-01-06,60,0.3473101265822785,0
1994-01-07,60,0.35423259493670883,0
1994-01-10,60,0.33524525316455694,0
1994-01-11,60,0.3356408227848101,0
1994-01-12,60,0.36886867088607594,0
1994-01-13,60,0.3573971518987342,0
1994-01-14,60,0.3512658227848101,0
1994-01-17,60,0.3299050632911392,0
1994-01-18,60,0.3395965189873418,0
1994-01-19,60,0.3049841772151899,0
1994-01-20,60,0.3134889240506329,0
1994-01-21,60,0.3075553797468354,0
1994-01-24,60,0.3138844936708861,0
1994-01-25,60,0.3696598101265822,0
1994-01-26,60,0.3805379746835443,0
1994-01-27,60,0.37539556962025317,0
1994-01-28,60,0.33781645569620256,0
1994-01-31,60,0.25613132911392406,0
1994-02-01,60,0.17583069620253164,0
1994-02-02,60,0.20787183544303794,0
1994-02-03,60,0.19580696202531644,0
1994-02-04,60,0.20648734177215192,0
1994-02-07,60,0.39161392405063294,0
1994-02-08,60,0.36333069620253167,0
1994-02-09,60,0.39418512658227844,0
1994-02-10,60,0.36194620253164556,0
1994-02-11,60,0.42622626582278483,0
1994-02-14,60,0.39893196202531644,0
1994-02-15,60,0.3856803797468355,0
1994-02-16,60,0.3528481012658228,0
1994-02-17,60,0.31269778481012656,0
1994-02-18,60,0.3564082278481013,0
1994-02-22,60,0.397745253164557,0
1994-02-23,60,0.3720332278481013,0
1994-02-24,60,0.367879746835443,0
1994-02-25,60,0.4426424050632911,0
1994-02-28,60,0.4287974683544304,0
1994-03-01,60,0.43037974683544306,0
1994-03-02,60,0.4669699367088608,0
1994-03-03,60,0.4766613924050633,0
1994-03-04,60,0.48753955696202533,0
1994-03-07,60,0.4792325949367089,0
1994-03-08,60,0.4442246835443038,0
1994-03-09,60,0.450751582278481,0
1994-03-10,60,0.45589398734177217,0
1994-03-11,60,0.46064082278481017,0
1994-03-14,60,0.43255537974683544,0
1994-03-15,60,0.43730221518987344,0
1994-03-16,60,0.46044303797468356,0
1994-03-17,60,0.4378955696202531,0
1994-03-18,60,0.42306170886075944,0
1994-03-21,60,0.43591772151898733,0
1994-03-22,60,0.4622231012658228,0
1994-03-23,60,0.47883702531645567,0
1994-03-24,60,0.48279272151898733,0
1994-03-25,60,0.5144382911392404,0
1994-03-28,60,0.5286787974683544,0
1994-03-29,60,0.5195806962025316,0
1994-03-30,60,0.5721914556962026,0
1994-03-31,60,0.6157041139240507,0
1994-04-04,60,0.6159018987341772,0
1994-04-05,60,0.6441851265822784,0
1994-04-06,60,0.6710838607594937,1
1994-04-07,60,0.664754746835443,1
1994-04-08,60,0.6623813291139241,1
1994-04-11,60,0.6708860759493671,1
1994-04-12,60,0.6724683544303798,1
1994-04-13,60,0.6762262658227849,1
1994-04-14,60,0.6754351265822784,1
1994-04-15,60,0.6758306962025317,1
1994-04-18,60,0.6758306962025316,1
1994-04-19,60,0.6882911392405063,1
1994-04-20,60,0.6886867088607596,1
1994-04-21,60,0.682753164556962,1
1994-04-22,60,0.6971914556962026,1
1994-04-25,60,0.7003560126582278,1
1994-04-26,60,0.7033227848101266,1
1994-04-28,60,0.7053006329113924,1
1994-04-29,60,0.709256329113924,1
1994-05-02,60,0.7076740506329113,1
1994-05-03,60,0.7076740506329114,1
1994-05-04,60,0.7049050632911392,1
1994-05-05,60,0.6426028481012658,0
1994-05-06,60,0.6461629746835443,0
1994-05-09,60,0.6548655063291139,0
1994-05-10,60,0.6734572784810127,1
1994-05-11,60,0.6643591772151899,1
1994-05-12,60,0.6863132911392406,1
1994-05-13,60,0.6892800632911392,1
1994-05-16,60,0.6869066455696202,1
1994-05-17,60,0.6865110759493671,1
1994-05-18,60,0.6873022151898733,1
1994-05-19,60,0.6776107594936709,1
1994-05-20,60,0.6772151898734178,1
1994-05-23,60,0.6799841772151898,1
1994-05-24,60,0.65625,0
1994-05-25,60,0.6554588607594937,0
1994-05-26,60,0.6554588607594937,0
1994-05-27,60,0.6348892405063291,0
1994-05-31,60,0.6350870253164558,0
1994-06-01,60,0.6293512658227848,0
1994-06-02,60,0.6295490506329113,0
1994-06-03,60,0.635878164556962,0
1994-06-06,60,0.6224287974683544,0
1994-06-07,60,0.6348892405063291,0
1994-06-08,60,0.6143196202531646,0
1994-06-09,60,0.6307357594936709,0
1994-06-10,60,0.631131329113924,0
1994-06-13,60,0.6255933544303798,0
1994-06-14,60,0.632120253164557,0
1994-06-15,60,0.6271756329113924,0
1994-06-16,60,0.6374604430379747,0
1994-06-17,60,0.6190664556962026,0
1994-06-20,60,0.6424050632911392,0
1994-06-21,60,0.6596123417721519,1
1994-06-22,60,0.6606012658227848,1
1994-06-23,60,0.631131329113924,0
1994-06-24,60,0.6542721518987342,0
1994-06-27,60,0.6441851265822784,0
1994-06-28,60,0.5613132911392406,0
1994-06-29,60,0.5743670886075949,0
1994-06-30,60,0.4754746835443038,0
1994-07-01,60,0.5472705696202531,0
1994-07-05,60,0.5391613924050633,0
1994-07-06,60,0.5480617088607596,0
1994-07-07,60,0.5193829113924051,0
1994-07-08,60,0.5227452531645569,0
1994-07-11,60,0.4901107594936709,0
1994-07-12,60,0.4920886075949367,0
1994-07-13,60,0.495253164556962,0
1994-07-14,60,0.4871439873417722,0
1994-07-15,60,0.40723892405063294,0
1994-07-18,60,0.4011075949367089,0
1994-07-19,60,0.3860759493670886,0
1994-07-20,60,0.44481803797468356,0
1994-07-21,60,0.455498417721519,0
1994-07-22,60,0.47824367088607594,0
1994-07-25,60,0.4681566455696203,0
1994-07-26,60,0.42780854430379744,0
1994-07-27,60,0.44956487341772156,0
1994-07-28,60,0.4693433544303797,0
1994-07-29,60,0.4600474683544304,0
1994-08-01,60,0.42227056962025317,0
1994-08-02,60,0.39260284810126583,0
1994-08-03,60,0.35265031645569617,0
1994-08-04,60,0.2810522151898734,0
1994-08-05,60,0.3372231012658228,0
1994-08-08,60,0.3008306962025316,0
1994-08-09,60,0.3119066455696202,0
1994-08-10,60,0.314873417721519,0
1994-08-11,60,0.30003955696202533,0
1994-08-12,60,0.35087025316455694,0
1994-08-15,60,0.36194620253164556,0
1994-08-16,60,0.39378955696202533,0
1994-08-17,60,0.3455300632911392,0
1994-08-18,60,0.32416930379746833,0
1994-08-19,60,0.361748417721519,0
1994-08-22,60,0.3714398734177215,0
1994-08-23,60,0.3939873417721519,0
1994-08-24,60,0.3748022151898734,0
1994-08-25,60,0.3285205696202532,0
1994-08-26,60,0.3488924050632911,0
1994-08-29,60,0.31091772151898733,0
1994-08-30,60,0.3229825949367089,0
1994-08-31,60,0.29885284810126583,0
1994-09-01,60,0.2972705696202531,0
1994-09-02,60,0.3107199367088608,0
1994-09-06,60,0.3362341772151899,0
1994-09-07,60,0.3360363924050633,0
1994-09-08,60,0.3488924050632911,0
1994-09-09,60,0.3571993670886076,0
1994-09-12,60,0.39675632911392406,0
1994-09-13,60,0.430379746835443,0
1994-09-14,60,0.3791534810126582,0
1994-09-15,60,0.33405854430379744,0
1994-09-16,60,0.25672468354430383,0
1994-09-19,60,0.30181962025316456,0
1994-09-20,60,0.2723496835443038,0
1994-09-21,60,0.2767009493670886,0
1994-09-22,60,0.3253560126582279,0
1994-09-23,60,0.31566455696202533,0
1994-09-26,60,0.3441455696202531,0
1994-09-27,60,0.29766613924050633,0
1994-09-28,60,0.3037974683544304,0
1994-09-29,60,0.28441455696202533,0
1994-09-30,60,0.30735759493670883,0
1994-10-03,60,0.32100474683544306,0
1994-10-04,60,0.34117879746835444,0
1994-10-05,60,0.42405063291139244,0
1994-10-06,60,0.43393987341772156,0
1994-10-07,60,0.45292721518987344,0
1994-10-10,60,0.46064082278481017,0
1994-10-11,60,0.4416534810126582,0
1994-10-12,60,0.4054588607594937,0
1994-10-13,60,0.39378955696202533,0
1994-10-14,60,0.3530458860759494,0
1994-10-17,60,0.3502768987341772,0
1994-10-18,60,0.3579905063291139,0
1994-10-19,60,0.377373417721519,0
1994-10-20,60,0.35106803797468356,0
1994-10-21,60,0.38113132911392406,0
1994-10-24,60,0.41475474683544306,0
1994-10-25,60,0.49446202531645567,0
1994-10-26,60,0.5079113924050633,0
1994-10-27,60,0.49446202531645567,0
1994-10-28,60,0.4798259493670886,0
1994-10-31,60,0.400118670886076,0
1994-11-01,60,0.4007120253164557,0
1994-11-02,60,0.44877373417721517,0
1994-11-03,60,0.471123417721519,0
1994-11-04,60,0.47962816455696206,0
1994-11-07,60,0.5286787974683544,0
1994-11-08,60,0.5458860759493671,0
1994-11-09,60,0.5195806962025316,0
1994-11-10,60,0.5506329113924051,0
1994-11-11,60,0.5587420886075949,0
1994-11-14,60,0.5591376582278481,0
1994-11-15,60,0.5383702531645569,0
1994-11-16,60,0.5338212025316456,0
1994-11-17,60,0.546875,0
1994-11-18,60,0.5816851265822784,0
1994-11-21,60,0.5915743670886076,0
1994-11-22,60,0.6099683544303798,0
1994-11-23,60,0.6528876582278481,0
1994-11-25,60,0.6534810126582279,0
1994-11-28,60,0.651503164556962,0
1994-11-29,60,0.6443829113924051,0
1994-11-30,60,0.6374604430379747,0
1994-12-01,60,0.6424050632911392,0
1994-12-02,60,0.6584256329113924,0
1994-12-05,60,0.6582278481012658,0
1994-12-06,60,0.6424050632911392,0
1994-12-07,60,0.6378560126582279,0
1994-12-08,60,0.6451740506329113,0
1994-12-09,60,0.6702927215189873,1
1994-12-12,60,0.6613924050632911,1
1994-12-13,60,0.6513053797468354,0
1994-12-14,60,0.6507120253164557,0
1994-12-15,60,0.6062104430379747,0
1994-12-16,60,0.5953322784810127,0
1994-12-19,60,0.5830696202531646,0
1994-12-20,60,0.5771360759493671,0
1994-12-21,60,0.5844541139240507,0
1994-12-22,60,0.5830696202531646,0
1994-12-23,60,0.5905854430379747,0
1994-12-27,60,0.5763449367088608,0
1994-12-28,60,0.5615110759493671,0
1994-12-29,60,0.5678401898734178,0
1994-12-30,60,0.4847705696202531,0
1995-01-03,60,0.49406645569620256,0
1995-01-04,60,0.48239715189873417,0
1995-01-05,60,0.4920886075949368,0
1995-01-06,60,0.5245253164556962,0
1995-01-09,60,0.5411392405063291,0
1995-01-10,60,0.5381724683544303,0
1995-01-11,60,0.5446993670886076,0
1995-01-12,60,0.5506329113924051,0
1995-01-13,60,0.5496439873417721,0
1995-01-16,60,0.5302610759493671,0
1995-01-17,60,0.526503164556962,0
1995-01-18,60,0.4877373417721519,0
1995-01-19,60,0.47132120253164556,0
1995-01-20,60,0.4537183544303798,0
1995-01-23,60,0.4814082278481013,0
1995-01-24,60,0.48180379746835444,0
1995-01-25,60,0.5019778481012658,0
1995-01-26,60,0.5090981012658228,0
1995-01-27,60,0.4940664556962025,0
1995-01-30,60,0.4473892405063291,0
1995-01-31,60,0.4467958860759494,0
1995-02-01,60,0.44462025316455694,0
1995-02-02,60,0.38093354430379744,0
1995-02-03,60,0.36570411392405067,0
1995-02-06,60,0.34454113924050633,0
1995-02-07,60,0.32614715189873417,0
1995-02-08,60,0.3176424050632911,0
1995-02-09,60,0.2954905063291139,0
1995-02-10,60,0.33109177215189867,0
1995-02-13,60,0.3125,0
1995-02-14,60,0.31645569620253167,0
1995-02-15,60,0.2889636075949367,0
1995-02-16,60,0.2567246835443038,0
1995-02-17,60,0.22488132911392406,0
1995-02-21,60,0.1617879746835443,0
1995-02-22,60,0.15545886075949367,0
1995-02-23,60,0.1560522151898734,0
1995-02-24,60,0.15704113924050633,0
1995-02-27,60,0.1552610759493671,0
1995-02-28,60,0.18571993670886075,0
1995-03-01,60,0.1184731012658228,0
1995-03-02,60,0.15071202531645567,0
1995-03-03,60,0.15486550632911394,0
1995-03-06,60,0.15130537974683542,0
1995-03-07,60,0.13647151898734178,0
1995-03-08,60,0.10067246835443039,0
1995-03-09,60,0.1036392405063291,0
1995-03-10,60,0.1159018987341772,0
1995-03-13,60,0.10779272151898732,0
1995-03-14,60,0.1194620253164557,0
1995-03-15,60,0.10937499999999999,0
1995-03-16,60,0.13251582278481014,0
1995-03-17,60,0.10897943037974685,0
1995-03-20,60,0.10363924050632914,0
1995-03-21,60,0.11253955696202535,0
1995-03-22,60,0.12104430379746833,0
1995-03-23,60,0.11768196202531644,0
1995-03-24,60,0.12974683544303797,0
1995-03-27,60,0.10007911392405061,0
1995-03-28,60,0.09375000000000003,0
1995-03-29,60,0.07634493670886078,0
1995-03-30,60,0.07990506329113924,0
1995-03-31,60,0.09256329113924051,0
1995-04-03,60,0.09948575949367086,0
1995-04-04,60,0.09533227848101267,0
1995-04-05,60,0.08623417721518989,0
1995-04-06,60,0.08900316455696203,0
1995-04-07,60,0.0860363924050633,0
1995-04-10,60,0.08386075949367086,0
1995-04-11,60,0.09276107594936711,0
1995-04-12,60,0.11787974683544301,0
1995-04-13,60,0.11333069620253165,0
1995-04-17,60,0.10027689873417721,0
1995-04-18,60,0.10166139240506329,0
1995-04-19,60,0.08999208860759492,0
1995-04-20,60,0.09790348101265825,0
1995-04-21,60,0.09513449367088608,0
1995-04-24,60,0.09157436708860757,0
1995-04-25,60,0.0836629746835443,0
1995-04-26,60,0.09731012658227847,0
1995-04-27,60,0.08069620253164556,0
1995-04-28,60,0.0872231012658228,0
1995-05-01,60,0.08030063291139239,0
1995-05-02,60,0.09315664556962025,0
1995-05-03,60,0.11115506329113926,0
1995-05-04,60,0.09889240506329113,0
1995-05-05,60,0.09671677215189872,0
1995-05-08,60,0.10284810126582279,0
1995-05-09,60,0.08346518987341772,0
1995-05-10,60,0.09196993670886074,0
1995-05-11,60,0.08781645569620256,0
1995-05-12,60,0.09335443037974682,0
1995-05-15,60,0.09612341772151897,0
1995-05-16,60,0.09196993670886076,0
1995-05-17,60,0.06586234177215192,0
1995-05-18,60,0.07535601265822783,0
1995-05-19,60,0.1560522151898734,0
1995-05-22,60,0.16989715189873417,0
1995-05-23,60,0.15941455696202533,0
1995-05-24,60,0.10443037974683544,0
1995-05-25,60,0.11728639240506328,0
1995-05-26,60,0.10700158227848103,0
1995-05-30,60,0.14378955696202528,0
1995-05-31,60,0.14556962025316456,0
1995-06-01,60,0.12539556962025317,0
1995-06-02,60,0.11075949367088606,0
1995-06-05,60,0.11590189873417721,0
1995-06-06,60,0.1115506329113924,0
1995-06-07,60,0.12143987341772153,0
1995-06-08,60,0.13548259493670886,0
1995-06-09,60,0.15407436708860758,0
1995-06-12,60,0.17662183544303797,0
1995-06-13,60,0.18196202531645572,0
1995-06-14,60,0.1584256329113924,0
1995-06-15,60,0.15981012658227847,0
1995-06-16,60,0.15011867088607594,0
1995-06-19,60,0.14220727848101267,0
1995-06-20,60,0.1285601265822785,0
1995-06-21,60,0.14556962025316456,0
1995-06-22,60,0.1617879746835443,0
1995-06-23,60,0.14477848101265825,0
1995-06-26,60,0.14774525316455694,0
1995-06-27,60,0.18413765822784806,0
1995-06-28,60,0.18453322784810128,0
1995-06-29,60,0.17899525316455694,0
1995-06-30,60,0.19916930379746836,0
1995-07-03,60,0.19640031645569622,0
1995-07-05,60,0.18928006329113922,0
1995-07-06,60,0.19125791139240506,0
1995-07-07,60,0.17543512658227844,0
1995-07-10,60,0.15941455696202528,0
1995-07-11,60,0.16139240506329114,0
1995-07-12,60,0.18235759493670883,0
1995-07-13,60,0.15961234177215194,0
1995-07-14,60,0.15664556962025317,0
1995-07-17,60,0.158623417721519,0
1995-07-18,60,0.15585443037974683,0
1995-07-19,60,0.17642405063291136,0
1995-07-20,60,0.2519778481012658,0
1995-07-21,60,0.23516613924050633,0
1995-07-24,60,0.23813291139240508,0
1995-07-25,60,0.2292325949367089,0
1995-07-26,60,0.2209256329113924,0
1995-07-27,60,0.21617879746835442,0
1995-07-28,60,0.20767405063291136,0
1995-07-31,60,0.23477056962025317,0
1995-08-01,60,0.24208860759493672,0
1995-08-02,60,0.2541534810126582,0
1995-08-03,60,0.2772943037974684,0
1995-08-04,60,0.2747231012658228,0
1995-08-07,60,0.278876582278481,0
1995-08-08,60,0.27116297468354433,0
1995-08-09,60,0.27729430379746833,0
1995-08-10,60,0.29193037974683544,0
1995-08-11,60,0.3130933544303797,0
1995-08-14,60,0.319620253164557,0
1995-08-15,60,0.22863924050632908,0
1995-08-16,60,0.23318829113924053,0
1995-08-17,60,0.24386867088607594,0
1995-08-18,60,0.27531645569620256,0
1995-08-21,60,0.27393196202531644,0
1995-08-22,60,0.28263449367088606,0
1995-08-23,60,0.23022151898734178,0
1995-08-24,60,0.2466376582278481,0
1995-08-25,60,0.27175632911392406,0
1995-08-28,60,0.256131329113924,0
1995-08-29,60,0.2565268987341772,0
1995-08-30,60,0.2689873417721519,0
1995-08-31,60,0.26246044303797467,0
1995-09-01,60,0.23951740506329114,0
1995-09-05,60,0.22389240506329117,0
1995-09-06,60,0.16851265822784808,0
1995-09-07,60,0.1776107594936709,0
1995-09-08,60,0.20174050632911394,0
1995-09-11,60,0.1916534810126582,0
1995-09-12,60,0.1886867088607595,0
1995-09-13,60,0.19026898734177217,0
1995-09-14,60,0.20411392405063292,0
1995-09-15,60,0.18018196202531644,0
1995-09-18,60,0.17583069620253167,0
1995-09-19,60,0.20846518987341772,0
1995-09-20,60,0.19125791139240508,0
1995-09-21,60,0.13113132911392406,0
1995-09-22,60,0.14378955696202533,0
1995-09-25,60,0.1637658227848101,0
1995-09-26,60,0.15684335443037978,0
1995-09-27,60,0.16534810126582278,0
1995-09-28,60,0.1785996835443038,0
1995-09-29,60,0.16178797468354433,0
1995-10-02,60,0.19521360759493672,0
1995-10-03,60,0.22705696202531644,0
1995-10-04,60,0.22903481012658228,0
1995-10-05,60,0.21558544303797467,0
1995-10-06,60,0.23022151898734175,0
1995-10-09,60,0.23279272151898733,0
1995-10-10,60,0.2630537974683544,0
1995-10-11,60,0.28560126582278483,0
1995-10-12,60,0.23180379746835442,0
1995-10-13,60,0.1598101265822785,0
1995-10-16,60,0.16772151898734178,0
1995-10-17,60,0.17424841772151897,0
1995-10-18,60,0.17266613924050636,0
1995-10-19,60,0.19462025316455697,0
1995-10-20,60,0.1782041139240506,0
1995-10-23,60,0.21954113924050633,0
1995-10-24,60,0.22053006329113925,0
1995-10-25,60,0.20609177215189875,0
1995-10-26,60,0.216376582278481,0
1995-10-27,60,0.25098892405063294,0
1995-10-30,60,0.2308148734177215,0
1995-10-31,60,0.21202531645569622,0
1995-11-01,60,0.2310126582278481,0
1995-11-02,60,0.2199367088607595,0
1995-11-03,60,0.19343354430379744,0
1995-11-06,60,0.1720727848101266,0
1995-11-07,60,0.16930379746835442,0
1995-11-08,60,0.20312500000000003,0
1995-11-09,60,0.17464398734177217,0
1995-11-10,60,0.17424841772151897,0
1995-11-13,60,0.17068829113924047,0
1995-11-14,60,0.1750395569620253,0
1995-11-15,60,0.19165348101265822,0
1995-11-16,60,0.17899525316455694,0
1995-11-17,60,0.14814082278481014,0
1995-11-20,60,0.13726265822784808,0
1995-11-21,60,0.1706882911392405,0
1995-11-22,60,0.1475474683544304,0
1995-11-24,60,0.16356803797468356,0
1995-11-27,60,0.16119462025316458,0
1995-11-28,60,0.16020569620253167,0
1995-11-29,60,0.15585443037974686,0
1995-11-30,60,0.16534810126582278,0
1995-12-01,60,0.18552215189873417,0
1995-12-04,60,0.17820411392405067,0
1995-12-05,60,0.16989715189873417,0
1995-12-06,60,0.1606012658227848,0
1995-12-07,60,0.16139240506329117,0
1995-12-08,60,0.1964003164556962,0
1995-12-11,60,0.21103639240506328,0
1995-12-12,60,0.20015822784810125,0
1995-12-13,60,0.2009493670886076,0
1995-12-14,60,0.1956091772151899,0
1995-12-15,60,0.23694620253164558,0
1995-12-18,60,0.216376582278481,0
1995-12-19,60,0.2830300632911393,0
1995-12-20,60,0.2573180379746835,0
1995-12-21,60,0.3035996835443038,0
1995-12-22,60,0.27966772151898733,0
1995-12-26,60,0.2933148734177215,0
1995-12-27,60,0.2701740506329114,0
1995-12-28,60,0.25,0
1995-12-29,60,0.2569224683544304,0
1996-01-02,60,0.24208860759493672,0
1996-01-03,60,0.232001582278481,0
1996-01-04,60,0.2286392405063291,0
1996-01-05,60,0.2199367088607595,0
1996-01-08,60,0.22072784810126583,0
1996-01-09,60,0.22171677215189875,0
1996-01-10,60,0.31685126582278483,0
1996-01-11,60,0.43393987341772144,0
1996-01-12,60,0.3987341772151899,0
1996-01-15,60,0.4270174050632911,0
1996-01-16,60,0.448378164556962,0
1996-01-17,60,0.4254351265822785,0
1996-01-18,60,0.4153481012658228,0
1996-01-19,60,0.38469145569620256,0
1996-01-22,60,0.3769778481012659,0
1996-01-23,60,0.3370253164556962,0
1996-01-24,60,0.299248417721519,0
1996-01-25,60,0.2871835443037975,0
1996-01-26,60,0.321993670886076,0
1996-01-29,60,0.2917325949367089,0
1996-01-30,60,0.29291930379746833,0
1996-01-31,60,0.29232594936708856,0
1996-02-01,60,0.2768987341772152,0
1996-02-02,60,0.2533623417721519,0
1996-02-05,60,0.25613132911392406,0
1996-02-06,60,0.2565268987341772,0
1996-02-07,60,0.24643987341772153,0
1996-02-08,60,0.23279272151898733,0
1996-02-09,60,0.2229034810126582,0
1996-02-12,60,0.21439873417721522,0
1996-02-13,60,0.21459651898734175,0
1996-02-14,60,0.22112341772151897,0
1996-02-15,60,0.24624208860759492,0
1996-02-16,60,0.25,0
1996-02-20,60,0.2806566455696202,0
1996-02-21,60,0.3154667721518987,0
1996-02-22,60,0.2996439873417721,0
1996-02-23,60,0.2893591772151899,0
1996-02-26,60,0.3049841772151899,0
1996-02-27,60,0.36016613924050633,0
1996-02-28,60,0.36431962025316456,0
1996-02-29,60,0.38706487341772156,0
1996-03-01,60,0.442246835443038,0
1996-03-04,60,0.4434335443037975,0
1996-03-05,60,0.4293908227848101,0
1996-03-06,60,0.38330696202531644,0
1996-03-07,60,0.4129746835443038,0
1996-03-08,60,0.4137658227848101,0
1996-03-11,60,0.5929588607594937,0
1996-03-12,60,0.5739715189873418,0
1996-03-13,60,0.5607199367088607,0
1996-03-14,60,0.5472705696202531,0
1996-03-15,60,0.46261867088607594,0
1996-03-18,60,0.48160601265822783,0
1996-03-19,60,0.41000791139240506,0
1996-03-20,60,0.4329509493670886,0
1996-03-21,60,0.4493670886075949,0
1996-03-22,60,0.4647943037974684,0
1996-03-25,60,0.45965189873417717,0
1996-03-26,60,0.46024525316455694,0
1996-03-27,60,0.455498417721519,0
1996-03-28,60,0.5035601265822784,0
1996-03-29,60,0.5063291139240507,0
1996-04-01,60,0.5039556962025317,0
1996-04-02,60,0.46479430379746833,0
1996-04-03,60,0.4657832278481013,0
1996-04-04,60,0.40150316455696206,0
1996-04-08,60,0.33603639240506333,0
1996-04-09,60,0.41712816455696206,0
1996-04-10,60,0.424248417721519,0
1996-04-11,60,0.47151898734177217,0
1996-04-12,60,0.5211629746835442,0
1996-04-15,60,0.4818037974683544,0
1996-04-16,60,0.4665743670886076,0
1996-04-17,60,0.4717167721518987,0
1996-04-18,60,0.5015822784810127,0
1996-04-19,60,0.4873417721518987,0
1996-04-22,60,0.5106803797468354,0
1996-04-23,60,0.4768591772151899,0
1996-04-24,60,0.48101265822784806,0
1996-04-25,60,0.5031645569620253,0
1996-04-26,60,0.5207674050632911,0
1996-04-29,60,0.5512262658227849,0
1996-04-30,60,0.5628955696202531,0
1996-05-01,60,0.5427215189873418,0
1996-05-02,60,0.576740506329114,0
1996-05-03,60,0.6904667721518987,1
1996-05-06,60,0.7084651898734178,1
1996-05-07,60,0.7274525316455696,1
1996-05-08,60,0.7327927215189873,1
1996-05-09,60,0.7316060126582278,1
1996-05-10,60,0.7288370253164557,1
1996-05-13,60,0.6920490506329113,1
1996-05-14,60,0.6234177215189873,0
1996-05-15,60,0.5727848101265822,0
1996-05-16,60,0.5150316455696202,0
1996-05-17,60,0.5595332278481013,0
1996-05-20,60,0.5973101265822784,0
1996-05-21,60,0.5700158227848101,0
1996-05-22,60,0.5071202531645569,0
1996-05-23,60,0.4596518987341772,0
1996-05-24,60,0.4576740506329114,0
1996-05-28,60,0.41930379746835444,0
1996-05-29,60,0.47745253164556967,0
1996-05-30,60,0.5385680379746836,0
1996-05-31,60,0.544501582278481,0
1996-06-03,60,0.534612341772152,0
1996-06-04,60,0.5555775316455697,0
1996-06-05,60,0.3253560126582279,0
1996-06-06,60,0.328125,0
1996-06-07,60,0.34335443037974683,0
1996-06-10,60,0.34968354430379744,0
1996-06-11,60,0.36570411392405067,0
1996-06-12,60,0.3777689873417721,0
1996-06-13,60,0.4331487341772152,0
1996-06-14,60,0.43492879746835444,0
1996-06-17,60,0.4380933544303798,0
1996-06-18,60,0.4371044303797469,0
1996-06-19,60,0.4721123417721519,0
1996-06-20,60,0.4669699367088608,0
1996-06-21,60,0.4871439873417721,0
1996-06-24,60,0.42424841772151894,0
1996-06-25,60,0.4127768987341772,0
1996-06-26,60,0.390625,0
1996-06-27,60,0.4630142405063291,0
1996-06-28,60,0.4503560126582279,0
1996-07-01,60,0.43967563291139244,0
1996-07-02,60,0.40842563291139233,0
1996-07-03,60,0.3176424050632911,0
1996-07-05,60,0.31269778481012656,0
1996-07-08,60,0.38053797468354433,0
1996-07-09,60,0.4018987341772152,0
1996-07-10,60,0.41633702531645567,0
1996-07-11,60,0.4418512658227848,0
1996-07-12,60,0.5498417721518988,0
1996-07-15,60,0.5219541139240507,0
1996-07-16,60,0.6633702531645569,1
1996-07-17,60,0.669501582278481,1
1996-07-18,60,0.6683148734177216,1
1996-07-19,60,0.6613924050632911,1
1996-07-22,60,0.6787974683544303,1
1996-07-23,60,0.7021360759493671,1
1996-07-24,60,0.7213212025316456,1
1996-07-25,60,0.7217167721518987,1
1996-07-26,60,0.7213212025316456,1
1996-07-29,60,0.7195411392405062,1
1996-07-30,60,0.6855221518987342,1
1996-07-31,60,0.6655458860759493,1
1996-08-01,60,0.6461629746835442,0
1996-08-02,60,0.5826740506329113,0
1996-08-05,60,0.5534018987341772,0
1996-08-06,60,0.5735759493670886,0
1996-08-07,60,0.6024525316455696,0
1996-08-08,60,0.6422072784810127,0
1996-08-09,60,0.6706882911392404,1
1996-08-12,60,0.6724683544303798,1
1996-08-13,60,0.6518987341772151,0
1996-08-14,60,0.6958069620253164,1
1996-08-15,60,0.7021360759493671,1
1996-08-16,60,0.6995648734177216,1
1996-08-19,60,0.7053006329113924,1
1996-08-20,60,0.6938291139240507,1
1996-08-21,60,0.7023338607594937,1
1996-08-22,60,0.6758306962025317,1
1996-08-23,60,0.633504746835443,0
1996-08-26,60,0.6691060126582278,1
1996-08-27,60,0.6716772151898733,1
1996-08-28,60,0.657634493670886,0
1996-08-29,60,0.6784018987341772,1
1996-08-30,60,0.7181566455696202,1
1996-09-03,60,0.7191455696202531,1
1996-09-04,60,0.7157832278481013,1
1996-09-05,60,0.7128164556962026,1
1996-09-06,60,0.7252768987341772,1
1996-09-09,60,0.7142009493670887,1
1996-09-10,60,0.6878955696202531,1
1996-09-11,60,0.6782041139240507,1
1996-09-12,60,0.6584256329113924,0
1996-09-13,60,0.6160996835443038,0
1996-09-16,60,0.5625,0
1996-09-17,60,0.544501582278481,0
1996-09-18,60,0.5779272151898733,0
1996-09-19,60,0.6024525316455696,0
1996-09-20,60,0.589003164556962,0
1996-09-23,60,0.5375791139240507,0
1996-09-24,60,0.5630933544303798,0
1996-09-25,60,0.5816851265822784,0
1996-09-26,60,0.6131329113924051,0
1996-09-27,60,0.5967167721518987,0
1996-09-30,60,0.5856408227848101,0
1996-10-01,60,0.4572784810126582,0
1996-10-02,60,0.41910601265822783,0
1996-10-03,60,0.40901898734177217,0
1996-10-04,60,0.42286392405063294,0
1996-10-07,60,0.3239715189873418,0
1996-10-08,60,0.3190268987341772,0
1996-10-09,60,0.22053006329113922,0
1996-10-10,60,0.22824367088607594,0
1996-10-11,60,0.24030854430379747,0
1996-10-14,60,0.24584651898734175,0
1996-10-15,60,0.21558544303797467,0
1996-10-16,60,0.20134493670886078,0
1996-10-17,60,0.174248417721519,0
1996-10-18,60,0.17167721518987342,0
1996-10-21,60,0.17147943037974686,0
1996-10-22,60,0.17365506329113922,0
1996-10-23,60,0.16534810126582275,0
1996-10-24,60,0.167128164556962,0
1996-10-25,60,0.18987341772151897,0
1996-10-28,60,0.20984968354430378,0
1996-10-29,60,0.25276898734177217,0
1996-10-30,60,0.22369462025316456,0
1996-10-31,60,0.23655063291139242,0
1996-11-01,60,0.22666139240506328,0
1996-11-04,60,0.2256724683544304,0
1996-11-05,60,0.2118275316455696,0
1996-11-06,60,0.20352056962025317,0
1996-11-07,60,0.15684335443037975,0
1996-11-08,60,0.15466772151898733,0
1996-11-11,60,0.1499208860759494,0
1996-11-12,60,0.15288765822784808,0
1996-11-13,60,0.16515031645569622,0
1996-11-14,60,0.15763449367088606,0
1996-11-15,60,0.1505142405063291,0
1996-11-18,60,0.15189873417721522,0
1996-11-19,60,0.13983386075949367,0
1996-11-20,60,0.12638449367088608,0
1996-11-21,60,0.12717563291139242,0
1996-11-22,60,0.12460443037974685,0
1996-11-25,60,0.10166139240506328,0
1996-11-26,60,0.08682753164556962,0
1996-11-27,60,0.08999208860759493,0
1996-11-29,60,0.09315664556962028,0
1996-12-02,60,0.07634493670886075,0
1996-12-03,60,0.0773338607594937,0
1996-12-04,60,0.0971123417721519,0
1996-12-05,60,0.1018591772151899,0
1996-12-06,60,0.10601265822784812,0
1996-12-09,60,0.12183544303797468,0
1996-12-10,60,0.1216376582278481,0
1996-12-11,60,0.13825158227848106,0
1996-12-12,60,0.16455696202531647,0
1996-12-13,60,0.2353639240506329,0
1996-12-16,60,0.2466376582278481,0
1996-12-17,60,0.30755537974683544,0
1996-12-18,60,0.28757911392405067,0
1996-12-19,60,0.2662183544303798,0
1996-12-20,60,0.2444620253164557,0
1996-12-23,60,0.23595727848101267,0
1996-12-24,60,0.24287974683544303,0
1996-12-26,60,0.2355617088607595,0
1996-12-27,60,0.2300237341772152,0
1996-12-30,60,0.23991297468354428,0
1996-12-31,60,0.2456487341772152,0
1997-01-02,60,0.3512658227848101,0
1997-01-03,60,0.37935126582278483,0
1997-01-06,60,0.33425632911392406,0
1997-01-07,60,0.31170886075949367,0
1997-01-08,60,0.2863924050632911,0
1997-01-09,60,0.32970727848101267,0
1997-01-10,60,0.323378164556962,0
1997-01-13,60,0.3079509493670886,0
1997-01-14,60,0.314873417721519,0
1997-01-15,60,0.30280854430379744,0
1997-01-16,60,0.32179588607594933,0
1997-01-17,60,0.3083465189873418,0
1997-01-20,60,0.27966772151898733,0
1997-01-21,60,0.28125,0
1997-01-22,60,0.2612737341772152,0
1997-01-23,60,0.2559335443037975,0
1997-01-24,60,0.2683939873417721,0
1997-01-27,60,0.2911392405063291,0
1997-01-28,60,0.31052215189873417,0
1997-01-29,60,0.32179588607594933,0
1997-01-30,60,0.3010284810126582,0
1997-01-31,60,0.3020174050632911,0
1997-02-03,60,0.3041930379746835,0
1997-02-04,60,0.31803797468354433,0
1997-02-05,60,0.32021360759493667,0
1997-02-06,60,0.39438291139240506,0
1997-02-07,60,0.39200949367088606,0
1997-02-10,60,0.3540348101265823,0
1997-02-11,60,0.37757120253164556,0
1997-02-12,60,0.38053797468354433,0
1997-02-13,60,0.35680379746835444,0
1997-02-14,60,0.3362341772151899,0
1997-02-18,60,0.35897943037974683,0
1997-02-19,60,0.3459256329113924,0
1997-02-20,60,0.35383702531645567,0
1997-02-21,60,0.41475474683544306,0
1997-02-24,60,0.44600474683544306,0
1997-02-25,60,0.4151503164556962,0
1997-02-26,60,0.4044699367088608,0
1997-02-27,60,0.44185126582278483,0
1997-02-28,60,0.4942642405063291,0
1997-03-03,60,0.47072784810126583,0
1997-03-04,60,0.4394778481012658,0
1997-03-05,60,0.4553006329113924,0
1997-03-06,60,0.4028876582278481,0
1997-03-07,60,0.4473892405063291,0
1997-03-10,60,0.4165348101265823,0
1997-03-11,60,0.36550632911392406,0
1997-03-12,60,0.33306962025316456,0
1997-03-13,60,0.34731012658227844,0
1997-03-14,60,0.3771756329113924,0
1997-03-17,60,0.3825158227848101,0
1997-03-18,60,0.38963607594936706,0
1997-03-19,60,0.4489715189873418,0
1997-03-20,60,0.4804193037974684,0
1997-03-21,60,0.4861550632911393,0
1997-03-24,60,0.49683544303797467,0
1997-03-25,60,0.4924841772151899,0
1997-03-26,60,0.5059335443037974,0
1997-03-27,60,0.48279272151898733,0
1997-03-31,60,0.5083069620253164,0
1997-04-01,60,0.6042325949367089,0
1997-04-02,60,0.6437895569620253,0
1997-04-03,60,0.7054984177215189,1
1997-04-04,60,0.7288370253164558,1
1997-04-07,60,0.6673259493670887,1
1997-04-08,60,0.678006329113924,1
1997-04-09,60,0.6821598101265822,1
1997-04-10,60,0.7124208860759493,1
1997-04-11,60,0.7474287974683544,1
1997-04-14,60,0.8105221518987342,1
1997-04-15,60,0.8075553797468354,1
1997-04-16,60,0.8034018987341772,1
1997-04-17,60,0.7899525316455696,1
1997-04-18,60,0.8041930379746836,1
1997-04-21,60,0.8034018987341772,1
1997-04-22,60,0.7960838607594937,1
1997-04-23,60,0.7294303797468354,1
1997-04-24,60,0.7041139240506329,1
1997-04-25,60,0.7167721518987342,1
1997-04-28,60,0.7719541139240507,1
1997-04-29,60,0.7838212025316456,1
1997-04-30,60,0.728243670886076,1
1997-05-01,60,0.6940268987341772,1
1997-05-02,60,0.7258702531645569,1
1997-05-05,60,0.596123417721519,0
1997-05-06,60,0.5512262658227849,0
1997-05-07,60,0.595134493670886,0
1997-05-08,60,0.635878164556962,0
1997-05-09,60,0.6342958860759493,0
1997-05-12,60,0.6716772151898733,1
1997-05-13,60,0.6580300632911393,0
1997-05-14,60,0.6633702531645569,1
1997-05-15,60,0.6869066455696202,1
1997-05-16,60,0.6400316455696202,0
1997-05-19,60,0.6534810126582279,0
1997-05-20,60,0.6307357594936709,0
1997-05-21,60,0.6317246835443038,0
1997-05-22,60,0.653876582278481,0
1997-05-23,60,0.6372626582278481,0
1997-05-27,60,0.5452927215189873,0
1997-05-28,60,0.5179984177215189,0
1997-05-29,60,0.5443037974683544,0
1997-05-30,60,0.5385680379746836,0
1997-06-02,60,0.5603243670886076,0
1997-06-03,60,0.5522151898734178,0
1997-06-04,60,0.579509493670886,0
1997-06-05,60,0.6414161392405063,0
1997-06-06,60,0.6131329113924051,0
1997-06-09,60,0.535996835443038,0
1997-06-10,60,0.45233386075949367,0
1997-06-11,60,0.4564873417721519,0
1997-06-12,60,0.4529272151898734,0
1997-06-13,60,0.42879746835443033,0
1997-06-16,60,0.4206882911392405,0
1997-06-17,60,0.41633702531645567,0
1997-06-18,60,0.4177215189873418,0
1997-06-19,60,0.42681962025316456,0
1997-06-20,60,0.42147943037974683,0
1997-06-23,60,0.42227056962025317,0
1997-06-24,60,0.4270174050632911,0
1997-06-25,60,0.3904272151898734,0
1997-06-26,60,0.40011867088607594,0
1997-06-27,60,0.38983386075949367,0
1997-06-30,60,0.3884493670886076,0
1997-07-01,60,0.3908227848101266,0
1997-07-02,60,0.3908227848101266,0
1997-07-03,60,0.39556962025316456,0
1997-07-07,60,0.3912183544303798,0
1997-07-08,60,0.3935917721518987,0
1997-07-09,60,0.3571993670886076,0
1997-07-10,60,0.36570411392405067,0
1997-07-11,60,0.3619462025316456,0
1997-07-14,60,0.3629351265822785,0
1997-07-15,60,0.3599683544303797,0
1997-07-16,60,0.35977056962025317,0
1997-07-17,60,0.357001582278481,0
1997-07-18,60,0.35660601265822783,0
1997-07-21,60,0.37124208860759494,0
1997-07-22,60,0.37025316455696206,0
1997-07-23,60,0.37183544303797467,0
1997-07-24,60,0.37124208860759494,0
1997-07-25,60,0.3607594936708861,0
1997-07-28,60,0.36412183544303794,0
1997-07-29,60,0.36313291139240506,0
1997-07-30,60,0.36412183544303794,0
1997-07-31,60,0.36174841772151894,0
1997-08-01,60,0.35779272151898733,0
1997-08-04,60,0.34295886075949367,0
1997-08-05,60,0.34295886075949367,0
1997-08-06,60,0.3435522151898734,0
1997-08-07,60,0.3384098101265823,0
1997-08-08,60,0.34750791139240506,0
1997-08-11,60,0.38568037974683544,0
1997-08-12,60,0.38785601265822783,0
1997-08-13,60,0.37875791139240506,0
1997-08-14,60,0.3900316455696203,0
1997-08-15,60,0.39398734177215194,0
1997-08-18,60,0.4717167721518988,0
1997-08-19,60,0.43037974683544306,0
1997-08-20,60,0.42859968354430383,0
1997-08-21,60,0.41475474683544306,0
1997-08-22,60,0.4428401898734177,0
1997-08-25,60,0.43670886075949367,0
1997-08-26,60,0.45688291139240506,0
1997-08-27,60,0.4752768987341772,0
1997-08-28,60,0.4705300632911392,0
1997-08-29,60,0.4873417721518987,0
1997-09-02,60,0.5154272151898733,0
1997-09-03,60,0.5025712025316456,0
1997-09-04,60,0.5176028481012658,0
1997-09-05,60,0.5168117088607596,0
1997-09-08,60,0.5361946202531646,0
1997-09-09,60,0.5714003164556962,0
1997-09-10,60,0.5955300632911392,0
1997-09-11,60,0.6687104430379747,1
1997-09-12,60,0.7060917721518987,1
1997-09-15,60,0.6315268987341772,0
1997-09-16,60,0.6882911392405062,1
1997-09-17,60,0.5988924050632911,0
1997-09-18,60,0.5284810126582279,0
1997-09-19,60,0.5664556962025316,0
1997-09-22,60,0.5267009493670887,0
1997-09-23,60,0.4924841772151899,0
1997-09-24,60,0.5160205696202531,0
1997-09-25,60,0.5357990506329113,0
1997-09-26,60,0.578125,0
1997-09-29,60,0.5967167721518987,0
1997-09-30,60,0.6103639240506329,0
1997-10-01,60,0.6151107594936709,0
1997-10-02,60,0.6107594936708861,0
1997-10-03,60,0.5443037974683544,0
1997-10-06,60,0.5504351265822784,0
1997-10-07,60,0.5367879746835442,0
1997-10-08,60,0.5150316455696202,0
1997-10-09,60,0.5721914556962026,0
1997-10-10,60,0.6212420886075949,0
1997-10-13,60,0.6133306962025316,0
1997-10-14,60,0.5326344936708861,0
1997-10-15,60,0.517009493670886,0
1997-10-16,60,0.6010680379746836,0
1997-10-17,60,0.6641613924050633,1
1997-10-20,60,0.7337816455696202,1
1997-10-21,60,0.6795886075949367,1
1997-10-22,60,0.6054193037974684,0
1997-10-23,60,0.6443829113924051,0
1997-10-24,60,0.7802610759493671,1
1997-10-27,60,0.817246835443038,1
1997-10-28,60,0.9549050632911393,1
1997-10-29,60,0.9305775316455696,1
1997-10-30,60,0.936115506329114,1
1997-10-31,60,0.9582674050632911,1
1997-11-03,60,0.9420490506329113,1
1997-11-04,60,0.8463212025316456,1
1997-11-05,60,0.8526503164556962,1
1997-11-06,60,0.7964794303797469,1
1997-11-07,60,0.7970727848101266,1
1997-11-10,60,0.8571993670886076,1
1997-11-11,60,0.7672072784810127,1
1997-11-12,60,0.8125,1
1997-11-13,60,0.9179193037974683,1
1997-11-14,60,0.9216772151898734,1
1997-11-17,60,0.8482990506329113,1
1997-11-18,60,0.7616693037974683,1
1997-11-19,60,0.7856012658227849,1
1997-11-20,60,0.7223101265822784,1
1997-11-21,60,0.6698971518987342,1
1997-11-24,60,0.6214398734177216,0
1997-11-25,60,0.6607990506329113,1
1997-11-26,60,0.7537579113924051,1
1997-11-28,60,0.7507911392405063,1
1997-12-01,60,0.7480221518987342,1
1997-12-02,60,0.6681170886075949,1
1997-12-03,60,0.6884889240506329,1
1997-12-04,60,0.6791930379746836,1
1997-12-05,60,0.6364715189873418,0
1997-12-08,60,0.5824762658227849,0
1997-12-09,60,0.6228243670886076,0
1997-12-10,60,0.6291534810126582,0
1997-12-11,60,0.7490110759493671,1
1997-12-12,60,0.8085443037974683,1
1997-12-15,60,0.8326740506329114,1
1997-12-16,60,0.8059731012658228,1
1997-12-17,60,0.8065664556962024,1
1997-12-18,60,0.8014240506329113,1
1997-12-19,60,0.8154667721518987,1
1997-12-22,60,0.8229825949367089,1
1997-12-23,60,0.8249604430379747,1
1997-12-24,60,0.901503164556962,1
1997-12-26,60,0.9022943037974684,1
1997-12-29,60,0.9119857594936709,1
1997-12-30,60,0.8827136075949367,1
1997-12-31,60,0.8419699367088608,1
1998-01-02,60,0.8728243670886076,1
1998-01-05,60,0.8860759493670887,1
1998-01-06,60,0.8506724683544304,1
1998-01-07,60,0.8785601265822784,1
1998-01-08,60,0.8738132911392404,1
1998-01-09,60,0.8999208860759493,1
1998-01-12,60,0.9511471518987342,1
1998-01-13,60,0.9337420886075949,1
1998-01-14,60,0.8831091772151899,1
1998-01-15,60,0.8121044303797469,1
1998-01-16,60,0.8880537974683544,1
1998-01-20,60,0.8999208860759493,1
1998-01-21,60,0.8293117088607596,1
1998-01-22,60,0.7804588607594937,1
1998-01-23,60,0.7733386075949367,1
1998-01-26,60,0.5334256329113924,0
1998-01-27,60,0.6424050632911392,0
1998-01-28,60,0.5915743670886076,0
1998-01-29,60,0.5087025316455697,0
1998-01-30,60,0.5191851265822784,0
1998-02-02,60,0.6012658227848101,0
1998-02-03,60,0.5528085443037974,0
1998-02-04,60,0.5460838607594937,0
1998-02-05,60,0.5253164556962026,0
1998-02-06,60,0.4986155063291139,0
1998-02-09,60,0.4620253164556962,0
1998-02-10,60,0.47191455696202533,0
1998-02-11,60,0.42266613924050633,0
1998-02-12,60,0.426621835443038,0
1998-02-13,60,0.4270174050632911,0
1998-02-17,60,0.471123417721519,0
1998-02-18,60,0.4406645569620253,0
1998-02-19,60,0.4363132911392405,0
1998-02-20,60,0.4812104430379747,0
1998-02-23,60,0.4766613924050633,0
1998-02-24,60,0.41337025316455694,0
1998-02-25,60,0.4428401898734177,0
1998-02-26,60,0.419501582278481,0
1998-02-27,60,0.4161392405063291,0
1998-03-02,60,0.4562895569620253,0
1998-03-03,60,0.45094936708860756,0
1998-03-04,60,0.45352056962025317,0
1998-03-05,60,0.45589398734177217,0
1998-03-06,60,0.5270965189873418,0
1998-03-09,60,0.47112341772151894,0
1998-03-10,60,0.45925632911392406,0
1998-03-11,60,0.4179193037974684,0
1998-03-12,60,0.3900316455696203,0
1998-03-13,60,0.38746044303797467,0
1998-03-16,60,0.3957674050632911,0
1998-03-17,60,0.3920094936708861,0
1998-03-18,60,0.388251582278481,0
1998-03-19,60,0.37717563291139244,0
1998-03-20,60,0.3680775316455696,0
1998-03-23,60,0.3674841772151899,0
1998-03-24,60,0.3504746835443038,0
1998-03-25,60,0.3411787974683544,0
1998-03-26,60,0.34651898734177217,0
1998-03-27,60,0.3395965189873418,0
1998-03-30,60,0.3401898734177215,0
1998-03-31,60,0.3415743670886076,0
1998-04-01,60,0.3411787974683544,0
1998-04-02,60,0.3405854430379747,0
1998-04-03,60,0.32021360759493667,0
1998-04-06,60,0.31625791139240506,0
1998-04-07,60,0.30399525316455694,0
1998-04-08,60,0.24050632911392406,0
1998-04-09,60,0.24505537974683542,0
1998-04-13,60,0.24208860759493672,0
1998-04-14,60,0.24446202531645567,0
1998-04-15,60,0.23180379746835444,0
1998-04-16,60,0.2312104430379747,0
1998-04-17,60,0.23140822784810128,0
1998-04-20,60,0.21973892405063292,0
1998-04-21,60,0.2064873417721519,0
1998-04-22,60,0.19640031645569617,0
1998-04-23,60,0.1944224683544304,0
1998-04-24,60,0.2082674050632911,0
1998-04-27,60,0.23081487341772153,0
1998-04-28,60,0.28856803797468356,0
1998-04-29,60,0.28243670886075944,0
1998-04-30,60,0.2735363924050633,0
1998-05-01,60,0.2747231012658228,0
1998-05-04,60,0.2713607594936709,0
1998-05-05,60,0.26483386075949367,0
1998-05-06,60,0.2792721518987342,0
1998-05-07,60,0.3022151898734177,0
1998-05-08,60,0.349881329113924,0
1998-05-11,60,0.33010284810126583,0
1998-05-12,60,0.3447389240506329,0
1998-05-13,60,0.31606012658227844,0
1998-05-14,60,0.3154667721518987,0
1998-05-15,60,0.33603639240506333,0
1998-05-18,60,0.3528481012658228,0
1998-05-19,60,0.37519778481012656,0
1998-05-20,60,0.37638449367088606,0
1998-05-21,60,0.32931170886075944,0
1998-05-22,60,0.367879746835443,0
1998-05-26,60,0.3981408227848101,0
1998-05-27,60,0.4705300632911392,0
1998-05-28,60,0.47132120253164556,0
1998-05-29,60,0.4689477848101266,0
1998-06-01,60,0.4768591772151899,0
1998-06-02,60,0.42266613924050633,0
1998-06-03,60,0.45905854430379744,0
1998-06-04,60,0.48951740506329117,0
1998-06-05,60,0.48951740506329117,0
1998-06-08,60,0.46024525316455694,0
1998-06-09,60,0.4590585443037975,0
1998-06-10,60,0.4454113924050633,0
1998-06-11,60,0.4994066455696202,0
1998-06-12,60,0.5998813291139241,0
1998-06-15,60,0.6028481012658228,0
1998-06-16,60,0.7035205696202531,1
1998-06-17,60,0.6997626582278481,1
1998-06-18,60,0.6507120253164558,0
1998-06-19,60,0.6863132911392404,1
1998-06-22,60,0.6914556962025317,1
1998-06-23,60,0.6807753164556962,1
1998-06-24,60,0.6075949367088607,0
1998-06-25,60,0.5607199367088608,0
1998-06-26,60,0.6006724683544303,0
1998-06-29,60,0.6101661392405063,0
1998-06-30,60,0.6307357594936709,0
1998-07-01,60,0.660996835443038,1
1998-07-02,60,0.6089794303797469,0
1998-07-06,60,0.5652689873417722,0
1998-07-07,60,0.5033623417721519,0
1998-07-08,60,0.5369857594936709,0
1998-07-09,60,0.5045490506329113,0
1998-07-10,60,0.5506329113924051,0
1998-07-13,60,0.5450949367088607,0
1998-07-14,60,0.49901107594936706,0
1998-07-15,60,0.5021756329113924,0
1998-07-16,60,0.5152294303797469,0
1998-07-17,60,0.5005933544303798,0
1998-07-20,60,0.5041534810126582,0
1998-07-21,60,0.4729034810126582,0
1998-07-22,60,0.5023734177215189,0
1998-07-23,60,0.4149525316455696,0
1998-07-24,60,0.5112737341772152,0
1998-07-27,60,0.5346123417721519,0
1998-07-28,60,0.5591376582278481,0
1998-07-29,60,0.6726661392405064,1
1998-07-30,60,0.6960047468354431,1
1998-07-31,60,0.6147151898734178,0
1998-08-03,60,0.6732594936708861,1
1998-08-04,60,0.6641613924050633,1
1998-08-05,60,0.8299050632911393,1
1998-08-06,60,0.8227848101265822,1
1998-08-07,60,0.8235759493670887,1
1998-08-10,60,0.8263449367088608,1
1998-08-11,60,0.8332674050632911,1
1998-08-12,60,0.8445411392405063,1
1998-08-13,60,0.8326740506329113,1
1998-08-14,60,0.8520569620253164,1
1998-08-17,60,0.8714398734177216,1
1998-08-18,60,0.860759493670886,1
1998-08-19,60,0.8227848101265822,1
1998-08-20,60,0.7832278481012658,1
1998-08-21,60,0.7980617088607596,1
1998-08-24,60,0.8397943037974684,1
1998-08-25,60,0.806368670886076,1
1998-08-26,60,0.7919303797468354,1
1998-08-27,60,0.821993670886076,1
1998-08-28,60,0.9050632911392404,1
1998-08-31,60,0.9264240506329113,1
1998-09-01,60,0.971123417721519,1
1998-09-02,60,0.9750791139240507,1
1998-09-03,60,0.9762658227848101,1
1998-09-04,60,0.9776503164556962,1
1998-09-08,60,0.9740901898734178,1
1998-09-09,60,0.9691455696202531,1
1998-09-10,60,0.9677610759493671,1
1998-09-11,60,0.9766613924050633,1
1998-09-14,60,0.9742879746835442,1
1998-09-15,60,0.970134493670886,1
1998-09-16,60,0.9634098101265822,1
1998-09-17,60,0.9610363924050633,1
1998-09-18,60,0.9758702531645569,1
1998-09-21,60,0.9780458860759493,1
1998-09-22,60,0.9768591772151899,1
1998-09-23,60,0.9762658227848101,1
1998-09-24,60,0.9693433544303798,1
1998-09-25,60,0.9750791139240507,1
1998-09-28,60,0.9766613924050633,1
1998-09-29,60,0.975870253164557,1
1998-09-30,60,0.9778481012658228,1
1998-10-01,60,0.9841772151898734,1
1998-10-02,60,0.9901107594936709,1
1998-10-05,60,0.987737341772152,1
1998-10-06,60,0.9909018987341772,1
1998-10-07,60,0.9909018987341772,1
1998-10-08,60,0.9924841772151899,1
1998-10-09,60,0.9936708860759493,1
1998-10-12,60,0.9950553797468354,1
1998-10-13,60,0.9958465189873418,1
1998-10-14,60,0.9958465189873418,1
1998-10-15,60,0.9924841772151899,1
1998-10-16,60,0.9875395569620253,1
1998-10-19,60,0.9810126582278481,1
1998-10-20,60,0.979628164556962,1
1998-10-21,60,0.9808148734177216,1
1998-10-22,60,0.9701344936708861,1
1998-10-23,60,0.9596518987341772,1
1998-10-26,60,0.9762658227848101,1
1998-10-27,60,0.9612341772151899,1
1998-10-28,60,0.9600474683544304,1
1998-10-29,60,0.8916139240506329,1
1998-10-30,60,0.8623417721518988,1
1998-11-02,60,0.8471123417721519,1
1998-11-03,60,0.7950949367088608,1
1998-11-04,60,0.770371835443038,1
1998-11-05,60,0.6924446202531646,1
1998-11-06,60,0.6944224683544304,1
1998-11-09,60,0.645371835443038,0
1998-11-10,60,0.6396360759493671,0
1998-11-11,60,0.709256329113924,1
1998-11-12,60,0.8032041139240507,1
1998-11-13,60,0.8043908227848101,1
1998-11-16,60,0.7462420886075949,1
1998-11-17,60,0.6758306962025316,1
1998-11-18,60,0.6886867088607596,1
1998-11-19,60,0.6878955696202531,1
1998-11-20,60,0.638251582278481,0
1998-11-23,60,0.5322389240506329,0
1998-11-24,60,0.5100870253164557,0
1998-11-25,60,0.4912974683544304,0
1998-11-27,60,0.4897151898734177,0
1998-11-30,60,0.48714398734177217,0
1998-12-01,60,0.4946598101265823,0
1998-12-02,60,0.4897151898734177,0
1998-12-03,60,0.5,0
1998-12-04,60,0.5003955696202531,0
1998-12-07,60,0.4814082278481012,0
1998-12-08,60,0.4833860759493671,0
1998-12-09,60,0.4944620253164557,0
1998-12-10,60,0.4988132911392405,0
1998-12-11,60,0.5144382911392406,0
1998-12-14,60,0.49367088607594933,0
1998-12-15,60,0.5098892405063291,0
1998-12-16,60,0.5045490506329113,0
1998-12-17,60,0.5069224683544304,0
1998-12-18,60,0.5166139240506329,0
1998-12-21,60,0.49367088607594933,0
1998-12-22,60,0.4873417721518987,0
1998-12-23,60,0.48931962025316456,0
1998-12-24,60,0.48061708860759494,0
1998-12-28,60,0.4624208860759494,0
1998-12-29,60,0.4408623417721519,0
1998-12-30,60,0.43947784810126583,0
1998-12-31,60,0.43532436708860756,0
1999-01-04,60,0.43433544303797467,0
1999-01-05,60,0.4272151898734177,0
1999-01-06,60,0.42207278481012656,0
1999-01-07,60,0.41851265822784806,0
1999-01-08,60,0.4177215189873417,0
1999-01-11,60,0.417128164556962,0
1999-01-12,60,0.41969936708860756,0
1999-01-13,60,0.4032832278481013,0
1999-01-14,60,0.40901898734177217,0
1999-01-15,60,0.43769778481012656,0
1999-01-19,60,0.4329509493670886,0
1999-01-20,60,0.432753164556962,0
1999-01-21,60,0.43393987341772156,0
1999-01-22,60,0.44580696202531644,0
1999-01-25,60,0.4549050632911393,0
1999-01-26,60,0.4454113924050633,0
1999-01-27,60,0.44363132911392406,0
1999-01-28,60,0.4537183544303797,0
1999-01-29,60,0.453125,0
1999-02-01,60,0.45352056962025317,0
1999-02-02,60,0.45787183544303794,0
1999-02-03,60,0.4693433544303797,0
1999-02-04,60,0.46973892405063294,0
1999-02-05,60,0.504746835443038,0
1999-02-08,60,0.5001977848101267,0
1999-02-09,60,0.4907041139240506,0
1999-02-10,60,0.5352056962025317,0
1999-02-11,60,0.5146360759493671,0
1999-02-12,60,0.4990110759493671,0
1999-02-16,60,0.5526107594936709,0
1999-02-17,60,0.5381724683544303,0
1999-02-18,60,0.5907832278481013,0
1999-02-19,60,0.5801028481012658,0
1999-02-22,60,0.604628164556962,0
1999-02-23,60,0.5899920886075949,0
1999-02-24,60,0.5787183544303798,0
1999-02-25,60,0.6337025316455696,0
1999-02-26,60,0.6712816455696202,1
1999-03-01,60,0.6068037974683544,0
1999-03-02,60,0.6414161392405063,0
1999-03-03,60,0.6615901898734178,1
1999-03-04,60,0.5917721518987342,0
1999-03-05,60,0.611748417721519,0
1999-03-08,60,0.5741693037974683,0
1999-03-09,60,0.5429193037974684,0
1999-03-10,60,0.5537974683544304,0
1999-03-11,60,0.5079113924050633,0
1999-03-12,60,0.5017800632911392,0
1999-03-15,60,0.482001582278481,0
1999-03-16,60,0.4816060126582279,0
1999-03-17,60,0.48121044303797467,0
1999-03-18,60,0.49782436708860756,0
1999-03-19,60,0.4942642405063291,0
1999-03-22,60,0.5466772151898734,0
1999-03-23,60,0.5535996835443038,0
1999-03-24,60,0.7223101265822784,1
1999-03-25,60,0.6952136075949367,1
1999-03-26,60,0.6335047468354431,0
1999-03-29,60,0.7019382911392404,1
1999-03-30,60,0.6044303797468354,0
1999-03-31,60,0.6210443037974683,0
1999-04-01,60,0.65625,0
1999-04-05,60,0.6819620253164558,1
1999-04-06,60,0.6845332278481013,1
1999-04-07,60,0.6867088607594937,1
1999-04-08,60,0.6776107594936709,1
1999-04-09,60,0.6075949367088608,0
1999-04-12,60,0.535996835443038,0
1999-04-13,60,0.5110759493670887,0
1999-04-14,60,0.49505537974683544,0
1999-04-15,60,0.576740506329114,0
1999-04-16,60,0.6121439873417722,0
1999-04-19,60,0.6337025316455696,0
1999-04-20,60,0.6560522151898733,0
1999-04-21,60,0.5893987341772151,0
1999-04-22,60,0.5494462025316456,0
1999-04-23,60,0.5435126582278481,0
1999-04-26,60,0.5308544303797469,0
1999-04-27,60,0.5662579113924051,0
1999-04-28,60,0.59375,0
1999-04-29,60,0.6054193037974684,0
1999-04-30,60,0.5973101265822784,0
1999-05-03,60,0.6400316455696202,0
1999-05-04,60,0.5352056962025317,0
1999-05-05,60,0.5660601265822784,0
1999-05-06,60,0.5460838607594937,0
1999-05-07,60,0.5130537974683544,0
1999-05-10,60,0.5065268987341772,0
1999-05-11,60,0.5668512658227849,0
1999-05-12,60,0.48635284810126583,0
1999-05-13,60,0.4903085443037975,0
1999-05-14,60,0.4653876582278481,0
1999-05-17,60,0.5314477848101266,0
1999-05-18,60,0.5330300632911392,0
1999-05-19,60,0.6135284810126582,0
1999-05-20,60,0.5864319620253164,0
1999-05-21,60,0.5490506329113924,0
1999-05-24,60,0.5476661392405063,0
1999-05-25,60,0.5963212025316456,0
1999-05-26,60,0.6558544303797469,0
1999-05-27,60,0.5779272151898734,0
1999-05-28,60,0.6493275316455696,0
1999-06-01,60,0.6471518987341772,0
1999-06-02,60,0.7590981012658228,1
1999-06-03,60,0.7818433544303798,1
1999-06-04,60,0.7555379746835443,1
1999-06-07,60,0.6918512658227848,1
1999-06-08,60,0.7035205696202532,1
1999-06-09,60,0.7575158227848101,1
1999-06-10,60,0.7931170886075949,1
1999-06-11,60,0.8388053797468356,1
1999-06-14,60,0.8415743670886076,1
1999-06-15,60,0.8712420886075949,1
1999-06-16,60,0.8162579113924051,1
1999-06-17,60,0.7229034810126582,1
1999-06-18,60,0.5844541139240507,0
1999-06-21,60,0.5929588607594937,0
1999-06-22,60,0.6279667721518987,0
1999-06-23,60,0.6447784810126582,0
1999-06-24,60,0.7335838607594937,1
1999-06-25,60,0.762262658227848,1
1999-06-28,60,0.7080696202531646,1
1999-06-29,60,0.681368670886076,1
1999-06-30,60,0.7029272151898734,1
1999-07-01,60,0.635878164556962,0
1999-07-02,60,0.6374604430379747,0
1999-07-06,60,0.6582278481012658,0
1999-07-07,60,0.6782041139240507,1
1999-07-08,60,0.6865110759493671,1
1999-07-09,60,0.6635680379746836,1
1999-07-12,60,0.5799050632911392,0
1999-07-13,60,0.5753560126582278,0
1999-07-14,60,0.5789161392405063,0
1999-07-15,60,0.48753955696202533,0
1999-07-16,60,0.49624208860759494,0
1999-07-19,60,0.5209651898734178,0
1999-07-20,60,0.6018591772151899,0
1999-07-21,60,0.7114319620253164,1
1999-07-22,60,0.7159810126582279,1
1999-07-23,60,0.7842167721518987,1
1999-07-26,60,0.7598892405063291,1
1999-07-27,60,0.7648338607594936,1
1999-07-28,60,0.6954113924050633,1
1999-07-29,60,0.7420886075949367,1
1999-07-30,60,0.7482199367088608,1
1999-08-02,60,0.8103243670886076,1
1999-08-03,60,0.7747231012658228,1
1999-08-04,60,0.8061708860759493,1
1999-08-05,60,0.8301028481012658,1
1999-08-06,60,0.8318829113924051,1
1999-08-09,60,0.849881329113924,1
1999-08-10,60,0.8530458860759493,1
1999-08-11,60,0.8324762658227848,1
1999-08-12,60,0.8289161392405063,1
1999-08-13,60,0.8249604430379747,1
1999-08-16,60,0.8188291139240507,1
1999-08-17,60,0.8032041139240507,1
1999-08-18,60,0.7460443037974684,1
1999-08-19,60,0.6924446202531646,1
1999-08-20,60,0.6327136075949367,0
1999-08-23,60,0.6517009493670887,0
1999-08-24,60,0.520371835443038,0
1999-08-25,60,0.5579509493670887,0
1999-08-26,60,0.49920886075949367,0
1999-08-27,60,0.5526107594936709,0
1999-08-30,60,0.6073971518987342,0
1999-08-31,60,0.7672072784810127,1
1999-09-01,60,0.7848101265822784,1
1999-09-02,60,0.7124208860759493,1
1999-09-03,60,0.7543512658227848,1
1999-09-07,60,0.6160996835443038,0
1999-09-08,60,0.6075949367088608,0
1999-09-09,60,0.6259889240506329,0
1999-09-10,60,0.6372626582278481,0
1999-09-13,60,0.6969936708860759,1
1999-09-14,60,0.7513844936708861,1
1999-09-15,60,0.7810522151898733,1
1999-09-16,60,0.8306962025316456,1
1999-09-17,60,0.8041930379746836,1
1999-09-20,60,0.7691851265822784,1
1999-09-21,60,0.7056962025316456,1
1999-09-22,60,0.806368670886076,1
1999-09-23,60,0.8263449367088607,1
1999-09-24,60,0.8805379746835443,1
1999-09-27,60,0.8807357594936709,1
1999-09-28,60,0.8795490506329113,1
1999-09-29,60,0.8781645569620253,1
1999-09-30,60,0.8835047468354431,1
1999-10-01,60,0.8870648734177216,1
1999-10-04,60,0.8866693037974683,1
1999-10-05,60,0.8939873417721519,1
1999-10-06,60,0.8935917721518987,1
1999-10-07,60,0.8852848101265822,1
1999-10-08,60,0.8918117088607594,1
1999-10-11,60,0.8920094936708861,1
1999-10-12,60,0.8941851265822784,1
1999-10-13,60,0.9038765822784811,1
1999-10-14,60,0.9032832278481013,1
1999-10-15,60,0.903876582278481,1
1999-10-18,60,0.9212816455696202,1
1999-10-19,60,0.9206882911392404,1
1999-10-20,60,0.9169303797468354,1
1999-10-21,60,0.9173259493670887,1
1999-10-22,60,0.9216772151898734,1
1999-10-25,60,0.892998417721519,1
1999-10-26,60,0.8872626582278481,1
1999-10-27,60,0.8997231012658228,1
1999-10-28,60,0.8809335443037974,1
1999-10-29,60,0.7242879746835443,1
1999-11-01,60,0.6924446202531646,1
1999-11-02,60,0.6772151898734178,1
1999-11-03,60,0.6871044303797469,1
1999-11-04,60,0.6232199367088608,0
1999-11-05,60,0.6546677215189873,0
1999-11-08,60,0.6277689873417722,0
1999-11-09,60,0.6823575949367089,1
1999-11-10,60,0.727254746835443,1
1999-11-11,60,0.7446598101265822,1
1999-11-12,60,0.6833465189873418,1
1999-11-15,60,0.6238132911392404,0
1999-11-16,60,0.6594145569620253,1
1999-11-17,60,0.6564477848101267,0
1999-11-18,60,0.692246835443038,1
1999-11-19,60,0.7037183544303798,1
1999-11-22,60,0.6528876582278481,0
1999-11-23,60,0.6186708860759493,0
1999-11-24,60,0.5913765822784811,0
1999-11-26,60,0.5571598101265822,0
1999-11-29,60,0.5816851265822784,0
1999-11-30,60,0.5727848101265822,0
1999-12-01,60,0.7124208860759493,1
1999-12-02,60,0.6675237341772152,1
1999-12-03,60,0.6196598101265822,0
1999-12-06,60,0.5797072784810127,0
1999-12-07,60,0.6107594936708861,0
1999-12-08,60,0.6273734177215189,0
1999-12-09,60,0.6192642405063291,0
1999-12-10,60,0.5630933544303798,0
1999-12-13,60,0.5452927215189873,0
1999-12-14,60,0.585245253164557,0
1999-12-15,60,0.614121835443038,0
1999-12-16,60,0.5178006329113924,0
1999-12-17,60,0.5128560126582278,0
1999-12-20,60,0.45708069620253167,0
1999-12-21,60,0.45628955696202533,0
1999-12-22,60,0.45272943037974683,0
1999-12-23,60,0.45035601265822783,0
1999-12-27,60,0.43552215189873417,0
1999-12-28,60,0.4416534810126582,0
1999-12-29,60,0.44106012658227844,0
1999-12-30,60,0.44066455696202533,0
1999-12-31,60,0.4375,0
